도본부,시군,소,돼지,닭,오리,염소,사슴,기타
경기,수원,98,6,173,34,79,18,195
경기,성남,0,0,35,2,15,0,42
경기,안양,6,0,6,0,6,0,10
경기,과천,7,15,26,29,7,21,53
경기,오산,78,2,127,6,15,21,56
경기,군포,76,0,140,14,64,23,108
경기,의왕,31,0,242,16,34,39,128
경기,화성,12699,3306,6254,420,1916,245,2368
경기,하남,18,0,33,1,19,11,78
경기,이천,7239,3629,2913,141,640,110,689
경기,양평,2901,688,1980,84,299,141,875
경기,광주,865,3,678,27,233,105,400
경기,여주,3625,2018,2867,146,569,62,881
경기,부천,13,0,79,21,23,0,73
경기,광명,182,47,566,60,260,53,314
경기,안산,383,4,392,52,254,28,251
경기,시흥,1123,86,1342,104,606,56,521
경기,김포,5021,279,3134,284,1246,267,1318
경기,서울,5,0,64,2,5,12,44
경기,평택,5531,1878,3962,337,922,95,1390
경기,용인,1849,2674,2570,156,584,83,906
경기,안성,14997,3586,6275,564,1813,230,1642
경기,구리,25,0,63,2,19,0,17
경기,남양주,1324,13,732,47,330,94,378
경기,가평,1732,103,1265,38,313,83,803
경기,포천,6249,4517,6746,158,1214,200,1602
경기,강화,10687,698,4462,373,2188,221,1632
경기,인천,490,61,1167,235,632,120,872
경기,의정부,39,0,66,5,67,13,39
경기,동두천,156,136,231,0,46,6,84
경기,고양,2543,400,1454,216,542,174,1297
경기,파주,5603,1366,2715,210,924,219,1563
경기,연천,3176,2550,3784,92,674,70,687
경기,양주,2170,933,1376,38,424,73,277
강원,영월,1831,255,2681,166,954,92,1097
강원,평창,2093,285,2239,194,689,70,1086
강원,정선,2100,0,2215,124,748,18,899
강원,강릉,1467,691,1908,190,738,110,783
강원,동해,265,0,482,45,141,6,185
강원,태백,309,35,341,41,128,28,159
강원,삼척,2461,106,2051,112,641,55,563
강원,춘천,3191,375,3461,328,625,51,1043
강원,철원,4204,3198,4405,128,377,66,456
강원,화천,2634,580,2493,89,359,230,449
강원,양구,2352,15,2098,90,311,42,597
강원,원주,3190,1132,4742,226,766,58,1207
강원,홍천,6503,548,4571,213,775,96,1253
강원,횡성,14681,678,7322,150,739,75,1371
강원,속초,44,0,230,7,39,31,120
강원,인제,2328,145,1881,24,298,48,454
강원,고성,3281,137,2178,106,409,52,520
강원,양양,1417,325,1650,90,322,21,759
충북,청주,12945,1007,7258,574,2533,308,1969
충북,진천,2456,1013,5523,863,1249,238,1590
충북,괴산,2671,842,3821,191,1564,112,884
충북,증평,1739,160,1108,55,407,36,352
충북,제천,3081,322,3759,246,1253,110,1385
충북,단양,751,99,2089,109,894,27,609
충북,보은,4499,371,2807,121,1049,52,810
충북,옥천,3889,113,2461,89,1178,47,828
충북,영동,1387,175,1848,152,770,65,595
충북,충주,4046,622,7127,449,2465,208,2379
충북,음성,4418,588,6671,1313,1157,161,1657
충남,천안,7013,1977,12627,1213,1919,176,2907
충남,아산,8119,1411,14838,657,2459,567,4040
충남,공주,10362,1075,8328,379,2180,410,1943
충남,금산,1706,222,1649,106,582,38,456
충남,계룡,57,1,123,12,48,0,83
충남,보령,8308,2907,8819,645,3587,282,2076
충남,청양,5200,722,4485,285,1401,160,1105
충남,홍성,17843,7844,17954,1412,6229,599,4838
충남,논산,7475,1931,6889,412,1806,203,1310
충남,부여,6079,634,6387,198,2354,106,1021
충남,서천,3262,263,3226,127,1650,145,704
충남,서산,5765,595,7008,589,3086,193,2160
충남,예산,12921,1745,7853,311,2472,204,2075
충남,태안,1776,163,2011,161,1099,52,576
충남,당진,8868,2951,11646,549,4067,186,2498
충남,세종,7502,1044,5716,84,863,64,1126
충남,대전,1046,52,974,84,461,34,548
전북,전주,110,65,305,28,70,26,182
전북,김제,12896,4489,8633,736,1718,173,1377
전북,완주,5190,1433,3518,256,902,114,1127
전북,진안,2181,1219,3825,291,1062,51,925
전북,무주,1476,264,1129,70,454,18,292
전북,장수,5659,617,3153,530,1410,58,1106
전북,정읍,23584,6355,11214,2050,2400,250,2294
전북,고창,5173,1469,3977,908,606,38,458
전북,부안,4768,878,5344,1210,831,145,976
전북,남원,6461,2413,8004,1110,1549,32,1326
전북,임실,4349,1854,3593,227,1212,12,1623
전북,순창,4213,766,3758,281,1071,41,608
전북,군산,1569,847,2398,209,915,74,1109
전북,익산,5269,3299,8300,496,1378,119,2165
전남,담양,4165,350,5055,936,1589,71,1761
전남,곡성,4040,441,6116,942,1533,69,1441
전남,화순,4139,684,2905,152,1209,64,813
전남,장성,3661,600,2907,460,806,125,911
전남,광주,1133,217,1230,212,327,46,429
전남,여수,2261,375,2277,65,1208,56,418
전남,순천,4610,615,3954,493,1530,83,1096
전남,광양,989,94,1212,22,417,33,374
전남,구례,2120,313,2816,1040,1119,29,597
전남,고흥,7966,516,3732,545,1605,133,615
전남,보성,5746,396,3228,725,1382,92,448
전남,목포,34,54,59,4,19,0,16
전남,무안,8528,2816,4257,1320,1251,84,1080
전남,함평,8501,1992,5440,1138,1215,115,1244
전남,영광,4979,786,3748,323,874,127,733
전남,신안,2020,323,1315,45,546,28,262
전남,장흥,10448,290,1973,1662,722,60,150
전남,강진,6618,325,2696,1002,841,32,346
전남,해남,8864,947,1750,403,660,56,206
전남,완도,2197,152,1221,38,1114,18,267
전남,진도,567,449,708,320,260,6,153
전남,나주,10475,2618,7804,2618,1350,199,1553
전남,영암,8885,817,5093,1782,1022,50,709
경북,영천,10169,1252,3828,120,908,50,798
경북,경산,5203,447,2134,108,876,56,725
경북,청도,3643,403,1756,88,736,29,534
경북,고령,2721,716,2009,111,464,36,520
경북,대구,5003,870,4776,224,916,118,1476
경북,포항,4581,236,2602,134,878,81,913
경북,경주,25757,991,8164,449,1922,328,2242
경북,영덕,1345,141,1269,95,432,43,383
경북,울진,2244,48,2070,115,487,26,674
경북,김천,5644,778,3757,57,976,73,559
경북,상주,19787,753,7062,173,2103,148,1074
경북,문경,4643,370,2621,75,1006,104,435
경북,예천,14693,467,5136,426,1612,72,982
경북,구미,17243,361,7712,177,2069,58,1850
경북,성주,4085,716,12135,759,2829,23,4273
경북,칠곡,2036,302,3938,94,726,91,1055
경북,안동,10775,942,4762,255,1711,132,1371
경북,영주,17309,636,11137,430,2096,181,2078
경북,의성,8549,799,4762,150,1316,61,713
경북,청송,885,106,645,21,282,6,213
경북,영양,697,4,567,30,286,18,159
경북,봉화,4691,421,5115,226,1315,82,766
경남,김해,4705,1566,5768,682,1599,103,2679
경남,함안,2808,557,2528,239,638,45,866
경남,창원,2883,644,7154,1015,1537,118,3902
경남,양산,762,539,1881,145,479,121,721
경남,부산,589,173,1985,343,713,57,1101
경남,울산,9343,310,6175,664,1850,187,2704
경남,진주,3469,662,4335,377,2083,158,1802
경남,사천,3156,243,3186,257,2355,65,1233
경남,하동,3301,314,2836,250,1834,87,1065
경남,산청,3342,511,3782,363,1851,124,1181
경남,통영,491,7,900,133,727,18,328
경남,거제,849,39,1872,212,860,67,941
경남,고성,4372,647,3271,174,1791,51,998
경남,남해,3384,86,2266,110,2108,33,587
경남,의령,4081,369,4447,425,1297,42,1463
경남,함양,3042,572,2737,430,1151,71,834
경남,거창,7838,415,10447,2221,3042,18,3131
경남,합천,10427,2208,11485,766,2817,86,2890
경남,밀양,4669,747,2817,241,1017,36,1195
경남,창녕,4758,749,5863,405,1247,54,1755
제주,제주,4825,2882,2776,207,327,152,1920
제주,서귀포,2667,1170,870,101,361,33,819
