번호,종류, 사육두수 ,소재지(도로명),위도,경도,데이터기준일
1,한우,17,강원도 인제군 기린면 방동리 1069-7,37.953522,128.337663,2022-10-24
2,한우,4,강원도 인제군 기린면 방동리 1069-7,37.953522,128.337663,2022-10-24
3,한우,54,강원도 인제군 기린면 둔덕동길 12-26,37.955682,128.366477,2022-10-24
4,한우,22,강원도 인제군 기린면 아래둔덕길 15-30,37.956121,128.365466,2022-10-24
5,한우,6,강원도 인제군 기린면 아래둔덕길 15-30,37.956121,128.365466,2022-10-24
6,한우,4,강원도 인제군 기린면 방태산길 13,37.948184,128.383909,2022-10-24
7,한우,2,강원도 인제군 기린면 방동리 244-13,37.941325,128.383553,2022-10-24
8,한우,7,강원도 인제군 기린면 오류동길 25,37.951399,128.350367,2022-10-24
9,한우,11,강원도 인제군 기린면 오류동길 25-20,37.950851,128.352195,2022-10-24
10,한우,5,강원도 인제군 기린면 오류동길 25-20,37.950851,128.352195,2022-10-24
11,한우,16,강원도 인제군 기린면 북리 1023,37.992059,128.337503,2022-10-24
12,한우,3,강원도 인제군 기린면 한석산로 2828-13,37.994747,128.341918,2022-10-24
13,한우,30,강원도 인제군 기린면 북리 105,38.014767,128.348728,2022-10-24
14,한우,17,강원도 인제군 기린면 한석산로 2434,38.013394,128.350564,2022-10-24
15,한우,12,강원도 인제군 기린면 한석산로 2944-24,37.987708,128.336611,2022-10-24
16,한우,7,강원도 인제군 기린면 한석산로 3022,37.980081,128.335141,2022-10-24
17,한우,31,강원도 인제군 기린면 상하답로 621-37,38.013697,128.342241,2022-10-24
18,한우,4,강원도 인제군 기린면 한석산로 2386-28,38.017382,128.352101,2022-10-24
19,한우,2,강원도 인제군 기린면 상하답로 159,38.007812,128.293009,2022-10-24
20,한우,3,강원도 인제군 기린면 상하답로 125,38.007869,128.289071,2022-10-24
21,한우,41,강원도 인제군 기린면 서리 1248-2,37.962172,128.275066,2022-10-24
22,한우,32,강원도 인제군 기린면 대내로 252-20,37.963489,128.297927,2022-10-24
23,한우,4,강원도 인제군 기린면 대내로 194,37.964299,128.304214,2022-10-24
24,한우,5,강원도 인제군 기린면 대내로 284,37.962467,128.295861,2022-10-24
25,한우,42,강원도 인제군 기린면 어은골길 30,37.959005,128.295996,2022-10-24
26,한우,3,강원도 인제군 기린면 어은골길 30,37.959005,128.295996,2022-10-24
27,한우,6,강원도 인제군 기린면 서리 79,37.960786,128.302089,2022-10-24
28,한우,14,강원도 인제군 기린면 진동리 714-9,37.963261,128.398711,2022-10-24
29,한우,5,강원도 인제군 기린면 진동리 산51-2,37.979088,128.452887,2022-10-24
30,한우,2,강원도 인제군 기린면 서호길 162,37.935308,128.307745,2022-10-24
31,한우,7,강원도 인제군 기린면 서호길 74,37.940089,128.308839,2022-10-24
32,한우,18,강원도 인제군 기린면  내린천로 3610,37.938528,128.301264,2022-10-24
33,한우,9,강원도 인제군 기린면 현리 1072-2,37.938507,128.300994,2022-10-24
34,한우,77,강원도 인제군 기린면 내린천로 3550,37.937941,128.297551,2022-10-24
35,한우,9,강원도 인제군 기린면 조침령로 130-7,37.944742,128.330519,2022-10-24
36,한우,6,강원도 인제군 기린면 서호길 137,37.934551,128.309935,2022-10-24
37,한우,45,강원도 인제군 기린면 서호길 137,37.934551,128.309935,2022-10-24
38,한우,12,강원도 인제군 남면 관대길 53,38.014959,128.106439,2022-10-24
39,한우,8,강원도 인제군 남면 설악로 1545,38.033973,128.133463,2022-10-24
40,한우,2,강원도 인제군 남면 남전리 526-13,38.037453,128.134918,2022-10-24
41,한우,11,강원도 인제군 남면 자작나무숲길 599,38.011483,128.177373,2022-10-24
42,한우,20,강원도 인제군 남면 자작나무숲길 611,38.011772,128.178724,2022-10-24
43,한우,2,강원도 인제군 남면 시댁골길 69,37.986441,128.093899,2022-10-24
44,한우,2,강원도 인제군 남면 부평정자로 293,37.978552,128.119231,2022-10-24
45,한우,8,강원도 인제군 남면 소치길 145,37.961844,128.150844,2022-10-24
46,한우,3,강원도 인제군  남면 소치길 89,37.958176,128.149993,2022-10-24
47,한우,23,강원도 인제군 남면 소치리 345,37.958204,128.144074,2022-10-24
48,한우,1,강원도 인제군 남면 부평정자로 837,37.958487,128.139843,2022-10-24
49,한우,16,강원도 인제군 남면 무학길 124,37.967208,128.012758,2022-10-24
50,한우,190,강원도 인제군 남면 신남로30번길 6-17,37.964171,128.078756,2022-10-24
51,한우,4,강원도 인제군 남면 신남리 84-1,37.980037,128.084107,2022-10-24
52,한우,16,강원도 인제군 남면 신남리 84-1,37.980037,128.084107,2022-10-24
53,한우,4,강원도 인제군 남면 신월리 118-1,38.021951,128.083181,2022-10-24
54,한우,43,강원도 인제군 남면 신월로 490,38.025505,128.081998,2022-10-24
55,한우,40,강원도 인제군 남면 신월리 188,38.027372,128.079486,2022-10-24
56,한우,29,강원도 인제군 남면 신월로 411,38.029233,128.074485,2022-10-24
57,한우,55,강원도 인제군 남면 신월로 391,38.029684,128.072475,2022-10-24
58,한우,94,강원도 인제군 남면 신월리 283,38.035809,128.071534,2022-10-24
59,한우,265,강원도 인제군 남면 신월로 310-11,38.032961,128.070746,2022-10-24
60,한우,48,강원도 인제군 남면 신월안길 18,38.030084,128.069901,2022-10-24
61,한우,32,강원도 인제군 남면 신월안길 18,38.030084,128.069901,2022-10-24
62,한우,47,강원도 인제군 남면 신월안길 102,38.026268,128.064635,2022-10-24
63,한우,124,강원도 인제군 남면 신월안길 70-11,38.027405,128.066645,2022-10-24
64,한우,12,강원도 인제군 남면 설악로 429-72,37.953345,128.068241,2022-10-24
65,한우,120,강원도 인제군 남면 설악로 429-72,37.953345,128.068241,2022-10-24
66,한우,11,강원도 인제군 남면 설악로 348-32,37.945624,128.067231,2022-10-24
67,한우,50,강원도 인제군 남면 설악로 348-22,37.946078,128.067226,2022-10-24
68,한우,2,강원도 인제군 남면 설악로 348-17,37.946707,128.068009,2022-10-24
69,한우,16,강원도 인제군 남면 설악로 348-17,37.946707,128.068009,2022-10-24
70,한우,94,강원도 인제군 남면  신풍리 821-5,37.945686,128.069296,2022-10-24
71,한우,7,강원도 인제군 남면 어론리 517-2,37.924063,128.058054,2022-10-24
72,한우,3,강원도 인제군 남면 응봉길 31,37.925491,128.062151,2022-10-24
73,한우,179,강원도 인제군 남면 어론길 31-49,37.934082,128.054864,2022-10-24
74,한우,26,강원도 인제군 남면 응봉길 134-20,37.935363,128.063698,2022-10-24
75,한우,49,강원도 인제군 남면 설악로 232,37.936026,128.063111,2022-10-24
76,한우,110,강원도 인제군 남면 어론길 31-21,37.935039,128.056704,2022-10-24
77,한우,72,강원도 인제군 남면 어론길 31-40,37.936974,128.054934,2022-10-24
78,한우,33,강원도 인제군 남면 어론길 10-33,37.939658,128.062463,2022-10-24
79,한우,253,강원도 인제군 남면 김부대왕로 230,37.936619,128.085465,2022-10-24
80,한우,40,강원도 인제군 남면 부평정자로 1403,37.953546,128.178766,2022-10-24
81,한우,169,강원도 인제군 남면 부평정자로 1736-29,37.945813,128.213665,2022-10-24
82,한우,2,강원도 인제군 북면 아랫남교길 57-14,38.185235,128.293692,2022-10-24
83,한우,92,강원도 인제군 북면 아랫남교길 34-17,38.186353,128.296776,2022-10-24
84,한우,42,강원도 인제군 북면 아랫남교길 34-17,38.186353,128.296776,2022-10-24
85,한우,97,강원도 인제군 북면 미시령로 640,38.183361,128.289838,2022-10-24
86,한우,7,강원도 인제군 북면  용대리 1489,38.183361,128.289838,2022-10-24
87,한우,24,강원도 인제군 북면 미시령로 554-19,38.178863,128.282916,2022-10-24
88,한우,9,강원도 인제군 북면 미시령로 554-23,38.178938,128.283281,2022-10-24
89,한우,9,강원도 인제군 북면 용대리 1582-3,38.175493,128.274998,2022-10-24
90,한우,28,강원도 인제군 북면 어두원길 701-34,38.173246,128.266999,2022-10-24
91,한우,48,강원도 인제군 북면 늪둔지길 170,38.105785,128.205413,2022-10-24
92,한우,73,강원도 인제군 북면 원통로177번길 166-20,38.127538,128.189399,2022-10-24
93,한우,10,강원도 인제군 북면 원통로177번길 145,38.124038,128.192445,2022-10-24
94,한우,5,강원도 인제군 북면 원통리 1895,38.123622,128.193065,2022-10-24
95,한우,9,강원도 인제군 북면 원통리 1895,38.123622,128.193065,2022-10-24
96,한우,39,강원도 인제군 북면 원통로117번길 93-31,38.123827,128.194289,2022-10-24
97,한우,119,강원도 인제군 북면 원통리 1937-1,38.115791,128.185771,2022-10-24
98,한우,44,강원도 인제군 북면  1939번지,38.115435,128.185799,2022-10-24
99,한우,64,강원도 인제군 북면 원통로177번길 290,38.114567,128.186521,2022-10-24
100,한우,50,강원도 인제군 북면 원통리 1948,38.115619,128.187621,2022-10-24
101,한우,6,강원도 인제군 북면 원통리 1948,38.115619,128.187621,2022-10-24
102,한우,37,강원도 인제군 북면 갈골로 334-52,38.135235,128.236926,2022-10-24
103,한우,32,강원도 인제군 북면 갈골로 312,38.133009,128.234921,2022-10-24
104,한우,4,강원도 인제군 북면 갈골로 305-3,38.132954,128.233689,2022-10-24
105,한우,25,강원도 인제군 북면 갈골로 56,38.119724,128.213624,2022-10-24
106,한우,2,강원도 인제군 북면 원통로174번길 26-14,38.120154,128.204959,2022-10-24
107,한우,38,강원도 인제군 북면 어두원길 257-12,38.156834,128.239853,2022-10-24
108,한우,20,강원도 인제군 북면  냇강마을 안길 57,38.147468,128.203606,2022-10-24
109,한우,2,강원도 인제군 북면 풍전동길 85-69,38.164849,128.193178,2022-10-24
110,한우,2,강원도 인제군 북면 풍전동길 85-29,38.167773,128.195342,2022-10-24
111,한우,78,강원도 인제군 북면 풍전동길 85-51,38.166479,128.194077,2022-10-24
112,한우,15,강원도 인제군 북면 냇강마을안길 288,38.134086,128.190333,2022-10-24
113,한우,23,강원도 인제군 북면 냇강효자길 110,38.146413,128.186004,2022-10-24
114,한우,32,강원도 인제군 북면 냇강효자길 110,38.146413,128.186004,2022-10-24
115,한우,25,강원도 인제군 북면  냇강마을 안길,38.147108,128.190316,2022-10-24
116,한우,40,강원도 인제군 북면 구미동길 43-49,38.159936,128.200137,2022-10-24
117,한우,63,강원도 인제군 북면 금강로 869-22,38.180782,128.202779,2022-10-24
118,한우,57,강원도 인제군 북면 월학리 2492,38.180628,128.202434,2022-10-24
119,한우,9,강원도 인제군 북면 사현동길 11,38.158435,128.208995,2022-10-24
120,한우,108,강원도 인제군 북면 대터길 46,38.155148,128.212802,2022-10-24
121,한우,70,강원도 인제군 북면 대터길 22,38.156777,128.214284,2022-10-24
122,한우,8,강원도 인제군 북면 사현동길 42-3,38.156519,128.205957,2022-10-24
123,한우,2,강원도 인제군 북면 사현동길 42-5,38.156643,128.205828,2022-10-24
124,한우,18,강원도 인제군 북면 풍전동길 35-21,38.169553,128.203929,2022-10-24
125,한우,37,강원도 인제군 북면 월학리 845,38.173984,128.204162,2022-10-24
126,한우,43,강원도 인제군 북면 백마촌길 42-13,38.178289,128.199457,2022-10-24
127,한우,5,강원도 인제군 북면 미시령로 5,38.139659,128.253905,2022-10-24
128,한우,12,강원도 인제군 북면 설악로 3637,38.130935,128.284584,2022-10-24
129,한우,11,강원도 인제군 북면 설악로 3578-63,38.133038,128.271082,2022-10-24
130,한우,18,강원도 인제군 북면  설악로,38.132087,128.274912,2022-10-24
131,한우,18,강원도 인제군 북면 설악로 3360,38.137722,128.255939,2022-10-24
132,한우,24,강원도 인제군 상남면 내린천로 1772-9,37.873796,128.312274,2022-10-24
133,한우,15,강원도 인제군 상남면 내린천로 2472,37.871308,128.269385,2022-10-24
134,한우,8,강원도 인제군 상남면 내린천로 2472,37.871308,128.269385,2022-10-24
135,한우,19,강원도 인제군 상남면 상남리 1402,37.858912,128.213244,2022-10-24
136,한우,2,강원도 인제군 상남면 상남리 1474,37.846766,128.241964,2022-10-24
137,한우,22,강원도 인제군 상남면  자포대길 20-16,37.846993,128.241656,2022-10-24
138,한우,3,강원도 인제군 상남면 아홉사리로 2853,37.844739,128.243265,2022-10-24
139,한우,20,강원도 인제군 상남면  상남리 1581-1,37.833072,128.233403,2022-10-24
140,한우,23,강원도 인제군 상남면 아홉사리로 3041,37.858643,128.250617,2022-10-24
141,한우,19,강원도 인제군 상남면 아홉사리로 2993,37.854706,128.247171,2022-10-24
142,한우,90,강원도 인제군 상남면 아홉사리로 3005,37.856262,128.247862,2022-10-24
143,한우,10,강원도 인제군 상남면 상남리 477,37.855405,128.247506,2022-10-24
144,한우,40,강원도 인제군 상남면 상남리 479,37.855191,128.249906,2022-10-24
145,한우,44,강원도 인제군 상남면 아홉사리로 3029,37.858281,128.249481,2022-10-24
146,한우,13,강원도 인제군 상남면 엄달골길 49,37.864983,128.252071,2022-10-24
147,한우,22,강원도 인제군 상남면 상남리 상남리 1241-1,37.868815,128.206514,2022-10-24
148,한우,8,강원도 인제군 상남면 내린천로 3199,37.911204,128.286302,2022-10-24
149,한우,6,강원도 인제군 상남면 내린천로 3199,37.911204,128.286302,2022-10-24
150,한우,10,강원도 인제군 상남면 하남리 502-5,37.906486,128.297954,2022-10-24
151,한우,19,강원도 인제군 상남면 가산동길 49,37.908619,128.291561,2022-10-24
152,한우,17,강원도 인제군 상남면 하남리 592-1,37.897605,128.281364,2022-10-24
153,한우,101,강원도 인제군 상남면  하남리 600,37.897066,128.279081,2022-10-24
154,한우,64,강원도 인제군 상남면 미덕길 132,37.897704,128.279268,2022-10-24
155,한우,4,강원도 인제군 상남면 미덕길 183,37.894015,128.279267,2022-10-24
156,한우,8,강원도 인제군 상남면 하남리 875,37.898424,128.271868,2022-10-24
157,한우,4,강원도 인제군 상남면 미덕길 210-13,37.891951,128.279339,2022-10-24
158,한우,49,강원도 인제군 서화면 서화길 45,38.253152,128.205816,2022-10-24
159,한우,147,강원도 인제군 서화면 서화길 45,38.253152,128.205816,2022-10-24
160,한우,25,강원도 인제군 서화면 서화리 1105-1,38.255641,128.208547,2022-10-24
161,한우,50,강원도 인제군 서화면 금강로 1858-34,38.260919,128.215244,2022-10-24
162,한우,35,강원도 인제군 서화면 금강로 1858-15,38.261275,128.213005,2022-10-24
163,한우,162,강원도 인제군 서화면 금강로 1858-16,38.260133,128.21306,2022-10-24
164,한우,146,강원도 인제군 서화면 금강로 1719-21,38.247846,128.206625,2022-10-24
165,한우,29,강원도 인제군 서화면 금수동길 5,38.246962,128.209814,2022-10-24
166,한우,46,강원도 인제군 서화면 서흥리 471-1,38.181334,128.211228,2022-10-24
167,한우,9,강원도 인제군 서화면 서흥리 697-1,38.193219,128.201317,2022-10-24
168,한우,7,강원도 인제군 서화면 용늪길 3-2,38.197505,128.206399,2022-10-24
169,한우,6,강원도 인제군 서화면 서흥리 892-1,38.203449,128.210903,2022-10-24
170,한우,2,강원도 인제군 서화면 금강로 1222,38.208256,128.204298,2022-10-24
171,한우,84,강원도 인제군 서화면  심적리 824,38.241396,128.199197,2022-10-24
172,한우,3,강원도 인제군 서화면 천도리 1020,38.219931,128.200254,2022-10-24
173,한우,16,강원도 인제군 서화면 천도양지길 89,38.221906,128.197455,2022-10-24
174,한우,17,강원도 인제군 서화면 천도양지길 22,38.221116,128.203368,2022-10-24
175,한우,29,강원도 인제군 서화면 천도리 759-3,38.218866,128.198261,2022-10-24
176,한우,15,강원도 인제군 서화면 천도양지길 79,38.220234,128.198849,2022-10-24
177,한우,79,강원도 인제군 서화면 천도양지길 71-3,38.219188,128.199369,2022-10-24
178,한우,42,강원도 인제군 서화면 천도양지길 49-26,38.217366,128.199658,2022-10-24
179,한우,2,강원도 인제군 서화면 금강로 1485-169,38.233109,128.197376,2022-10-24
180,한우,122,강원도 인제군 서화면 금강로 1485-169,38.233109,128.197376,2022-10-24
181,한우,17,강원도 인제군 서화면 천도리 998-1,38.229365,128.198319,2022-10-24
182,한우,30,강원도 인제군 인제읍 하우고개길 36,38.061824,128.320548,2022-10-24
183,한우,38,강원도 인제군 인제읍 광치령로 393,38.121788,128.175285,2022-10-24
184,한우,8,강원도 인제군 인제읍 광치령로 393,38.121788,128.175285,2022-10-24
185,한우,29,강원도 인제군 인제읍 광치령로 104-3,38.108666,128.189253,2022-10-24
186,한우,15,강원도 인제군 인제읍 점봉산로 307,38.024324,128.385642,2022-10-24
187,한우,5,강원도 인제군 인제읍 점봉산로 317,38.024624,128.386604,2022-10-24
188,한우,16,강원도 인제군 인제읍 점봉산로 393-13,38.027473,128.395552,2022-10-24
189,한우,16,강원도 인제군 인제읍  점봉산로,38.027913,128.389143,2022-10-24
190,한우,95,강원도 인제군 인제읍  점봉산로,38.027913,128.389143,2022-10-24
191,한우,43,강원도 인제군 인제읍 점봉산로 130,38.016197,128.369188,2022-10-24
192,한우,23,강원도 인제군 인제읍 점봉산로 130,38.016197,128.369188,2022-10-24
193,한우,27,강원도 인제군 인제읍 점봉산로 162,38.017441,128.372616,2022-10-24
194,한우,12,강원도 인제군 인제읍 한석산로 2151-34,38.035027,128.352639,2022-10-24
195,한우,40,강원도 인제군 인제읍  귀둔리 954-12,38.033728,128.346974,2022-10-24
196,한우,4,강원도 인제군 인제읍  한석산로,38.033728,128.346974,2022-10-24
197,한우,3,강원도 인제군 인제읍 한석산로 2095,38.034582,128.346295,2022-10-24
198,한우,3,강원도 인제군 인제읍 살구미길 135,38.050738,128.175145,2022-10-24
199,한우,10,강원도 인제군 인제읍 덕산로 150,38.089756,128.183509,2022-10-24
200,한우,2,강원도 인제군 인제읍 덕산로 165,38.090906,128.182468,2022-10-24
201,한우,3,강원도 인제군 인제읍 덕산로 161,38.090615,128.182725,2022-10-24
202,한우,119,강원도 인제군 인제읍 덕산로20번길 137,38.087575,128.195157,2022-10-24
203,한우,64,강원도 인제군 인제읍  덕산리 1333,38.086294,128.196653,2022-10-24
204,한우,18,강원도 인제군 인제읍 덕산로20번길 67-6,38.084149,128.192321,2022-10-24
205,한우,60,강원도 인제군 인제읍 덕산로20번길 67-4,38.084034,128.192547,2022-10-24
206,한우,15,강원도 인제군 인제읍 한석산로 221,38.089288,128.203059,2022-10-24
207,한우,14,강원도 인제군 인제읍 덕산리 263-1,38.082905,128.210462,2022-10-24
208,한우,6,강원도 인제군 인제읍 덕산리 265-1,38.082557,128.206639,2022-10-24
209,한우,12,강원도 인제군 인제읍 한석산로 146,38.088704,128.194475,2022-10-24
210,한우,38,강원도 인제군 인제읍 덕산리 474-2,38.088226,128.193635,2022-10-24
211,한우,2,강원도 인제군 인제읍 덕산리 627-1,38.081481,128.192009,2022-10-24
212,한우,2,강원도 인제군 인제읍 덕산로10번길 42,38.078476,128.192531,2022-10-24
213,한우,5,강원도 인제군 인제읍 덕산로10번길 27,38.078785,128.190917,2022-10-24
214,한우,4,강원도 인제군 인제읍 덕산로 44-37,38.083035,128.188618,2022-10-24
215,한우,12,강원도 인제군 인제읍 덕산로 68-24,38.083112,128.188446,2022-10-24
216,한우,9,강원도 인제군 인제읍 덕산로20번길 32,38.080769,128.189861,2022-10-24
217,한우,56,강원도 인제군 인제읍  한석산로 98,38.086056,128.189969,2022-10-24
218,한우,28,강원도 인제군 인제읍 덕산로192번길 80-5,38.097116,128.186666,2022-10-24
219,한우,16,강원도 인제군 인제읍 덕산로192번길 80-5,38.097116,128.186666,2022-10-24
220,한우,72,강원도 인제군 인제읍 덕산로192번길 80-3,38.097433,128.186962,2022-10-24
221,한우,14,강원도 인제군 인제읍 덕산로192번길 80-3,38.097433,128.186962,2022-10-24
222,한우,21,강원도 인제군 인제읍 한석산로 829-32,38.074365,128.259781,2022-10-24
223,한우,25,강원도 인제군 인제읍 한석산로 888-12,38.071434,128.260842,2022-10-24
224,한우,3,강원도 인제군 인제읍 자작나무숲길 1167,38.004741,128.236387,2022-10-24
225,한우,2,강원도 인제군 인제읍 회동길 18-15,38.000305,128.234172,2022-10-24
226,한우,3,강원도 인제군 인제읍 회동길 43,37.999647,128.236768,2022-10-24
227,한우,1,강원도 인제군 인제읍 자작나무숲길 1097,38.002309,128.230364,2022-10-24
228,한우,2,강원도 인제군 인제읍 자작나무숲길 1083,38.002382,128.228606,2022-10-24
229,한우,10,강원도 인제군 인제읍 원대리 690-2,38.003833,128.219892,2022-10-24
230,한우,5,강원도 인제군 인제읍 자작나무숲길 1093,38.002059,128.229716,2022-10-24
231,한우,2,강원도 인제군 인제읍 내린천로 5488-19,38.010722,128.259408,2022-10-24
232,한우,101,강원도 인제군 인제읍 이평로 130,38.102018,128.186956,2022-10-24
233,한우,15,강원도 인제군 인제읍 이평로 130,38.102018,128.186956,2022-10-24
234,한우,6,강원도 인제군 인제읍 설악로 2377-1,38.087739,128.180696,2022-10-24
235,한우,50,강원도 인제군 인제읍 설악로 2377-1,38.087739,128.180696,2022-10-24
236,한우,15,강원도 인제군 인제읍 설악로 2353,38.085267,128.181568,2022-10-24
237,한우,4,강원도 인제군 인제읍 합강리 226-3,38.074534,128.189498,2022-10-24
238,한우,37,강원도 인제군 인제읍 광치령로 56-50,38.108502,128.201855,2022-10-24
239,한우,4,강원도 인제군 인제읍 광치령로 56-50,38.108502,128.201855,2022-10-24
