사업장명칭,주사육업종,소재지도로명주소,소재지지번주소,사육두수,데이터기준일자
대기농산 영농조합법인,종계/산란계,"경기도 가평군 설악면 유명로 1090-246, 외 유명로 1090-284","경기도 가평군 설악면 천안리 3번지 4호 외 3필지(140, 141-1,141-2) ",174000,2026-06-01
진주목장,한우,,"경기도 가평군 설악면 신천리 240번지 ,242-1,243,243-3,243-4,879-1 ",190,2026-06-01
그린농장,한우,경기도 가평군 설악면 뽕나뭇골길 6,경기도 가평군 설악면 천안리 555번지 1호  ,30,2026-06-01
조아농장,육계,경기도 가평군 설악면 양방가루재길 37-6,경기도 가평군 설악면 방일리 81번지 1호  ,30000,2026-06-01
두밀축산,한우,경기도 가평군 가평읍 태봉두밀로 557-113,"경기도 가평군 가평읍 두밀리 258번지 1호 외3필지(258,258-5,258-6) ",270,2026-06-01
경반농장,돼지,경기도 가평군 가평읍 석봉로191번길 193-22,"경기도 가평군 가평읍 경반리 64번지 번지 외(59, 61, 66, 산19-1) ",819,2026-06-01
자연농장,돼지,경기도 가평군 북면 막골길 18-12,"경기도 가평군 북면 제령리 340번지 외 2필지(341,341-1) ",954,2026-06-01
송죽농장,돼지,경기도 가평군 조종면 보름골길 209-138,"경기도 가평군 조종면 마일리 225번지 외 4필지(221,220,225-2,224) ",4500,2026-06-01
창진농장,육계,,경기도 가평군 북면 화악리 257번지 1호  ,60000,2026-06-01
상철농장,육계,경기도 가평군 북면 화악지암길 223-109,"경기도 가평군 북면 화악리 270번지 6호 ,270-3번지 ",52800,2026-06-01
산하농장,육계,경기도 가평군 북면 화악지암길 223-87,"경기도 가평군 북면 화악리 269번지 7호 외 2필지(258,258-1) ",120000,2026-06-01
웅추농장,육계,경기도 가평군 북면 화악지암길 223-85,경기도 가평군 북면 화악리  ,60000,2026-06-01
재원농장,한우,경기도 가평군 북면 화악지암길 268,경기도 가평군 북면 화악리 134번지 1호  ,32,2026-06-01
진성목장,한우,경기도 가평군 북면 멱골로272번길 37,경기도 가평군 북면 목동리 352번지  ,24,2026-06-01
부경목장,한우,경기도 가평군 북면 화악지암길 218,경기도 가평군 북면 화악리 275번지 7호  ,68,2026-06-01
새말농장,한우,경기도 가평군 북면 화악지암길 194-10,경기도 가평군 북면 화악리 283번지 3호 외 14필지 ,270,2026-06-01
청홍목장,한우,경기도 가평군 북면 화악지암길 224,"경기도 가평군 북면 화악리 107번지 외 4필지(107-1,107-4,107-5,109-7) ",90,2026-06-01
가골목장A,한우,경기도 가평군 북면 가화로 819,경기도 가평군 북면 이곡리 155번지 23호  ,60,2026-06-01
금호농장,한우,,경기도 가평군 북면 화악리 670번지 2호  ,33,2026-06-01
순산목장,한우,경기도 가평군 북면 가화로 898-61,경기도 가평군 북면 이곡리 17번지 11호  ,96,2026-06-01
소명목장,한우,경기도 가평군 북면 가화로 819,경기도 가평군 북면 이곡리 240번지 4호 외 1필지(240-8) ,40,2026-06-01
골든피그하우스,돼지,,경기도 가평군 가평읍 두밀리 258번지 14호  ,1700,2026-06-01
삼랑목장,한우,경기도 가평군 가평읍 능모루길 115,"경기도 가평군 가평읍 개곡리 781번지 12호 외2필지(781-20,781-17) ",24,2026-06-01
무백농장,육계,경기도 가평군 가평읍 석봉로3번길 160-58,경기도 가평군 가평읍 대곡리 594번지  ,35005,2026-06-01
양태봉농장,한우,경기도 가평군 가평읍 태봉안길 86-10,"경기도 가평군 가평읍 하색리 636번지 1호 ,636-5,637,876-2,667-1 ",135,2026-06-01
별바우목장,한우,경기도 가평군 청평면 상천고갯길 126-37,"경기도 가평군 청평면 상천리 115번지 10호 외 3필지(115-25,124,1608) ",50,2026-06-01
우리농원,육계,경기도 가평군 조종면 명지산로 224,경기도 가평군 조종면 상판리 361번지  ,100000,2026-06-01
삼원 농장,한우,경기도 가평군 조종면 세곡로 68,"경기도 가평군 조종면 신상리 651번지 3호 652-12, 666-2, 667-1, 현리 81-3 ",150,2026-06-01
명선목장,한우,경기도 가평군 상면 수목원로 84-76,"경기도 가평군 상면 행현리 38번지 3호 ,35-1번지 ",81,2026-06-01
성우농장,한우,경기도 가평군 설악면 한서로210번길 165-35,경기도 가평군 설악면 위곡리 398번지 2호  ,39,2026-06-01
창현농장,육계,경기도 가평군 설악면 한서로210번길 103,경기도 가평군 설악면 위곡리 461번지 2호 16통 1반  ,25000,2026-06-01
광신농장,육계,,경기도 가평군 설악면 위곡리 373번지 3호  ,19270,2026-06-01
위곡목장,한우,경기도 가평군 설악면 한서로375번길 19-27,"경기도 가평군 설악면 위곡리 176번지 3호 외 2필지(176-1, 176-2) ",80,2026-06-01
대옥농장 2,한우,경기도 가평군 설악면 한서로 213-50,경기도 가평군 설악면 위곡리 742번지  ,91,2026-06-01
농사꾼농장,한우,경기도 가평군 조종면 연인산로150번길 41,"경기도 가평군 조종면 신하리 283번지 ,282,285-1,285-2,285-3 ",92,2026-06-01
오성농장,육계,경기도 가평군 상면 아랫벌길 22-48,경기도 가평군 상면 태봉리 28번지 1호  ,28000,2026-06-01
혜진농장,육계,경기도 가평군 설악면 한서로156번길 23-22,경기도 가평군 설악면 창의리 156번지 1호  ,22300,2026-06-01
혁식농장,육계,경기도 가평군 설악면 한서로210번길 283-9,"경기도 가평군 설악면 위곡리 342번지 1호 343-1,339-6,341 ",50000,2026-06-01
오서농장,육계,경기도 가평군 설악면 양방가루재길 132,경기도 가평군 설악면 방일리 131번지 6호 외 4필지 ,48200,2026-06-01
오균목장,한우,경기도 가평군 설악면 양방가루재길 84,"경기도 가평군 설악면 방일리 46번지 ,46-2 ",31,2026-06-01
신양 농장,한우,경기도 가평군 조종면 보름골길 209-50,경기도 가평군 조종면 마일리 201번지 4호  ,72,2026-06-01
에덴농장 2,육계,경기도 가평군 설악면 유명로 1028-95,경기도 가평군 설악면 방일리 478번지  ,38000,2026-06-01
종은목장,한우,경기도 가평군 설악면 봉미산안길 80-119,경기도 가평군 설악면 설곡리 245번지 1호 19통 1반  ,23,2026-06-01
샘골 농장,육계,"경기도 가평군 설악면 평촌길 136, 샘골농장",경기도 가평군 설악면 방일리 605번지 2호 샘골농장 ,45000,2026-06-01
우전목장,한우,경기도 가평군 가평읍 용추로171번길 34-15,"경기도 가평군 가평읍 승안리 250번지 2호 외 2필지(205-3, 205-4) ",172,2026-06-01
양지농원,한우,경기도 가평군 가평읍 각담말길 89-16,"경기도 가평군 가평읍 마장리 270번지 6호 외2필지(270-3,270-1) ",81,2026-06-01
경반목장,한우,,경기도 가평군 가평읍 경반리 359번지 1호  ,66,2026-06-01
초이목장,젖소,경기도 가평군 가평읍 당목가일길 101-53,경기도 가평군 가평읍 마장리 18번지 1호  ,41,2026-06-01
말뚝목장,한우,경기도 가평군 가평읍 당목가일길 185,"경기도 가평군 가평읍 개곡리 780번지 6호 , 산7번지 ",5,2026-06-01
보납산 목장,젖소,경기도 가평군 가평읍 잎너비길 50-72,경기도 가평군 가평읍 읍내리 186번지 1호  ,66,2026-06-01
경반 목장,젖소,,경기도 가평군 가평읍 경반리 74번지 외 1필지 (70번지) ,66,2026-06-01
이곡 목장,젖소,경기도 가평군 북면 가화로 759,경기도 가평군 북면 이곡리 519번지 7호  ,29,2026-06-01
수흥목장,젖소,경기도 가평군 가평읍 달전천벚꽃길 241-217,"경기도 가평군 가평읍 하색리 161번지 2호 ,160,161-1, 161-7,162,929 ",190,2026-06-01
상수 목장,한우,경기도 가평군 가평읍 진동안길 37,경기도 가평군 가평읍 하색리 402번지 3호  ,11,2026-06-01
자호 목장,젖소,경기도 가평군 가평읍 달전천벚꽃길 173-62,경기도 가평군 가평읍 하색리 202번지  ,70,2026-06-01
창포 목장,젖소,경기도 가평군 가평읍 경춘로 2110-82,"경기도 가평군 가평읍 하색리 20번지 2호 외 3필지(20-1,20-2,20-13) ",50,2026-06-01
은성목장,젖소,경기도 가평군 가평읍 당목가일길 139-122,경기도 가평군 가평읍 개곡리 1113번지 2호  ,38,2026-06-01
상색목장,젖소,경기도 가평군 가평읍 경춘로 1719-77,경기도 가평군 가평읍 상색리 395번지 2호  ,43,2026-06-01
수진목장,한우,,경기도 가평군 청평면 상천리 411번지 1호 외 1필지(412-4) ,7,2026-06-01
서물목장,젖소,경기도 가평군 청평면 상천고갯길 126-81,"경기도 가평군 청평면 상천리 122번지 외 4필지(115-14,115-15,121-1,1609-5) ",80,2026-06-01
지완목장,젖소,"경기도 가평군 청평면 경춘로 1327-69, 지안목장","경기도 가평군 청평면 상천리 548번지 ,549,550-3,555-5 ",68,2026-06-01
성필목장,젖소,경기도 가평군 청평면 삼봉터길 33,경기도 가평군 청평면 상천리 425번지  ,45,2026-06-01
이레목장,한우,경기도 가평군 청평면 수리재길 299-43,경기도 가평군 청평면 상천리 1006번지  ,5,2026-06-01
천유목장,젖소,경기도 가평군 청평면 수리재길 337,경기도 가평군 청평면 상천리 741번지 2호  ,40,2026-06-01
영민목장,한우,경기도 가평군 설악면 장수로 139-19,"경기도 가평군 설악면 묵안리 662번지 1호 ,662-5,662-11,653 ",40,2026-06-01
선화목장,젖소,경기도 가평군 설악면 한서로156번길 148,경기도 가평군 설악면 창의리 344번지 2호  ,74,2026-06-01
나리목장,한우,경기도 가평군 설악면 유명로 991-31,경기도 가평군 설악면 방일리 496번지  ,87,2026-06-01
웰빙목장,젖소,경기도 가평군 설악면 신천중앙로28번길 101-171,"경기도 가평군 설악면 신천리 249번지 1호 ,249-2번지 ",70,2026-06-01
새덕영목장,젖소,경기도 가평군 조종면 명지산로 289,"경기도 가평군 조종면 상판리 435번지 4호 435-2,435-5,435-6 ",73,2026-06-01
창기목장,젖소,경기도 가평군 조종면 연인산로 68-11,경기도 가평군 조종면 신하리 463번지 13호  ,27,2026-06-01
백학목장,한우,,경기도 가평군 조종면 신상리 240번지 7호  ,26,2026-06-01
우신목장,한우,경기도 가평군 조종면 운악청계로368번길 45,경기도 가평군 조종면 신상리 3번지 2호 외 1필지(3-4) ,71,2026-06-01
연인산풍경,젖소,경기도 가평군 조종면 연인산로 523,경기도 가평군 조종면 마일리 355번지 2호 외1필지(355-3) ,40,2026-06-01
다름목장,젖소,"경기도 가평군 상면 청군로 910-67, 다름목장","경기도 가평군 상면 항사리 273번지 273-1, 272, 272-1 ",115,2026-06-01
항천목장,한우,,경기도 가평군 상면 항사리 423번지 3호  ,12,2026-06-01
이문목장,한우,,경기도 가평군 조종면 신하리 347번지 3호  ,17,2026-06-01
우유샘목장,한우,경기도 가평군 조종면 연인산로208번길 67-6,경기도 가평군 조종면 신하리 278번지 외1필지(244) ,46,2026-06-01
수동목장,젖소,"경기도 가평군 상면 연하길 64-20, 수동목장","경기도 가평군 상면 연하리 155번지 ,155-2,146-1 ",134,2026-06-01
돈우목장,젖소,,경기도 가평군 조종면 신하리 287번지  ,56,2026-06-01
신우주목장,한우,경기도 가평군 조종면 연인산로100번길 13,경기도 가평군 조종면 신하리 218번지 1호  ,35,2026-06-01
유덕목장,젖소,경기도 가평군 조종면 연인산로 118,"경기도 가평군 조종면 신하리 437번지 2호 ,437-1, 220 ",49,2026-06-01
신황보목장,젖소,경기도 가평군 하면 연인산로 140,경기도 가평군 하면 신하리 264번지 3호  ,50,2026-06-01
와가목장,젖소,,"경기도 가평군 상면 연하리 75번지 3호 외12필지(257,258,259-1~2,260,261,262,263-1~4,593-1) ",137,2026-06-01
학재목장,젖소,경기도 가평군 상면 비룡로 2268-12,경기도 가평군 상면 연하리 198번지 1호  ,173,2026-06-01
개누리목장,젖소,경기도 가평군 상면 청군로 794,"경기도 가평군 상면 임초리 495번지 2호 495-4, 504-1, 505 ",79,2026-06-01
신행복목장,한우,경기도 가평군 조종면 연인산로 68-62,"경기도 가평군 조종면 신하리 189번지 , 188-2번지 ",26,2026-06-01
영업목장,젖소,,"경기도 가평군 상면 봉수리 41번지 1호 외 2필지(39, 41-8) ",93,2026-06-01
술막목장,젖소,경기도 가평군 상면 장막동길 26-249,"경기도 가평군 상면 율길리 469번지 10호 외 2필지(469-13, 470-6) ",106,2026-06-01
장원목장,젖소,경기도 가평군 상면 청군로 2005-31,"경기도 가평군 상면 율길리 334번지 3호 외 3필지(335, 299, 335-3) ",120,2026-06-01
성우목장,한우,경기도 가평군 조종면 운악청계로 55-11,경기도 가평군 조종면 현리 150번지 1호  ,51,2026-06-01
대선목장,한우,경기도 가평군 조종면 대보간선로79번길 15-9,"경기도 가평군 조종면 대보리 394번지 1호 외 2필지(394-2, 394-3) ",24,2026-06-01
신시골목장,한우,"경기도 가평군 조종면 보름골길 42, 등 2필지(42-1)",경기도 가평군 조종면 대보리 296번지 등 2필지(295-1) ,31,2026-06-01
현승목장,젖소,"경기도 가평군 조종면 대보간선로 216, 현승목장","경기도 가평군 조종면 대보리 504번지 2호 ,504-1,504-6,504-7,504-12,504-13,504-15 ",90,2026-06-01
시원목장,젖소,경기도 가평군 상면 솔안길 93,경기도 가평군 상면 율길리 183번지 1호  ,16,2026-06-01
현적목장,한우,경기도 가평군 상면 원흥길 77-29,경기도 가평군 상면 태봉리 272번지 2호  ,60,2026-06-01
새금일목장,젖소,"경기도 가평군 상면 장막동길 26-339, 새금일목장","경기도 가평군 상면 율길리 469번지 1호 새금일목장, 469-6,8,11 ",94,2026-06-01
종우축산,한우,경기도 가평군 상면 원흥길 77-66,경기도 가평군 상면 원흥리 273번지 1호  ,20,2026-06-01
부마목장,젖소,경기도 가평군 조종면 연인산로208번길 76,"경기도 가평군 조종면 신하리 316번지 (316-3,306-3) ",35,2026-06-01
나래목장,젖소,경기도 가평군 상면 원흥길 60-5,경기도 가평군 상면 원흥리 474번지 1호  ,50,2026-06-01
순복목장,젖소,경기도 가평군 조종면 대보간선로 208,"경기도 가평군 조종면 대보리 498번지 1호 외 2필지(497, 499) ",135,2026-06-01
중기목장,한우,경기도 가평군 조종면 연인산로208번길 67-16,"경기도 가평군 조종면 신하리 117번지 ,116,142 ",78,2026-06-01
홀인원목장,젖소,"경기도 가평군 상면 물골길 42, 홀인원농장",경기도 가평군 상면 봉수리 7번지 5호 외 8필지 ,63,2026-06-01
영기농장,육계,경기도 가평군 가평읍 각담말길 151-32,경기도 가평군 가평읍 마장리 209번지 2호  ,130000,2026-06-01
설악농장,육계,경기도 가평군 설악면 유명로 1108-30,경기도 가평군 설악면 천안리 156번지 1호  ,42800,2026-06-01
삼수목장,한우,,"경기도 가평군 가평읍 읍내리 191번지 5호 ,191-1번지 ",20,2026-06-01
진흥목장,한우,,경기도 가평군 가평읍 대곡리 605번지  ,122,2026-06-01
미래목장,한우,경기도 가평군 가평읍 각담말길 50-93,경기도 가평군 가평읍 마장리 365번지 1호  ,93,2026-06-01
초옥농원,한우,경기도 가평군 청평면 상천고갯길 48,경기도 가평군 청평면 상천리 181번지 9호  ,10,2026-06-01
기상목장,한우,경기도 가평군 설악면 봉미산안길7번길 27,경기도 가평군 설악면 설곡리 686번지 1호  ,23,2026-06-01
위곡농장,한우,경기도 가평군 설악면 한서로 422-6,경기도 가평군 설악면 위곡리 57번지 2호 외 1(57-4) ,5,2026-06-01
준기목장,한우,경기도 가평군 설악면 양방가루재길 137-13,경기도 가평군 설악면 방일리 113번지  ,60,2026-06-01
부흥목장,한우,경기도 가평군 설악면 봉미산안길 71,경기도 가평군 설악면 설곡리 587번지 4호  ,47,2026-06-01
고누실 목장,한우,경기도 가평군 설악면 한서로 327-103,"경기도 가평군 설악면 위곡리 139번지 1호 외 5필지(139-4,139-5,139-6,139-7,139-9) ",60,2026-06-01
계훈농장,한우,경기도 가평군 북면 화악산로 541-28,경기도 가평군 북면 화악리 696번지  ,23,2026-06-01
행운목장,한우,경기도 가평군 상면 축령로45번길 56,경기도 가평군 상면 행현리 254번지 1호  ,46,2026-06-01
오르매기농장,한우,,경기도 가평군 설악면 묵안리 454번지 1호 외 1필지(454-5) ,43,2026-06-01
훈이네목장,한우,경기도 가평군 가평읍 각담말길 143,경기도 가평군 가평읍 마장리 203번지 외 1필지(203-3) ,127,2026-06-01
제국목장,한우,경기도 가평군 상면 축령로45번길 49,경기도 가평군 상면 행현리 255번지  ,55,2026-06-01
진달래목장,한우,경기도 가평군 조종면 대보간선로 34-16,경기도 가평군 조종면 대보리 432번지 5호 외1필지(432-13) ,72,2026-06-01
소령목장,한우,경기도 가평군 조종면 명지산로 184-7,경기도 가평군 조종면 상판리 320번지 1호  ,20,2026-06-01
신촌목장,한우,경기도 가평군 가평읍 아랫마장길 49-128,경기도 가평군 가평읍 승안리 116번지  ,45,2026-06-01
기훈목장,한우,경기도 가평군 가평읍 당목가일길 247,"경기도 가평군 가평읍 개곡리 690번지 5호 ,690-2,690-4,690-6,689-2 ",115,2026-06-01
가덕목장,한우,경기도 가평군 북면 화악지암길 72-36,경기도 가평군 북면 화악리 369번지 외 1필지(369-1) ,46,2026-06-01
청원목장,한우,경기도 가평군 북면 가화로 1144-42,경기도 가평군 북면 제령리 138번지  ,239,2026-06-01
현우목장,한우,경기도 가평군 상면 축령로 34-15,경기도 가평군 상면 행현리 49번지 3호  ,31,2026-06-01
석규목장,한우,경기도 가평군 상면 축령로45번길 93-31,경기도 가평군 상면 행현리 307번지 1호  ,21,2026-06-01
수진목장,한우,경기도 가평군 하면 세곡로 193-30,경기도 가평군 하면 신상리 718번지 1호  ,50,2026-06-01
병목목장,한우,경기도 가평군 설악면 묵안로 916-26,경기도 가평군 설악면 묵안리 379번지 3호 외 1필지(379-2) ,32,2026-06-01
훈묵목장,한우,경기도 가평군 설악면 한서로 376-20,경기도 가평군 설악면 위곡리 192번지 4호  ,10,2026-06-01
충길목장,한우,경기도 가평군 설악면 한서로375번길 33-31,경기도 가평군 설악면 위곡리 145번지 1호  ,43,2026-06-01
순봉목장,한우,경기도 가평군 가평읍 잎너비길 50-18,경기도 가평군 가평읍 읍내리 169번지  ,45,2026-06-01
에덴농장,한우,경기도 가평군 조종면 대보간선로 182,"경기도 가평군 조종면 대보리 330번지 3호 외 2필지(519-46, 572) ",40,2026-06-01
용사목장,한우,경기도 가평군 조종면 연인산로100번길 56,경기도 가평군 조종면 신하리 205번지 1호  ,34,2026-06-01
주헌목장,한우,,경기도 가평군 조종면 신하리 96번지 1호  ,37,2026-06-01
춘기목장,한우,,경기도 가평군 조종면 신상리 50번지 12호  ,31,2026-06-01
대선목장,한우,경기도 가평군 하면 연인산로 122,경기도 가평군 하면 신하리 224번지 1호  ,25,2026-06-01
금성목장,한우,경기도 가평군 상면 아랫벌길 22-47,경기도 가평군 상면 태봉리 23번지  ,32,2026-06-01
평화목장,한우,경기도 가평군 북면 손일로 82-27,"경기도 가평군 북면 소법리 627번지 17호 외 2필지(627-13,627-46) ",96,2026-06-01
중오목장,한우,경기도 가평군 설악면 묵안안길 123,경기도 가평군 설악면 묵안리 244번지 2호  ,14,2026-06-01
수목원목장,한우,경기도 가평군 상면 수목원로 84-77,경기도 가평군 상면 행현리 34번지 1호  ,30,2026-06-01
탐선제2목장,한우,경기도 가평군 설악면 봉미산안길 212-48,경기도 가평군 설악면 설곡리 62번지  ,23,2026-06-01
태유목장,한우,"경기도 가평군 상면 축령로45번길 90-33 (외 3필지(343-2,3,4))","경기도 가평군 상면 행현리 343번지 1호 외 3필지(343-2,3,4) ",20,2026-06-01
행현목장,한우,,경기도 가평군 상면 행현리 814번지 2호  ,10,2026-06-01
낙원농장,한우,,경기도 가평군 상면 행현리 872번지  ,12,2026-06-01
기종목장,한우,,경기도 가평군 가평읍 마장리 36번지 2호  ,8,2026-06-01
마장농장,육계,경기도 가평군 북면 화악지암길 223-16,"경기도 가평군 북면 화악리 255번지 ,255-1,112-1,112-3 ",55000,2026-06-01
우리목장,한우,,경기도 가평군 조종면 신상리 3번지 7호  ,29,2026-06-01
하림농장,한우,경기도 가평군 하면 운악청계로 270-7,경기도 가평군 하면 신상리 57번지 1호  ,23,2026-06-01
참살이소농장,한우,경기도 가평군 북면 화악산로 554-26,경기도 가평군 북면 화악리 489번지 2호  ,63,2026-06-01
기영목장,한우,경기도 가평군 상면 수목원로 105-1,경기도 가평군 상면 행현리 325번지 1호  ,20,2026-06-01
참터목장,한우,경기도 가평군 상면 청군로 985-67,경기도 가평군 상면 항사리 547번지 4호  ,11,2026-06-01
기영목장3,한우,경기도 가평군 상면 청군로 910-35,경기도 가평군 상면 항사리 267번지 1호  ,0,2026-06-01
으뜸목장,한우,,경기도 가평군 설악면 방일리 360번지  ,22,2026-06-01
복형목장,한우,경기도 가평군 설악면 묵안로 85-25,경기도 가평군 설악면 엄소리 289번지 2호  ,12,2026-06-01
용수목장,한우,경기도 가평군 설악면 봉미산안길 80-212,경기도 가평군 설악면 설곡리 257번지 2호  ,25,2026-06-01
성수목장,한우,경기도 가평군 설악면 천안길 63,경기도 가평군 설악면 천안리 630번지 1호  ,10,2026-06-01
형성목장,한우,경기도 가평군 청평면 상천고갯길 126-30,"경기도 가평군 청평면 상천리 167번지 4호 외 2필지(167-2,167-5) ",24,2026-06-01
종기목장,한우,,경기도 가평군 청평면 하천리 266번지  ,4,2026-06-01
봉근목장,한우,,경기도 가평군 조종면 운악리 348번지 1호  ,3,2026-06-01
주용목장,한우,,경기도 가평군 가평읍 개곡리 351번지 1호 외 2필지 ,60,2026-06-01
윤우목장,한우,,경기도 가평군 설악면 엄소리 325번지 4호 외 1필지(325-6) ,68,2026-06-01
갈현목장,한우,경기도 가평군 설악면 장수로79번길 64-6,경기도 가평군 설악면 묵안리 688번지 외1필지(582) ,33,2026-06-01
에코농장,한우,경기도 가평군 설악면 한서로 443,경기도 가평군 설악면 위곡리 47번지 22호 외 6필지 ,206,2026-06-01
임석목장,한우,경기도 가평군 가평읍 능모루길 16-37,경기도 가평군 가평읍 개곡리 1108번지 3호  ,9,2026-06-01
영성목장,한우,경기도 가평군 조종면 연인산로100번길 21,"경기도 가평군 조종면 신하리 216번지 ,216-2 ",30,2026-06-01
원우농장,한우,경기도 가평군 하면 운악청계로281번길 38,경기도 가평군 하면 신상리 313번지  ,12,2026-06-01
광운목장,한우,경기도 가평군 북면 손일로 208,"경기도 가평군 북면 소법리 609번지 1호 609-2,609-3,609-4 ",43,2026-06-01
축령목장,한우,경기도 가평군 상면 축령로45번길 53,경기도 가평군 상면 행현리 261번지 2호  ,47,2026-06-01
한우목장,한우,경기도 가평군 설악면 한서로 153-49,경기도 가평군 설악면 창의리 76번지  ,21,2026-06-01
윤주목장,한우,,경기도 가평군 북면 이곡리 292번지  ,5,2026-06-01
남연목장,한우,경기도 가평군 가평읍 경반안로116번길 60-130,경기도 가평군 가평읍 승안리 199번지  ,40,2026-06-01
대우목장,한우,경기도 가평군 설악면 이문안길 1-94,경기도 가평군 설악면 방일리 440번지 1호  ,54,2026-06-01
규형목장,한우,경기도 가평군 가평읍 물안산길 57,경기도 가평군 가평읍 마장리 100번지 5호  ,22,2026-06-01
강만목장,한우,경기도 가평군 설악면 한서로 111-1,경기도 가평군 설악면 창의리 438번지 11호  ,8,2026-06-01
인혁목장,한우,,경기도 가평군 설악면 엄소리 385번지 9호  ,96,2026-06-01
장락목장,한우,,"경기도 가평군 설악면 미사리 272번지 5호 , 273 ",20,2026-06-01
현웅목장,한우,경기도 가평군 상면 축령로 34-15,"경기도 가평군 상면 행현리 48번지 1호 외2필지(49-2,49-4) ",20,2026-06-01
양지목장,한우,경기도 가평군 조종면 연인산로208번길 78-17,"경기도 가평군 조종면 신하리 318번지 1호 외 2필지(318-3, 318-4) ",90,2026-06-01
미경목장,한우,경기도 가평군 가평읍 석봉로3번길 160-58,경기도 가평군 가평읍 대곡리 592번지 1호  ,47,2026-06-01
황소목장,한우,경기도 가평군 상면 축령로45번길 38-15,경기도 가평군 상면 행현리 241번지 2호  ,65,2026-06-01
운악스마일목장,젖소,경기도 가평군 상면 청군로 932-1,"경기도 가평군 상면 항사리 248번지 , 248-1, 247-1, 249, 233번지 ",133,2026-06-01
경훈목장,한우,경기도 가평군 북면 대촌들길 68,경기도 가평군 북면 도대리 165번지 12호  ,15,2026-06-01
성업목장,한우,경기도 가평군 북면 화악산로 554-15,경기도 가평군 북면 화악리 518번지 8호  ,27,2026-06-01
복임목장,한우,경기도 가평군 북면 화악산로 553,경기도 가평군 북면 화악리 521번지 4호  ,15,2026-06-01
코뚜레목장,한우,경기도 가평군 가평읍 호반로 1815,"경기도 가평군 가평읍 산유리 201번지 외 3필지(201-1,201-2,202) ",72,2026-06-01
장수목장,한우,경기도 가평군 가평읍 호반로 1905,경기도 가평군 가평읍 산유리 328번지 5호  ,38,2026-06-01
삼봉목장,한우,"경기도 가평군 청평면 삼봉터길 22 (408-3, 408-4)","경기도 가평군 청평면 상천리 408번지 2호 408-3, 408-4 ",34,2026-06-01
경석목장,한우,경기도 가평군 가평읍 각담말길 163,"경기도 가평군 가평읍 마장리 206번지 2호 206,206-1번지 ",92,2026-06-01
용필목장,한우,경기도 가평군 북면 가화로 797-7,경기도 가평군 북면 이곡리 205번지 7호  ,15,2026-06-01
마장리 목장,한우,경기도 가평군 가평읍 각담말길 100 (외1필지(251-5번지)),경기도 가평군 가평읍 마장리 251번지 1호 외1필지(251-5번지) ,75,2026-06-01
수천목장,한우,경기도 가평군 상면 청군로 961-25,경기도 가평군 상면 항사리 534번지 1호  ,21,2026-06-01
백두농장,한우,경기도 가평군 가평읍 잎너비길 24-41,경기도 가평군 가평읍 읍내리 164번지 4호  ,25,2026-06-01
용광덕목장,한우,경기도 가평군 북면 오목골길 39-39,"경기도 가평군 북면 도대리 69번지 30호 외3필지(69-31,69-37,69-38) ",12,2026-06-01
봉화목장,한우,,경기도 가평군 상면 항사리 351번지 2호  ,5,2026-06-01
푸른목장,한우,경기도 가평군 상면 축령로45번길 61-1,경기도 가평군 상면 행현리 258번지 2호  ,9,2026-06-01
세연목장,한우,,경기도 가평군 조종면 신하리 124번지 2호 외 1필지(124-1) ,49,2026-06-01
화악한우농장,한우,경기도 가평군 북면 화악지암길 30-84,경기도 가평군 북면 화악리 466번지  ,81,2026-06-01
마일목장,한우,경기도 가평군 조종면 연인산로 521,경기도 가평군 조종면 마일리 357번지 2호  ,20,2026-06-01
조종농장,한우,경기도 가평군 조종면 연인산로 208-1,경기도 가평군 조종면 신하리 366번지 4호 햄프리웰빙관 ,75,2026-06-01
가골 2목장,한우,,경기도 가평군 북면 이곡리 242번지  ,50,2026-06-01
푸른농장,한우,경기도 가평군 설악면 장수로79번길 30-23,경기도 가평군 설악면 묵안리 587번지 1호  ,40,2026-06-01
송희농장,한우,경기도 가평군 설악면 다락재로 558-39,경기도 가평군 설악면 이천리 359번지  ,3,2026-06-01
건호목장,한우,경기도 가평군 조종면 비득재길 192-134,"경기도 가평군 조종면 현리 445번지 4호 ,444-6번지 ",10,2026-06-01
석인목장,한우,경기도 가평군 상면 기와집길 130-22,경기도 가평군 상면 연하리 270번지 3호  ,35,2026-06-01
용철농장,한우,경기도 가평군 조종면 연인산로150번길 50,경기도 가평군 조종면 신하리 113번지 1호  ,14,2026-06-01
황금목장,한우,경기도 가평군 북면 화악지암길274번길 12-18,경기도 가평군 북면 화악리 131번지 1호  ,51,2026-06-01
음메목장,한우,경기도 가평군 북면 화악지암길 223-32,경기도 가평군 북면 화악리 254번지  ,80,2026-06-01
연갈목장,한우,경기도 가평군 가평읍 연갈길 65,경기도 가평군 가평읍 상색리 275번지 1호  ,80,2026-06-01
유명 한우농장,한우,경기도 가평군 설악면 전위골길 61-16,경기도 가평군 설악면 방일리 523번지 2호  ,31,2026-06-01
하루해 가평농장,종계/산란계,경기도 가평군 가평읍 각담말길 134-17,경기도 가평군 가평읍 마장리 222번지 2호 외1(199-2) ,10000,2026-06-01
화악목장,한우,경기도 가평군 북면 내촌길 46-143,경기도 가평군 북면 이곡리 243번지 2호  ,80,2026-06-01
KT목장,한우,경기도 가평군 설악면 한서로375번길 41,경기도 가평군 설악면 위곡리 145번지 5호  ,7,2026-06-01
길수농장,한우,경기도 가평군 상면 청군로 753-42,경기도 가평군 상면 임초리 520번지  ,14,2026-06-01
만호농장,한우,경기도 가평군 조종면 세곡로104번길 20-18,경기도 가평군 조종면 신상리 435번지  ,52,2026-06-01
진용농장,한우,경기도 가평군 설악면 한서로 213-50,경기도 가평군 설악면 위곡리 744번지 외 1필지(744-1) ,89,2026-06-01
해민농장,한우,경기도 가평군 가평읍 아랫마장길 49-52,경기도 가평군 가평읍 승안리 109번지 3호  ,5,2026-06-01
선호농장,한우,경기도 가평군 북면 대촌들길 17,경기도 가평군 북면 도대리 126번지 3호  ,3,2026-06-01
축복농장,한우,경기도 가평군 북면 화악산로 502-1,경기도 가평군 북면 화악리 452번지 1호  ,10,2026-06-01
용무농장,한우,경기도 가평군 북면 화악지암길 134,경기도 가평군 북면 화악리 347번지 5호  ,2,2026-06-01
의순농장,한우,경기도 가평군 조종면 연인산로208번길 70,경기도 가평군 조종면 신하리 316번지 1호  ,26,2026-06-01
술막목장,한우,경기도 가평군 상면 장막동길 26-155,"경기도 가평군 상면 율길리 470번지 1호 외 3필지(470-6, 470-9, 470-11) ",148,2026-06-01
송산목장,한우,경기도 가평군 설악면 미사리로645번길 190-106,경기도 가평군 설악면 송산리 912번지  ,13,2026-06-01
장락목장,한우,경기도 가평군 설악면 미사리로 716-111,경기도 가평군 설악면 미사리 76번지  ,16,2026-06-01
호근목장,한우,경기도 가평군 가평읍 태봉두밀로 33-60,경기도 가평군 가평읍 상색리 212번지  ,7,2026-06-01
도현농장,육우,경기도 가평군 가평읍 각담말길 174,"경기도 가평군 가평읍 마장리 208번지 1호 외3필지(208-2,3,4) ",0,2026-06-01
병철농장,한우,경기도 가평군 설악면 봉미산안길 175-32,경기도 가평군 설악면 설곡리 170번지 1호  ,9,2026-06-01
성근목장,한우,,"경기도 가평군 설악면 창의리 162번지 3호 , 162-4,160, 222-1번지 ",14,2026-06-01
청산목장,한우,경기도 가평군 가평읍 물안산길 71,경기도 가평군 가평읍 마장리 104번지 3호  ,28,2026-06-01
윤정목장,한우,경기도 가평군 가평읍 달전천벚꽃길 257-598,경기도 가평군 가평읍 하색리 149번지 3호  ,4,2026-06-01
한국사슴백화점,사슴,,경기도 가평군 가평읍 하색리 735번지 6호  ,29,2026-06-01
석화농장,한우,경기도 가평군 가평읍 쇠내골길 102,경기도 가평군 가평읍 금대리 814번지 4호  ,40,2026-06-01
금녹원,사슴,,경기도 가평군 상면 원흥리 541번지  ,26,2026-06-01
녹산사슴,사슴,경기도 가평군 상면 축령로45번길 114-48,경기도 가평군 상면 행현리 348번지  ,3,2026-06-01
서리산농장,염소,,경기도 가평군 상면 상동리 48번지 25호  ,68,2026-06-01
부국흑염소,염소,경기도 가평군 상면 샘골길 21,경기도 가평군 상면 항사리 352번지  ,23,2026-06-01
봉림흑염소,염소,,경기도 가평군 상면 임초리 6번지 4호  ,20,2026-06-01
상동목장,한우,경기도 가평군 상면 둔덕말길 18,경기도 가평군 상면 상동리 137번지 1호  ,7,2026-06-01
황룡뿌리(흑염소농장),산양,,경기도 가평군 상면 임초리 15번지  ,150,2026-06-01
정천농원,산양,,경기도 가평군 상면 항사리 349번지  ,100,2026-06-01
기효목장,한우,경기도 가평군 조종면 보름골길 80-26,경기도 가평군 조종면 대보리 261번지  ,30,2026-06-01
동열목장,한우,,경기도 가평군 조종면 신상리 444번지 2호  ,6,2026-06-01
창수목장,한우,,경기도 가평군 북면 도대리 101번지  ,3,2026-06-01
도대목장,한우,경기도 가평군 북면 가화로 1938,경기도 가평군 북면 도대리 194번지 1호  ,2,2026-06-01
창호목장,한우,,경기도 가평군 북면 화악리 산 327번지 3호  ,12,2026-06-01
종찬목장,한우,,경기도 가평군 북면 도대리 167번지 1호  ,8,2026-06-01
북배산흑염소농장,산양,경기도 가평군 북면 멱골로272번길 193,경기도 가평군 북면 목동리 103번지  ,150,2026-06-01
이오사슴,사슴,경기도 가평군 북면 가화로 2476,"경기도 가평군 북면 도대리 409번지 8호 ,410-6, 410-11 ",12,2026-06-01
동산유덕현,한우,,경기도 가평군 상면 원흥리 509번지 7호  ,4,2026-06-01
용환목장,한우,경기도 가평군 설악면 다락재로 117,"경기도 가평군 설악면 회곡리 121번지 2호 122, 122-1 ",17,2026-06-01
남복목장,한우,경기도 가평군 설악면 미사리로 688-5,경기도 가평군 설악면 미사리 389번지 1호  ,1,2026-06-01
수영목장,한우,경기도 가평군 설악면 장수로 196,경기도 가평군 설악면 설곡리 805번지  ,20,2026-06-01
수영목장,한우,경기도 가평군 설악면 한서로 228-9,경기도 가평군 설악면 위곡리 795번지 10호  ,5,2026-06-01
순연목장,한우,경기도 가평군 설악면 봉미산안길 80-32,경기도 가평군 설악면 설곡리 612번지  ,5,2026-06-01
권성목장,한우,,경기도 가평군 설악면 창의리 253번지 4호  ,10,2026-06-01
일식목장,한우,경기도 가평군 설악면 양방가루재길 71-53,경기도 가평군 설악면 방일리 55번지  ,6,2026-06-01
선목장,한우,경기도 가평군 가평읍 능모루길 49,경기도 가평군 가평읍 개곡리 750번지 3호  ,30,2026-06-01
고성리산양목장,산양,경기도 가평군 청평면 말래골길 36,경기도 가평군 청평면 고성리 491번지 1호  ,19,2026-06-01
기명목장,한우,,경기도 가평군 가평읍 하색리 220번지 1호  ,3,2026-06-01
장석목장,한우,경기도 가평군 북면 제령아랫말길 44-39,경기도 가평군 북면 제령리 174번지  ,6,2026-06-01
새벽아침농장,종계/산란계,경기도 가평군 가평읍 각담말길 115-10,"경기도 가평군 가평읍 마장리 228번지 1호 228-2,228-3 ",23500,2026-06-01
유명산목장,한우,,경기도 가평군 설악면 가일리 349번지 1호  ,8,2026-06-01
기영목장,한우,경기도 가평군 설악면 봉미산안길7번길 15-1,경기도 가평군 설악면 설곡리 688번지 2호  ,5,2026-06-01
대박농장,한우,경기도 가평군 설악면 유명로 1818-36,경기도 가평군 설악면 선촌리 546번지 2호  ,11,2026-06-01
명옥목장,한우,경기도 가평군 설악면 유명로 994-10,경기도 가평군 설악면 방일리 476번지 6호  ,12,2026-06-01
창의목장,한우,경기도 가평군 설악면 한서로 119-70,경기도 가평군 설악면 창의리 53번지 8호  ,5,2026-06-01
말래골목장,한우,경기도 가평군 청평면 말래골길 73,경기도 가평군 청평면 고성리 518번지  ,5,2026-06-01
실로암농장,한우,경기도 가평군 상면 청군로 985-67,경기도 가평군 상면 항사리 547번지 4호  ,3,2026-06-01
영숙목장,한우,경기도 가평군 조종면 보름골길 60-71,경기도 가평군 조종면 대보리 316번지 5호 (316-10) ,1,2026-06-01
경영농장,한우,경기도 가평군 하면 연인산로 185,경기도 가평군 하면 신하리 326번지 1호  ,6,2026-06-01
하곡농장,사슴,경기도 가평군 조종면 대보간선로 65,경기도 가평군 조종면 대보리 442번지 3호  ,5,2026-06-01
수복목장,한우,경기도 가평군 설악면 평촌길 53-6,경기도 가평군 설악면 방일리 310번지 7호  ,4,2026-06-01
가평흑염소농장,염소,경기도 가평군 북면 내촌길 46-159,경기도 가평군 북면 이곡리 152번지 외 1필지(153) ,60,2026-06-01
율목목장,한우,,경기도 가평군 가평읍 개곡리 201번지 1호  ,30,2026-06-01
종열목장,한우,,경기도 가평군 설악면 방일리 348번지 5호  ,4,2026-06-01
종은목장2,한우,경기도 가평군 설악면 봉미산안길 80-136,"경기도 가평군 설악면 설곡리 242번지 2호 242-1, 242 ",59,2026-06-01
백호목장2,한우,경기도 가평군 상면 솔안길 27-16 (영서목장),경기도 가평군 상면 율길리 83번지  ,134,2026-06-01
창진 한우농장,한우,,경기도 가평군 북면 화악리 270번지  ,22,2026-06-01
유경농장,한우,경기도 가평군 가평읍 달전천벚꽃길 173-87,경기도 가평군 가평읍 하색리 136번지  ,22,2026-06-01
지우농장,육계,경기도 가평군 북면 가화로 1123,경기도 가평군 북면 제령리 157번지  ,175,2026-06-01
가평곤충농장,육계,경기도 가평군 가평읍 경반안로 203,경기도 가평군 가평읍 경반리 산 39번지  ,50,2026-06-01
이화농장,종계/산란계,경기도 가평군 가평읍 호반로 2034-12,경기도 가평군 가평읍 이화리 84번지 16호  ,619,2026-06-01
새벽숲농장,종계/산란계,경기도 가평군 조종면 꽃동네길 19-26,경기도 가평군 조종면 운악리 530번지  ,750,2026-06-01
운악사슴농장,사슴,,경기도 가평군 상면 율길리 469번지 2호 외 1필지(469-12) ,80,2026-06-01
종학목장,한우,경기도 가평군 가평읍 당목가일길 368-15,"경기도 가평군 가평읍 개곡리 509번지 외 2필지(508, 509-1) ",35,2026-06-01
밀마운트농장,종계/산란계,,경기도 가평군 조종면 대보리 419번지 127호  ,90,2026-06-01
근범목장,한우,경기도 가평군 설악면 묵안로 134-423,경기도 가평군 설악면 엄소리 383번지 외 1필지(383-3) ,21,2026-06-01
쉬리목장,한우,경기도 가평군 조종면 연인산로 68-6,"경기도 가평군 조종면 신하리 468번지 외 2필지(466-1, 467-1) ",90,2026-06-01
서우목장 2,한우,경기도 가평군 상면 축령로45번길 51,경기도 가평군 상면 행현리 258번지 3호 외 1필지(261-1) ,140,2026-06-01
엄지농원2,염소,경기도 가평군 설악면 묵안로 134-243,"경기도 가평군 설악면 엄소리 331번지 4호 외 2필지(331-5, 333-7) ",100,2026-06-01
승민목장,한우,경기도 가평군 조종면 연인산로527번길 2,경기도 가평군 조종면 마일리 339번지 16호  ,13,2026-06-01
행운목장,한우,경기도 가평군 조종면 연인산로208번길 67-21,경기도 가평군 조종면 신하리 281번지 5호  ,56,2026-06-01
대경목장,한우,,경기도 가평군 설악면 설곡리 749번지 1호  ,0,2026-06-01
설봉농장,한우,경기도 가평군 상면 금강로 3359,경기도 가평군 상면 봉수리 143번지 2호  ,32,2026-06-01
샘골농장,한우,,경기도 가평군 설악면 방일리 605번지 4호  ,15,2026-06-01
종은목장 3,한우,,"경기도 가평군 설악면 설곡리 235번지 1호 외 2필지(236, 237번지) ",83,2026-06-01
커피먹인닭 농장,종계/산란계,,경기도 가평군 가평읍 승안리 448번지  ,500,2026-06-01
언덕농장2,육계,"경기도 가평군 상면 태봉골길 135-29, 언덕농장","경기도 가평군 상면 태봉리 88번지 1호 ,88-4, 88-9, 100, 100-1 ",92100,2026-06-01
오광농장,염소,경기도 가평군 상면 역촌길 12-24,경기도 가평군 상면 연하리 434번지  ,32,2026-06-01
용사목장2,한우,경기도 가평군 조종면 연인산로208번길 112,경기도 가평군 조종면 신하리 235번지  ,40,2026-06-01
기영목장 2,한우,경기도 가평군 상면 수목원로 92-26,경기도 가평군 상면 행현리 23번지 5호  ,5,2026-06-01
투머치목장,한우,,경기도 가평군 상면 율길리 470번지 11호 외 1필지(470-12) ,37,2026-06-01
석우농장,한우,,경기도 가평군 북면 소법리 464번지 3호  ,5,2026-06-01
성수목장 2,한우,,경기도 가평군 설악면 천안리 842번지  ,6,2026-06-01
기효목장2,한우,,"경기도 가평군 상면 봉수리 164번지 5호 164-6, 164-7, 164-8번지 ",80,2026-06-01
삼우농원,한우,,경기도 가평군 북면 목동리 575번지 3호  ,11,2026-06-01
동민농장,염소,경기도 가평군 조종면 대보간선로 134-57,경기도 가평군 조종면 대보리 344번지 8호  ,50,2026-06-01
한우애목장,한우,경기도 가평군 가평읍 달전천벚꽃길 173-52,경기도 가평군 가평읍 하색리 200번지  ,60,2026-06-01
희망목장,한우,경기도 가평군 가평읍 상지로 1012-112,경기도 가평군 가평읍 복장리 670번지 2호 외1필지(670-3) ,4,2026-06-01
가골목장B,한우,경기도 가평군 북면 이곡둑길 3,"경기도 가평군 북면 이곡리 179번지 3호 외 3필지(180-1,180-2,180-3) ",0,2026-06-01
칠악골목장,육우,,"경기도 가평군 가평읍 하색리 188번지 188-1,193-2번지 ",27,2026-06-01
정행목장,한우,경기도 가평군 가평읍 경반안로116번길 22-125,경기도 가평군 가평읍 경반리 305번지 3호  ,0,2026-06-01
허니소농장,한우,경기도 가평군 설악면 묵안로 746-22,"경기도 가평군 설악면 설곡리 637번지 3호 외 4필지(637-4,5,6,636-1) ",0,2026-06-01
다부진범강농장,한우,경기도 가평군 청평면 상천고갯길 126-37,경기도 가평군 청평면 상천리 115번지 25호 외 1필지(124) ,60,2026-06-01
에벤에셀 목장,육우,경기도 가평군 가평읍 각담말길 154,경기도 가평군 가평읍 마장리 189번지 193 ,0,2026-06-01
다듬이농장,염소,,경기도 가평군 청평면 하천리 136번지  ,0,2026-06-01
석정농장,한우,"경기도 가평군 가평읍 석봉로3번길 160-84, 석정농장",경기도 가평군 가평읍 대곡리 591번지 8호  ,30,2026-06-01
백두산 목장,한우,경기도 가평군 가평읍 각담말길 163,"경기도 가평군 가평읍 마장리 209번지 1호 , 마장리 206-5 ",0,2026-06-01
자연으로 농장,염소,경기도 가평군 상면 장막동길 26-177,경기도 가평군 상면 율길리 470번지 24호  ,24,2026-06-01
영숙목장1,한우,경기도 가평군 조종면 보름골길 60-61,경기도 가평군 조종면 대보리 316번지 4호  ,0,2026-06-01
경반농장2,한우,,경기도 가평군 가평읍 경반리 66번지  ,0,2026-06-01
경반농장3,한우,,"경기도 가평군 가평읍 경반리 67번지 ,67-2 ",93,2026-06-01
최고봉흑염소,염소,,"경기도 가평군 조종면 마일리 121번지 , 122 ",100,2026-06-01
우영농장,염소,경기도 가평군 청평면 상지로53번길 62,경기도 가평군 청평면 상천리 332번지 3호  ,0,2026-06-01
