시군명,농장명,축종명,사육두수,소재지도로명주소,소재지지번주소,데이터기준일자
여주시,임원목장,한우,50,경기도 여주시 대신면 풍양3길 8,경기도 여주시 대신면 당산리 산 3번지 2호  ,2026-06-18
여주시,박**목장,한우,60,경기도 여주시 세종대왕면 능서로 246-19,경기도 여주시 세종대왕면 구양리 260번지  ,2026-06-18
여주시,월성목장,한우,199,,경기도 여주시 가남읍 연대리 산 94번지  ,2026-06-18
여주시,대영농장,한우,101,,경기도 여주시 가남읍 건장리 102번지 1호  ,2026-06-18
여주시,황아농장,한우,100,경기도 여주시 북벌로 185-12 (상거동),경기도 여주시 상거동 219번지  ,2026-06-18
여주시,연암목장,한우,50,경기도 여주시 점동면 처리2길 181,경기도 여주시 점동면 처리 59번지  ,2026-06-18
여주시,제일농장,한우,120,,경기도 여주시 가남읍 금당리 13번지 4호  ,2026-06-18
여주시,현욱농장,한우,134,경기도 여주시 가남읍 그랜드그린길 52 (외1필지),경기도 여주시 가남읍 안금리 17번지 외1필지 ,2026-06-18
여주시,산정목장,한우,182,경기도 여주시 가남읍 가여로 60-17,"경기도 여주시 가남읍 양귀리 56번지 3호 외 2필지(59-2, 59-5) ",2026-06-18
여주시,뚝방농장,한우,116,경기도 여주시 가남읍 상활2길 83-23,"경기도 여주시 가남읍 상활리 423번지 1호 외 6필지(419-12, 419-3, 419-2, 420-2, 420-4, 423-2) ",2026-06-18
여주시,한일농장,한우,40,경기도 여주시 가남읍 신해2길 27,경기도 여주시 가남읍 신해리 112번지 1호  ,2026-06-18
여주시,창천목장,한우,80,경기도 여주시 가남읍 금당5길 54-11,"경기도 여주시 가남읍 금당리 51번지 1호 외 2필지(50-4, 51-3) ",2026-06-18
여주시,재건농장,한우,190,경기도 여주시 점동면 건장이길 57-28,경기도 여주시 점동면 장안리 산 18번지 11호 외 1필지(540-1) ,2026-06-18
여주시,반월농장,한우,137,경기도 여주시 점동면 건장이길 57-28 (외1필지),경기도 여주시 점동면 장안리 산 18번지 11호 외1필지 ,2026-06-18
여주시,최**농장,한우,13,경기도 여주시 흥천면 남산로 173-16,경기도 여주시 흥천면 상대리 200번지 1호  ,2026-06-18
여주시,적금농장,한우,104,경기도 여주시 강천면 적금리길 72-19,경기도 여주시 강천면 적금리 240번지 외 2필지 ,2026-06-18
여주시,원**농장,한우,40,경기도 여주시 강천면 말개미길 38-22,경기도 여주시 강천면 걸은리 722번지 5호  ,2026-06-18
여주시,성자목장,한우,100,경기도 여주시 가남읍 일신로 156-49,경기도 여주시 가남읍 신해리 21번지  ,2026-06-18
여주시,산디목장,한우,161,경기도 여주시 가남읍 그랜드그린길 54,경기도 여주시 가남읍 안금리 19번지  ,2026-06-18
여주시,가래울목장,한우,18,경기도 여주시 점동면 점동로 144,경기도 여주시 점동면 사곡리 375번지 2호  ,2026-06-18
여주시,대흥목장,한우,86,경기도 여주시 점동면 청안로 243-28,경기도 여주시 점동면 처리 611번지 1호  ,2026-06-18
여주시,황두라니농장,한우,54,경기도 여주시 신단2길 151-45 (우만동),경기도 여주시 우만동 18번지 외 1필지(18-1) ,2026-06-18
여주시,다온축산,한우,40,경기도 여주시 금사면 소유실길 194-43,"경기도 여주시 금사면 소유리 251번지 외 2필지(-1, -2) ",2026-06-18
여주시,대성목장,한우,200,경기도 여주시 명성로 114-32 (능현동),"경기도 여주시 능현동 166번지 4호 외 6필지(단현동 329-1, 329-2, 166-1, -5, -7, -8) ",2026-06-18
여주시,흥문축산,한우,55,경기도 여주시 흥천면 이여로 837-48,경기도 여주시 흥천면 문장리 320번지 2호  ,2026-06-18
여주시,진주목장,한우,100,경기도 여주시 점동면 건장이길 57-26,경기도 여주시 점동면 장안리 543번지 6호 외 1필지(543-8) ,2026-06-18
여주시,현진농장,한우,15,경기도 여주시 흥천면 남산로 411,경기도 여주시 흥천면 하다리 91번지 2호  ,2026-06-18
여주시,낙원목장,한우,60,경기도 여주시 점동면 성주로 1034,경기도 여주시 점동면 현수리 495번지 1호  ,2026-06-18
여주시,성수농장,한우,30,경기도 여주시 가남읍 가남로 835,경기도 여주시 가남읍 금당리 120번지 3호  ,2026-06-18
여주시,신진농장,한우,150,경기도 여주시 매룡2길 9-33 (매룡동),경기도 여주시 매룡동 45번지 6호  ,2026-06-18
여주시,용두목장,한우,79,,"경기도 여주시 가남읍 건장리 240번지 7호 외 2필지(212-1, 214) ",2026-06-18
여주시,이**농장,한우,22,,경기도 여주시 가남읍 은봉리 566번지 2호  ,2026-06-18
여주시,청목장,한우,20,경기도 여주시 가남읍 건은로 250-33,경기도 여주시 가남읍 은봉리 378번지 1호  ,2026-06-18
여주시,박**농장,한우,9,경기도 여주시 가남읍 흑석로 59-16,경기도 여주시 가남읍 심석리 143번지  ,2026-06-18
여주시,정**농장,한우,47,경기도 여주시 가남읍 흑석로 125,경기도 여주시 가남읍 심석리 11번지  ,2026-06-18
여주시,유진농장,한우,30,경기도 여주시 점동면 가남로 988-6 (외1필지(540)),경기도 여주시 점동면 청안리 539번지 외1필지(540) ,2026-06-18
여주시,삼화축산,한우,144,경기도 여주시 점동면 모래실1길 25 (외1필지),경기도 여주시 점동면 사곡리 209번지 1호 외1필지 ,2026-06-18
여주시,대왕농장2,한우,67,경기도 여주시 금사면 금품1로 682,경기도 여주시 금사면 하호리 151번지 7호  ,2026-06-18
여주시,금송농장,한우,60,경기도 여주시 산북면 송현길 92-20,경기도 여주시 산북면 송현리 230번지 2호  ,2026-06-18
여주시,태흥농장,한우,38,경기도 여주시 대신면 송촌2길 84,"경기도 여주시 대신면 송촌리 379번지 4호 외 2필지(368, 369) ",2026-06-18
여주시,원희농장,한우,20,경기도 여주시 대신면 서촌길 73-14,경기도 여주시 대신면 당산리 81번지  ,2026-06-18
여주시,매류한우농장,한우,61,경기도 여주시 세종대왕면 양화로 597-45,경기도 여주시 세종대왕면 마래리 32번지  ,2026-06-18
여주시,동원농장,한우,70,경기도 여주시 세종대왕면 능서로 116-13,경기도 여주시 세종대왕면 번도리 305번지 13호 외 4필지 ,2026-06-18
여주시,대경농장,한우,75,경기도 여주시 가남읍 가남로 833 (외2필지),경기도 여주시 가남읍 금당리 122번지 외2필지 ,2026-06-18
여주시,삼은목장,한우,101,경기도 여주시 가남읍 댓절길 98,경기도 여주시 가남읍 대신리 542번지  ,2026-06-18
여주시,김**목장,한우,40,경기도 여주시 가남읍 설가로 710,경기도 여주시 가남읍 대신리 417번지 외2필지 ,2026-06-18
여주시,이**목장,한우,30,경기도 여주시 가남읍 가남로 433,"경기도 여주시 가남읍 양귀리 521번지 3호 외 3필지(521-1, -5, -8) ",2026-06-18
여주시,승훈목장,한우,38,경기도 여주시 가남읍 금당4길 27,경기도 여주시 가남읍 금당리 145번지 2호  ,2026-06-18
여주시,선한우농장,한우,103,경기도 여주시 가남읍 가여로 142,경기도 여주시 가남읍 안금리 597번지 4호 외1필지 ,2026-06-18
여주시,광안목장,한우,120,경기도 여주시 가남읍 가남로 112,경기도 여주시 가남읍 삼군리 427번지 7호  ,2026-06-18
여주시,창도농장,한우,70,,경기도 여주시 북내면 석우리 480번지 2호  ,2026-06-18
여주시,화평농장,한우,100,경기도 여주시 가남읍 화평길 69-10 (외2필지),경기도 여주시 가남읍 화평리 131번지 외2필지 ,2026-06-18
여주시,동네농장,한우,13,경기도 여주시 가남읍 화련2길 39,"경기도 여주시 가남읍 화평리 318번지 2호 외 2필지(318-5, 320) ",2026-06-18
여주시,주광농장,한우,66,경기도 여주시 흥천면 아래청당길 18-43,경기도 여주시 흥천면 대당리 99번지 1호 외1필지(91-2) ,2026-06-18
여주시,선영농장,한우,20,경기도 여주시 흥천면 아래청당길 18-11,경기도 여주시 흥천면 대당리 140번지 2호  ,2026-06-18
여주시,오근농장,한우,45,경기도 여주시 흥천면 방죽안길 81 (외1필지),경기도 여주시 흥천면 신근리 295번지 1호 외1필지 ,2026-06-18
여주시,성일축산,한우,20,경기도 여주시 흥천면 흥천로 683-20,경기도 여주시 흥천면 다대리 69번지  ,2026-06-18
여주시,옥토농장,한우,140,경기도 여주시 흥천면 부흥로 511,경기도 여주시 흥천면 효지리 325번지 1호  ,2026-06-18
여주시,창혁목장,한우,57,경기도 여주시 북내면 선돌로 190-19,경기도 여주시 북내면 덕산리 90번지 외 1필지(89) ,2026-06-18
여주시,농업회사법인 훼미리파머스(주),한우,120,경기도 여주시 가남읍 삼평길 62-25,경기도 여주시 가남읍 삼승리 16번지 2호  ,2026-06-18
여주시,용만농장,한우,26,경기도 여주시 북내면 지내길 35,경기도 여주시 북내면 지내리 440번지  ,2026-06-18
여주시,재명농장,한우,23,경기도 여주시 명품로 280 (상거동),경기도 여주시 상거동 350번지 4호  ,2026-06-18
여주시,창안농장,한우,50,경기도 여주시 세종대왕면 중부대로2234번길 25-7,경기도 여주시 세종대왕면 용은리 15번지 5호 외 1필지 ,2026-06-18
여주시,성원농장,한우,51,경기도 여주시 대신면 후포1길 42-49,경기도 여주시 대신면 후포리 416번지 1호  ,2026-06-18
여주시,지우목장,한우,21,경기도 여주시 흥천면 능북로 163-23,경기도 여주시 흥천면 율극리 226번지 2호  ,2026-06-18
여주시,새상주목장,한우,63,경기도 여주시 북내면 선돌로 184,경기도 여주시 북내면 덕산리 61번지 1호  ,2026-06-18
여주시,매류목장,한우,15,경기도 여주시 세종대왕면 여술길 158,경기도 여주시 세종대왕면 매류리 334번지 2호  ,2026-06-18
여주시,규림목장,한우,2,,경기도 여주시 점동면 처리 산 53번지  ,2026-06-18
여주시,태동농장,한우,50,경기도 여주시 가남읍 건은로 82-11,"경기도 여주시 가남읍 건장리 207번지 3호 외 6필지(-5, 205-2, 206-2, -5, 213, 240-4) ",2026-06-18
여주시,율극목장,한우,59,경기도 여주시 흥천면 부흥로 557-39,경기도 여주시 흥천면 효지리 257번지 1호 외 1필지(257-2) ,2026-06-18
여주시,억교목장,한우,20,경기도 여주시 흥천면 효지2길 21,경기도 여주시 흥천면 효지리 384번지  ,2026-06-18
여주시,토성목장,한우,31,경기도 여주시 흥천면 남산로 313-19 (외1필지),경기도 여주시 흥천면 다대리 467번지 외1필지 ,2026-06-18
여주시,준희목장,한우,125,경기도 여주시 가남읍 안금2길 41-51,경기도 여주시 가남읍 안금리 416번지  ,2026-06-18
여주시,무궁목장,한우,40,경기도 여주시 금사면 금품1로 802,경기도 여주시 금사면 금사리 543번지  ,2026-06-18
여주시,창근목장,한우,11,경기도 여주시 대신면 현남길 290-21,경기도 여주시 대신면 천남리 374번지  ,2026-06-18
여주시,대흥진목장,한우,138,경기도 여주시 대신면 후포1길 148-33,경기도 여주시 대신면 후포리 210번지 2호  ,2026-06-18
여주시,서울목장,한우,4,경기도 여주시 대신면 상구2길 55-21,경기도 여주시 대신면 상구리 산 11번지 23호  ,2026-06-18
여주시,녹색목장,한우,80,경기도 여주시 대신면 후포1길 104-25,경기도 여주시 대신면 후포리 364번지 외 1필지( 365 ) ,2026-06-18
여주시,남**목장,한우,162,경기도 여주시 점동면 청안로 243-23,경기도 여주시 점동면 처리 607번지 11호 외4필지 ,2026-06-18
여주시,짱구목장,한우,20,경기도 여주시 가남읍 가남로 847,경기도 여주시 가남읍 금당리 127번지 2호  ,2026-06-18
여주시,기도목장,한우,75,경기도 여주시 가남읍 양화로 83-1 (외 3필지),경기도 여주시 가남읍 삼군리 90번지 1호 외 3필지 ,2026-06-18
여주시,순미제일목장2,한우,14,경기도 여주시 북내면 여양2로 727-72,경기도 여주시 북내면 외룡리 138번지  ,2026-06-18
여주시,덕암농장,한우,28,,경기도 여주시 북내면 덕산리 303번지 6호  ,2026-06-18
여주시,신재목장,한우,35,경기도 여주시 흥천면 신근안터길 24-2 (외1필지),경기도 여주시 흥천면 신근리 727번지 외1필지 ,2026-06-18
여주시,여주자영농업고등학교,한우,64,경기도 여주시 세종대왕면 농도원1길 76,경기도 여주시 세종대왕면 왕대리 산 136번지 66호  ,2026-06-18
여주시,금당목장,한우,90,,경기도 여주시 가남읍 금당리 112번지 5호 외3필지 ,2026-06-18
여주시,금곡목장,한우,65,경기도 여주시 가남읍 가남로 866-43,경기도 여주시 가남읍 금곡리 210번지 6호  ,2026-06-18
여주시,우람목장,한우,22,경기도 여주시 가남읍 오산2길 55 (외2필지),경기도 여주시 가남읍 오산리 197번지 외2필지 ,2026-06-18
여주시,대명동농장,한우,20,경기도 여주시 대신면 외재로 64-59,경기도 여주시 대신면 하림리 22번지 1호  ,2026-06-18
여주시,대성농장,한우,16,경기도 여주시 점동면 가남로 988-29,경기도 여주시 점동면 청안리 592번지 외 1필지(593) ,2026-06-18
여주시,장원농장,한우,15,경기도 여주시 대신면 풍양3길 4,경기도 여주시 대신면 당산리 174번지  ,2026-06-18
여주시,명인축산,한우,70,경기도 여주시 점동면 성주로 721-15,"경기도 여주시 점동면 성신리 269번지 3호 외2필지(269-9,269-10) ",2026-06-18
여주시,오성목장,한우,25,경기도 여주시 흥천면 종다람길 46 (외1필지),경기도 여주시 흥천면 신근리 244번지 23호 외1필지 ,2026-06-18
여주시,장풍농장,한우,9,,경기도 여주시 대신면 장풍리 98번지  ,2026-06-18
여주시,스마트2농장,한우,42,경기도 여주시 흥천면 신율로 143,경기도 여주시 흥천면 신근리 36번지 10호  ,2026-06-18
여주시,박가네오산목장,한우,400,경기도 여주시 가남읍 오산2길 54,"경기도 여주시 가남읍 오산리 160번지 외 10필지(161, 162, 162-1, 164-8, -9, -13, -14, -15, -16, -17) ",2026-06-18
여주시,병수목장,한우,104,경기도 여주시 흥천면 남산로 428-27,"경기도 여주시 흥천면 하다리 299번지 2호 외 2필지(294, 296) ",2026-06-18
여주시,세원농장,한우,3,경기도 여주시 흥천면 동이점길 66,경기도 여주시 흥천면 계신리 357번지 1호  ,2026-06-18
여주시,다흥농축산,한우,15,경기도 여주시 흥천면 효자로 252 (외1필지),경기도 여주시 흥천면 하다리 247번지 1호 외1필지 ,2026-06-18
여주시,동양목장,한우,168,경기도 여주시 흥천면 신율로 210-62,경기도 여주시 흥천면 율극리 72번지 외2필지 ,2026-06-18
여주시,태성농장,한우,36,경기도 여주시 대신면 여양1로 177-32,경기도 여주시 대신면 송촌리 50번지  ,2026-06-18
여주시,자영농장,한우,90,경기도 여주시 흥천면 신율로 283,"경기도 여주시 흥천면 율극리 157번지 16호 외 2필지(157-18,157-19) ",2026-06-18
여주시,이레농장,한우,85,경기도 여주시 흥천면 신율로 210-60,"경기도 여주시 흥천면 율극리 72번지 1호 외 4필지(-10, -15, 16, -18) ",2026-06-18
여주시,성원농장,한우,30,경기도 여주시 세종대왕면 중부대로 2266,경기도 여주시 세종대왕면 용은리 11번지 외 2필지 ,2026-06-18
여주시,왕대목장,한우,20,경기도 여주시 세종대왕면 왕터1길 91-48,경기도 여주시 세종대왕면 왕대리 560번지 4호  ,2026-06-18
여주시,보람축산,한우,21,"경기도 여주시 대신면 대신2로 214-26 (외2필지(78-1,79))","경기도 여주시 대신면 도롱리 78번지 외2필지(78-1,79) ",2026-06-18
여주시,우만리농장,한우,6,,경기도 여주시 우만동 56번지 1호  ,2026-06-18
여주시,상신목장,한우,50,경기도 여주시 가남읍 가남로 700-120,경기도 여주시 가남읍 연대리 41번지  ,2026-06-18
여주시,장선목장,한우,32,경기도 여주시 금사면 소유실길 206 (외2필지),경기도 여주시 금사면 소유리 265번지 외2필지 ,2026-06-18
여주시,대경농장,한우,50,경기도 여주시 가남읍 정단길 102-33,경기도 여주시 가남읍 정단리 90번지 1호  ,2026-06-18
여주시,은혜농장,한우,20,,경기도 여주시 단현동 261번지 24호  ,2026-06-18
여주시,장풍농장,한우,12,경기도 여주시 대신면 장봉길 11,경기도 여주시 대신면 장풍리 146번지 외 1필지 ,2026-06-18
여주시,부평농장,한우,40,경기도 여주시 강천면 부평로 478,경기도 여주시 강천면 부평리 84번지 4호  ,2026-06-18
여주시,은지농장,한우,59,경기도 여주시 가남읍 송삼로 416,경기도 여주시 가남읍 금곡리 293번지 15호  ,2026-06-18
여주시,민주농장,한우,114,"경기도 여주시 흥천면 대왕이길 124-65 (외2필지(671-14,671-39))","경기도 여주시 흥천면 신근리 671번지 34호 외2필지(671-14,671-39) ",2026-06-18
여주시,태산농장,한우,21,경기도 여주시 금사면 소유실길 194-9,경기도 여주시 금사면 소유리 154번지 3호  ,2026-06-18
여주시,강부농장,한우,52,경기도 여주시 북내면 여강로 561,경기도 여주시 북내면 장암리 316번지 외1필지(316-3) ,2026-06-18
여주시,신남목장,한우,0,"경기도 여주시 북내면 도예로 361-13, 외 1필지(169-25)",경기도 여주시 북내면 신남리 169번지 2호 외 1필지(169-25) ,2026-06-18
여주시,하늘농장,한우,34,경기도 여주시 점동면 도리길 37-57,경기도 여주시 점동면 도리 264번지 18호  ,2026-06-18
여주시,수호농장,한우,25,경기도 여주시 북내면 상교2길 94,경기도 여주시 북내면 상교리 297번지 4호  ,2026-06-18
여주시,하영농장,한우,37,,경기도 여주시 가업동 213번지 9호  ,2026-06-18
여주시,동호목장,한우,16,경기도 여주시 명성로 114-30 (능현동),경기도 여주시 능현동 159번지 2호  ,2026-06-18
여주시,우신목장,한우,239,경기도 여주시 세종대왕면 중부대로 2259-43,"경기도 여주시 세종대왕면 용은리 35번지 7호 외 3필지(-8, -9, -22) ",2026-06-18
여주시,송촌농장,한우,8,,경기도 여주시 대신면 송촌리 341번지 1호  ,2026-06-18
여주시,주영농장,한우,4,경기도 여주시 대신면 옥촌3길 76-24,경기도 여주시 대신면 옥촌리 303번지 10호  ,2026-06-18
여주시,이레농장2,한우,30,경기도 여주시 상거동 북벌로 174-38,경기도 여주시 상거동 96번지  ,2026-06-18
여주시,일욱농장,한우,99,,경기도 여주시 가남읍 금곡리 265번지 1호  ,2026-06-18
여주시,대성농장,한우,66,경기도 여주시 점동면 가남로 988-23,경기도 여주시 점동면 청안리 542번지 7호  ,2026-06-18
여주시,우리농장,한우,44,경기도 여주시 세종대왕면 중부대로 2268,경기도 여주시 세종대왕면 용은리 34번지 5호  ,2026-06-18
여주시,강화농장,한우,34,경기도 여주시 금사면 윗가마실길 10,"경기도 여주시 금사면 도곡리 195번지 4호 외 2필지(-5, -7) ",2026-06-18
여주시,진백목장,한우,22,경기도 여주시 가남읍 금곡길 71-37,경기도 여주시 가남읍 금곡리 137번지  ,2026-06-18
여주시,용두농장,한우,11,경기도 여주시 북내면 외룡길 72-71,경기도 여주시 북내면 외룡리 46번지 1호  ,2026-06-18
여주시,형은농장,한우,9,,경기도 여주시 단현동 263번지  ,2026-06-18
여주시,수현농장,한우,8,경기도 여주시 상거길 34-24 (상거동),경기도 여주시 상거동 141번지  ,2026-06-18
여주시,수현농장,한우,70,경기도 여주시 흥천면 부흥로 557-11,경기도 여주시 흥천면 효지리 281번지 6호  ,2026-06-18
여주시,승진목장,한우,50,경기도 여주시 흥천면 부흥로 514-24,경기도 여주시 흥천면 효지리 247번지 외 1필지 ,2026-06-18
여주시,찬희농장,한우,19,경기도 여주시 흥천면 부흥로 552,경기도 여주시 흥천면 효지리 4번지 1호  ,2026-06-18
여주시,관우농장,한우,11,경기도 여주시 세종대왕면 중부대로 2545-49,경기도 여주시 세종대왕면 번도리 469번지  ,2026-06-18
여주시,승덕농장,한우,19,경기도 여주시 흥천면 은골길 24-15,경기도 여주시 흥천면 율극리 369번지 30호  ,2026-06-18
여주시,대만농장,한우,9,경기도 여주시 점동면 가남로 988-30,경기도 여주시 점동면 청안리 578번지  ,2026-06-18
여주시,백군농장,한우,12,경기도 여주시 북내면 선돌로 12,경기도 여주시 북내면 장암리 526번지 1호 외 3필지(518-1. 521-1. 521-3) ,2026-06-18
여주시,새마을농장,한우,36,경기도 여주시 세종대왕면 월평로 176,경기도 여주시 세종대왕면 오계리 6번지  ,2026-06-18
여주시,영덕농장,한우,15,,경기도 여주시 세종대왕면 구양리 200번지  ,2026-06-18
여주시,성환농장,한우,2,경기도 여주시 대신면 대신로 610-19,경기도 여주시 대신면 장풍리 70번지 8호  ,2026-06-18
여주시,섬강농장,한우,12,경기도 여주시 강천면 부평로 113,경기도 여주시 강천면 부평리 501번지 16호  ,2026-06-18
여주시,황우축산,한우,52,경기도 여주시 장여로 1560-94 (삼교동),경기도 여주시 삼교동 29번지 5호  ,2026-06-18
여주시,고센목장,한우,158,경기도 여주시 북내면 선돌로 190-20,"경기도 여주시 북내면 덕산리 85번지 외 7필지(86-1, -3, -6, -7, -8, 88, 88-1) ",2026-06-18
여주시,재헌농장,한우,2,경기도 여주시 대신면 송촌2길 105,경기도 여주시 대신면 송촌리 355번지 1호  ,2026-06-18
여주시,종광농장,한우,30,경기도 여주시 흥천면 효자로 216,경기도 여주시 흥천면 다대리 624번지  ,2026-06-18
여주시,천수농장,한우,3,경기도 여주시 대신면 대신2로 374-57,경기도 여주시 대신면 계림리 256번지  ,2026-06-18
여주시,신지농장,한우,25,경기도 여주시 세종대왕면 새미실1길 161-2,경기도 여주시 세종대왕면 신지리 92번지  ,2026-06-18
여주시,꿀벌농장,한우,8,경기도 여주시 세종대왕면 새미실3길 18-7,경기도 여주시 세종대왕면 신지리 215번지 2호  ,2026-06-18
여주시,영롱축산,한우,16,경기도 여주시 강변유원지길 64 (연양동),경기도 여주시 연양동 345번지 4호  ,2026-06-18
여주시,호찬농장,한우,23,,경기도 여주시 연라동 526번지  ,2026-06-18
여주시,우용농장,한우,30,경기도 여주시 가남읍 건장1길 36-50,경기도 여주시 가남읍 건장리 22번지 2호 외1필지 ,2026-06-18
여주시,풍산농장,한우,80,경기도 여주시 흥천면 군위실길 156-22,경기도 여주시 흥천면 다대리 595번지 1호  ,2026-06-18
여주시,진성농장,한우,36,경기도 여주시 북내면 당전로 503,경기도 여주시 북내면 중암리 423번지 3호  ,2026-06-18
여주시,한우애농장,한우,250,"경기도 여주시 점동면 성주로 1020-30 (외2필지(193-1,194-1))","경기도 여주시 점동면 현수리 191번지 외2필지(193-1,194-1) ",2026-06-18
여주시,우림농장,한우,6,경기도 여주시 세종대왕면 새미실2길 36,경기도 여주시 세종대왕면 신지리 120번지  ,2026-06-18
여주시,행복농장,한우,22,경기도 여주시 흥천면 청당길 7,경기도 여주시 흥천면 대당리 175번지  ,2026-06-18
여주시,삼일농장,한우,14,경기도 여주시 점동면 성주로 1020-12,경기도 여주시 점동면 현수리 181번지 4호  ,2026-06-18
여주시,대복농장,한우,19,경기도 여주시 세종대왕면 중부대로 2545-47,경기도 여주시 세종대왕면 번도리 505번지 1호  ,2026-06-18
여주시,영일농장,한우,15,경기도 여주시 세종대왕면 새미실1길 167,경기도 여주시 세종대왕면 신지리 96번지 외 1필지 ,2026-06-18
여주시,칠영농장,한우,17,경기도 여주시 북내면 덕산길 133-28,경기도 여주시 북내면 덕산리 124번지  ,2026-06-18
여주시,숙이농장,한우,10,경기도 여주시 상거길 33-28 (상거동),경기도 여주시 상거동 153번지  ,2026-06-18
여주시,동원농장,한우,4,경기도 여주시 상거길 33-28 (상거동),경기도 여주시 상거동 154번지  ,2026-06-18
여주시,병기농장,한우,10,경기도 여주시 흥천면 흥천로 606,경기도 여주시 흥천면 하다리 356번지  ,2026-06-18
여주시,로뎀농장,한우,142,경기도 여주시 점곡길 179 (멱곡동),"경기도 여주시 멱곡동 240번지 13호 외2필지(240-5,240-7) ",2026-06-18
여주시,만덕축산,한우,10,경기도 여주시 북벌로 99 (상거동),경기도 여주시 상거동 296번지 1호  ,2026-06-18
여주시,상교목장,한우,130,경기도 여주시 북내면 상교3길 26,경기도 여주시 북내면 상교리 223번지 외2필지 ,2026-06-18
여주시,황금농장,한우,11,,경기도 여주시 가남읍 금곡리 368번지 1호  ,2026-06-18
여주시,태영목장,한우,53,경기도 여주시 흥천면 대왕이길 124-17,경기도 여주시 흥천면 신근리 291번지 11호 외2필지 ,2026-06-18
여주시,정우농장,한우,5,경기도 여주시 세종대왕면 독골2길 24,경기도 여주시 세종대왕면 번도리 27번지  ,2026-06-18
여주시,덕재농장,한우,39,경기도 여주시 세종대왕면 오리울길 31-14,"경기도 여주시 세종대왕면 오계리 505번지 1호 외 2필지(-2, 506) ",2026-06-18
여주시,에덴농장,한우,21,경기도 여주시 점동면 선사길 221-1,경기도 여주시 점동면 흔암리 153번지 1호  ,2026-06-18
여주시,홍욱농장,한우,10,경기도 여주시 가남읍 가남로 866-44,경기도 여주시 가남읍 금곡리 255번지 1호  ,2026-06-18
여주시,재훈농장,한우,2,경기도 여주시 세종대왕면 새미실2길 40-2,경기도 여주시 세종대왕면 신지리 118번지  ,2026-06-18
여주시,장수농장,한우,7,,경기도 여주시 세종대왕면 내양리 346번지 53호  ,2026-06-18
여주시,대건농장,한우,3,경기도 여주시 대신면 송촌3길 78,경기도 여주시 대신면 송촌리 137번지  ,2026-06-18
여주시,모훈농장,한우,7,경기도 여주시 대신면 천서2길 53,경기도 여주시 대신면 천서리 179번지  ,2026-06-18
여주시,미진농장,한우,3,경기도 여주시 대신면 상구1길 8-16,경기도 여주시 대신면 상구리 327번지  ,2026-06-18
여주시,재원농장,한우,30,,경기도 여주시 대신면 계림리 315번지 외1필지 ,2026-06-18
여주시,당남농장,한우,5,경기도 여주시 대신면 당남2길 19,경기도 여주시 대신면 당남리 131번지  ,2026-06-18
여주시,옥진농장,한우,26,경기도 여주시 강천면 강천로 277-35,경기도 여주시 강천면 강천리 487번지 1호 외 1필지(487-2) ,2026-06-18
여주시,옥봉축산,한우,2,경기도 여주시 북내면 여양2로 1264,경기도 여주시 북내면 주암리 21번지 3호  ,2026-06-18
여주시,육육농장,한우,16,경기도 여주시 북내면 석우길 97-10,경기도 여주시 북내면 석우리 53번지 2호  ,2026-06-18
여주시,덕성농장,한우,4,경기도 여주시 점동면 장여로 987-77,경기도 여주시 점동면 덕평리 42번지  ,2026-06-18
여주시,화영농장,한우,14,경기도 여주시 가남읍 가남로 866-45,경기도 여주시 가남읍 금곡리 276번지 2호  ,2026-06-18
여주시,준오농장,한우,70,경기도 여주시 주내로 699-46 (멱곡동),경기도 여주시 멱곡동 288번지  ,2026-06-18
여주시,당진농장,한우,30,경기도 여주시 점동면 성주로 838,경기도 여주시 점동면 당진리 151번지 5호  ,2026-06-18
여주시,오욱농장,한우,20,경기도 여주시 가남읍 금곡길 32,경기도 여주시 가남읍 금곡리 132번지 3호  ,2026-06-18
여주시,선일농장,한우,7,경기도 여주시 세종대왕면 새미실2길 20,경기도 여주시 세종대왕면 신지리 136번지  ,2026-06-18
여주시,샘물농원,한우,100,경기도 여주시 가여로 728-22 (삼교동),경기도 여주시 삼교동 412번지  ,2026-06-18
여주시,대연농장,한우,27,"경기도 여주시 주내로 603-45 (멱곡동,외 1필지(116))",경기도 여주시 멱곡동 117번지 1호 외 1필지(116) ,2026-06-18
여주시,대왕농장,한우,54,경기도 여주시 흥천면 부흥로 255 (외1필지),경기도 여주시 흥천면 대당리 414번지 외1필지 ,2026-06-18
여주시,덕수농장,한우,8,경기도 여주시 흥천면 능북로 504-7,경기도 여주시 흥천면 상백리 167번지  ,2026-06-18
여주시,근성농장,한우,5,경기도 여주시 북내면 외룡길 83-26,경기도 여주시 북내면 외룡리 247번지 4호  ,2026-06-18
여주시,초정목장,한우,10,경기도 여주시 대신면 후포1길 64-27,경기도 여주시 대신면 후포리 437번지 1호  ,2026-06-18
여주시,호석농장,한우,15,경기도 여주시 북내면 여양2로 1172-12,경기도 여주시 북내면 주암리 140번지 1호 외 1필지(140-4) ,2026-06-18
여주시,신근한우목장,한우,28,경기도 여주시 흥천면 오근동길 13,경기도 여주시 흥천면 신근리 197번지 4호  ,2026-06-18
여주시,한결목장,한우,136,경기도 여주시 강천면 적금리길 83-73,경기도 여주시 강천면 적금리 67번지 외 1필지(66) ,2026-06-18
여주시,유연농장,한우,3,경기도 여주시 북내면 외룡길 72-41,경기도 여주시 북내면 외룡리 53번지 1호  ,2026-06-18
여주시,재상농장,한우,19,경기도 여주시 가남읍 양화로 94-13,경기도 여주시 가남읍 삼군리 65번지  ,2026-06-18
여주시,영진목장,한우,13,경기도 여주시 소지개길 101 (천송동),경기도 여주시 천송동 99번지 2호  ,2026-06-18
여주시,태석농장,한우,40,경기도 여주시 세종대왕면 부능로 247-27,경기도 여주시 세종대왕면 매류리 586번지 7호  ,2026-06-18
여주시,옥녀봉농장,한우,2,경기도 여주시 북내면 여양2로 1251-1,경기도 여주시 북내면 주암리 51번지 3호  ,2026-06-18
여주시,목골농장,한우,38,경기도 여주시 세종대왕면 마래1길 44-69,경기도 여주시 세종대왕면 마래리 385번지  ,2026-06-18
여주시,건우농장,한우,6,경기도 여주시 북내면 도예로 385-18,경기도 여주시 북내면 신남리 131번지 2호  ,2026-06-18
여주시,용산농장,한우,18,,경기도 여주시 북내면 내룡리 136번지  ,2026-06-18
여주시,가남농장,한우,7,,경기도 여주시 가남읍 연대리 755번지 8호  ,2026-06-18
여주시,현풍농장,한우,5,경기도 여주시 대신면 현풍길 56-11,경기도 여주시 대신면 무촌리 170번지 1호  ,2026-06-18
여주시,강천농장,한우,27,경기도 여주시 강천면 강천로 277-31,"경기도 여주시 강천면 강천리 245번지 외 2필지(246, 248) ",2026-06-18
여주시,나량목장,한우,5,,경기도 여주시 흥천면 하다리 296번지 외2필지 ,2026-06-18
여주시,천지한우농장,한우,16,경기도 여주시 흥천면 늪말길 58 (외4필지),경기도 여주시 흥천면 복대리 396번지 외4필지 ,2026-06-18
여주시,승정농장,한우,17,경기도 여주시 세종대왕면 새미실2길 40-21,경기도 여주시 세종대왕면 신지리 107번지  ,2026-06-18
여주시,민희농장,한우,41,경기도 여주시 북내면 지내길 20-4,경기도 여주시 북내면 지내리 360번지 3호  ,2026-06-18
여주시,석우농장,한우,5,경기도 여주시 북내면 선돌로 376 (외1필지),경기도 여주시 북내면 석우리 329번지 1호 외1필지 ,2026-06-18
여주시,샘골한우농장,한우,10,경기도 여주시 북내면 신남1길 137,경기도 여주시 북내면 신남리 24번지  ,2026-06-18
여주시,동천목장,한우,35,경기도 여주시 대신면 옥촌3길 24-34,경기도 여주시 대신면 옥촌리 967번지 20호  ,2026-06-18
여주시,삼교리농장,한우,100,"경기도 여주시 장여로 1560-82 (삼교동,외1필지)",경기도 여주시 삼교동 36번지 1호 외1필지 ,2026-06-18
여주시,그린축산농원,한우,41,,경기도 여주시 금사면 상호리 51번지  ,2026-06-18
여주시,태승농장,한우,12,,경기도 여주시 북내면 가정리 144번지 2호  ,2026-06-18
여주시,명성농장,한우,11,경기도 여주시 명성로 190 (능현동),경기도 여주시 능현동 114번지 5호  ,2026-06-18
여주시,마그니농장,한우,22,경기도 여주시 흥천면 금대울로 204-113,경기도 여주시 흥천면 복대리 141번지 외 1필지(141-1) ,2026-06-18
여주시,백두농장,한우,48,"경기도 여주시 금사면 소유실길 227, 외 1(220)","경기도 여주시 금사면 소유리 240번지 1호 외 2필지(240-3, 272) ",2026-06-18
여주시,우영농장,한우,10,경기도 여주시 흥천면 방죽안길 28-6,경기도 여주시 흥천면 신근리 254번지 1호  ,2026-06-18
여주시,조령농장,한우,60,경기도 여주시 점동면 장여로 1407-30,경기도 여주시 점동면 처리 689번지  ,2026-06-18
여주시,등지농장,한우,15,경기도 여주시 북내면 여양2로 735,경기도 여주시 북내면 외룡리 201번지 4호  ,2026-06-18
여주시,두리농원,한우,19,경기도 여주시 대신면 상구1길 129-12,경기도 여주시 대신면 상구리 397번지 1호  ,2026-06-18
여주시,창호농장,한우,7,경기도 여주시 흥천면 종다람길 59,경기도 여주시 흥천면 신근리 250번지 46호  ,2026-06-18
여주시,늘찬목장,한우,58,경기도 여주시 세종대왕면 구양1길 107,경기도 여주시 세종대왕면 구양리 111번지  ,2026-06-18
여주시,종인목장,한우,52,,경기도 여주시 가남읍 금당리 75번지 2호  ,2026-06-18
여주시,르호봇농장,한우,23,,경기도 여주시 단현동 294번지 1호  ,2026-06-18
여주시,혜정목장,한우,35,경기도 여주시 북내면 여양2로 727-2,"경기도 여주시 북내면 외룡리 200번지 외 2필지(202-2, 203-7) ",2026-06-18
여주시,삼형제농장,한우,9,경기도 여주시 금사면 건넛말길 22-1,"경기도 여주시 금사면 하호리 236번지 외2필지(236-1,236-2) ",2026-06-18
여주시,채골농장,한우,47,경기도 여주시 점동면 선사길 144-42,경기도 여주시 점동면 처리 136번지 1호  ,2026-06-18
여주시,벧엘농장,한우,25,경기도 여주시 대신면 대신로 300,경기도 여주시 대신면 하림리 289번지 1호  ,2026-06-18
여주시,성원농장,한우,73,경기도 여주시 세종대왕면 중부대로2234번길 62,경기도 여주시 세종대왕면 용은리 394번지 1호  ,2026-06-18
여주시,정담,한우,26,경기도 여주시 흥천면 부흥로 546,"경기도 여주시 흥천면 효지리 3번지 외 3필지(4-4, 4-7, 7-1) ",2026-06-18
여주시,순교농장,한우,53,,경기도 여주시 세종대왕면 오계리 561번지 1호  ,2026-06-18
여주시,일품농장,한우,52,경기도 여주시 대신면 대신2로 419-51,경기도 여주시 대신면 계림리 582번지 6호  ,2026-06-18
여주시,세희목장,한우,10,경기도 여주시 북내면 덕산길 75-55,경기도 여주시 북내면 덕산리 423번지  ,2026-06-18
여주시,우만농장,한우,45,,경기도 여주시 우만동 65번지 2호 외1필지(64-1) ,2026-06-18
여주시,청아농장,한우,7,경기도 여주시 점동면 처리2길 193,경기도 여주시 점동면 처리 65번지  ,2026-06-18
여주시,거성목장,한우,4,,경기도 여주시 흥천면 신근리 248번지 37호  ,2026-06-18
여주시,백두농원,한우,27,경기도 여주시 세종대왕면 중부대로2629번길 54-22,경기도 여주시 세종대왕면 번도리 894번지 7호  ,2026-06-18
여주시,종현농장,한우,40,경기도 여주시 신단2길 151-39 (우만동),경기도 여주시 우만동 19번지 4호  ,2026-06-18
여주시,명인축산,한우,5,경기도 여주시 점동면 점동로 148,경기도 여주시 점동면 사곡리 317번지 4호  ,2026-06-18
여주시,창순농장,한우,14,경기도 여주시 세종대왕면 능여로 291-10,경기도 여주시 세종대왕면 오계리 378번지 4호  ,2026-06-18
여주시,진호농장,한우,10,경기도 여주시 세종대왕면 중부대로 2510-48,경기도 여주시 세종대왕면 신지리 7번지  ,2026-06-18
여주시,세명농장,한우,16,,경기도 여주시 하거동 217번지  ,2026-06-18
여주시,복길농장,한우,14,,경기도 여주시 능현동 51번지 1호  ,2026-06-18
여주시,푸른들농장,한우,64,경기도 여주시 강천면 적금리길 72-41,경기도 여주시 강천면 적금리 228번지 1호  ,2026-06-18
여주시,반야월축산,한우,11,경기도 여주시 북내면 여강로 55-6,경기도 여주시 북내면 가정리 344번지 2호  ,2026-06-18
여주시,홍인목장,한우,45,경기도 여주시 흥천면 방죽안길 28-14,경기도 여주시 흥천면 신근리 251번지 7호 외 1필지(251-8) ,2026-06-18
여주시,가래뜰농장,한우,26,경기도 여주시 여양로 571-53 (오금동),경기도 여주시 오금동 334번지 2호  ,2026-06-18
여주시,용두농장,한우,160,경기도 여주시 가남읍 건은로 82-36,경기도 여주시 가남읍 건장리 167번지 1호  ,2026-06-18
여주시,지은농장,한우,10,경기도 여주시 신단2길 151-54 (단현동),경기도 여주시 단현동 334번지 1호  ,2026-06-18
여주시,원심농장,한우,8,경기도 여주시 강천면 원심동1길 15,경기도 여주시 강천면 도전리 641번지 15호  ,2026-06-18
여주시,도장골농장,한우,31,경기도 여주시 금사면 도장길 3-2,경기도 여주시 금사면 도곡리 492번지 1호 외1필지(493-3) ,2026-06-18
여주시,이씨네농장,한우,9,,경기도 여주시 산북면 용담리 95번지 3호  ,2026-06-18
여주시,가은농장,한우,4,경기도 여주시 북내면 덕산길 100-15,경기도 여주시 북내면 덕산리 197번지  ,2026-06-18
여주시,진아농장,한우,7,경기도 여주시 가남읍 신해3길 142,경기도 여주시 가남읍 신해리 68번지  ,2026-06-18
여주시,가정농장,한우,15,경기도 여주시 북내면 여강로 3,경기도 여주시 북내면 가정리 367번지 5호 외 1필지(462) ,2026-06-18
여주시,뱅이골농장,한우,41,경기도 여주시 강천면 강천로 232-23,경기도 여주시 강천면 강천리 373번지 1호  ,2026-06-18
여주시,여흥농장,한우,80,경기도 여주시 가남읍 신해1길 15-25,경기도 여주시 가남읍 신해리 344번지 6호  ,2026-06-18
여주시,구터목장,한우,23,경기도 여주시 흥천면 시광길 37-27 (외1필지(858-14)),경기도 여주시 흥천면 신근리 858번지 1호 외1필지(858-14) ,2026-06-18
여주시,원비목장,한우,9,경기도 여주시 세종대왕면 능서로 246-13,경기도 여주시 세종대왕면 구양리 261번지  ,2026-06-18
여주시,매화농원,한우,121,경기도 여주시 세종대왕면 매양로 129-66,경기도 여주시 세종대왕면 매화리 226번지 2호  ,2026-06-18
여주시,샘뜰농장,한우,64,경기도 여주시 흥천면 남산로 152-57,경기도 여주시 흥천면 상대리 427번지 4호  ,2026-06-18
여주시,고성농장,한우,22,경기도 여주시 가남읍 건은로 86,경기도 여주시 가남읍 대신리 109번지  ,2026-06-18
여주시,정성농장,한우,9,"경기도 여주시 삼교3길 64 (삼교동,외1필지(109-3))",경기도 여주시 삼교동 109번지 1호 외1필지(109-3) ,2026-06-18
여주시,성환농장,한우,25,,경기도 여주시 대신면 송촌리 423번지 1호  ,2026-06-18
여주시,샘실농원,한우,15,경기도 여주시 흥천면 남산로 428-42,경기도 여주시 흥천면 하다리 324번지  ,2026-06-18
여주시,백바우농장,한우,12,,경기도 여주시 흥천면 신근리 472번지  ,2026-06-18
여주시,스마트농장,한우,38,,경기도 여주시 흥천면 신근리 236번지  ,2026-06-18
여주시,플러스농장,한우,2,경기도 여주시 점동면 선사길 314-81,경기도 여주시 점동면 흔암리 237번지  ,2026-06-18
여주시,수정목장,한우,75,경기도 여주시 세종대왕면 매양로 129-111,경기도 여주시 세종대왕면 양거리 104번지 3호 외 1필지(103) ,2026-06-18
여주시,재우스팜농장,한우,7,경기도 여주시 강천면 곱새기로 22-1,"경기도 여주시 강천면 간매리 115번지 1호 외2필지(112-1,115-2) ",2026-06-18
여주시,북성농장,한우,21,경기도 여주시 세종대왕면 북성산로 118-34,경기도 여주시 세종대왕면 신지리 35번지  ,2026-06-18
여주시,동일농장,한우,28,,경기도 여주시 강천면 걸은리 739번지  ,2026-06-18
여주시,서현농장,한우,26,경기도 여주시 가남읍 대신리길 263,경기도 여주시 가남읍 대신리 228번지 1호 외2필지 ,2026-06-18
여주시,JK농장,한우,130,경기도 여주시 가남읍 신해1길 127,경기도 여주시 가남읍 신해리 275번지 2호 외2필지 ,2026-06-18
여주시,순암농장,한우,6,경기도 여주시 북내면 여강로 507,경기도 여주시 북내면 장암리 305번지 2호  ,2026-06-18
여주시,신율농장,한우,3,경기도 여주시 흥천면 신율로 281,경기도 여주시 흥천면 율극리 156번지 17호 외2필지 ,2026-06-18
여주시,대성목장,한우,186,경기도 여주시 가남읍 금당2길 89-17,경기도 여주시 가남읍 금당리 514번지 3호  ,2026-06-18
여주시,대복농장,한우,9,경기도 여주시 대신면 후포1길 114-12,경기도 여주시 대신면 후포리 352번지 1호  ,2026-06-18
여주시,새중앙목장,한우,50,경기도 여주시 가남읍 대신리길 249,경기도 여주시 가남읍 대신리 234번지  ,2026-06-18
여주시,장수복부발농장,한우,44,경기도 여주시 흥천면 흥천로 250-13,경기도 여주시 흥천면 신근리 3번지 2호 외1필지(3-3) ,2026-06-18
여주시,부발농장,한우,78,경기도 여주시 흥천면 흥천로 250-13,경기도 여주시 흥천면 신근리 3번지 4호  ,2026-06-18
여주시,요한농장,한우,15,,경기도 여주시 가남읍 오산리 280번지 1호  ,2026-06-18
여주시,덕규농장,한우,0,경기도 여주시 강천면 웃설만이길 127,경기도 여주시 강천면 강천리 16번지 7호  ,2026-06-18
여주시,신해농장,한우,8,경기도 여주시 가남읍 신해1길 127-1,경기도 여주시 가남읍 신해리 235번지  ,2026-06-18
여주시,신근목장,한우,38,경기도 여주시 흥천면 신근안터길 84,경기도 여주시 흥천면 신근리 680번지 19호 외1필지 ,2026-06-18
여주시,양산목장,한우,8,경기도 여주시 대신면 대신2로 374-47,경기도 여주시 대신면 계림리 252번지  ,2026-06-18
여주시,경미농장,한우,87,,경기도 여주시 가남읍 신해리 15번지 1호 외1필지(15-2) ,2026-06-18
여주시,광현농장,한우,70,경기도 여주시 점동면 성주로 990-9,경기도 여주시 점동면 당진리 296번지 1호  ,2026-06-18
여주시,손**농장,한우,60,,경기도 여주시 세종대왕면 양거리 509번지 외 1필지(541-3) ,2026-06-18
여주시,안산목장,한우,15,경기도 여주시 점동면 처리2길 24,경기도 여주시 점동면 처리 160번지  ,2026-06-18
여주시,송산목장,한우,137,경기도 여주시 주내로 699-136 (삼교동),경기도 여주시 삼교동 14번지  ,2026-06-18
여주시,농업회사법인 유한회사 삼호한우농장,한우,300,"경기도 여주시 가남읍 대신리길 202-14 (가남읍 대신리 318, 318-1, 318-2)","경기도 여주시 가남읍 대신리 318번지 외2필지(318-1, 318-2) ",2026-06-18
여주시,규원농장,한우,128,경기도 여주시 세종대왕면 부능로 81-46,경기도 여주시 세종대왕면 용은리 509번지  ,2026-06-18
여주시,장휘농장,한우,5,경기도 여주시 대신면 송촌2길 116-20,경기도 여주시 대신면 송촌리 261번지 2호  ,2026-06-18
여주시,오금농장,한우,33,경기도 여주시 오금2길 109-47 (오금동),경기도 여주시 오금동 7번지 2호  ,2026-06-18
여주시,정원한우목장,한우,40,경기도 여주시 명성로 164-42 (능현동),경기도 여주시 능현동 85번지 1호 외1필지(85-2) ,2026-06-18
여주시,가정농장,한우,6,경기도 여주시 북내면 가정2길 10-10,경기도 여주시 북내면 가정리 220번지 9호  ,2026-06-18
여주시,천우목장,한우,150,경기도 여주시 가남읍 가남로 772,경기도 여주시 가남읍 금곡리 326번지 1호  ,2026-06-18
여주시,한우리 농장,한우,97,경기도 여주시 세종대왕면 여주남로 390-73,경기도 여주시 세종대왕면 오계리 252번지 1호  ,2026-06-18
여주시,둥지농장,한우,27,"경기도 여주시 북내면 여양2로 796-3, 외 1필지(35번지)",경기도 여주시 북내면 외룡리 34번지 1호 외 1필지(35번지) ,2026-06-18
여주시,광명목장,한우,278,경기도 여주시 점동면 성주로 509-65,경기도 여주시 점동면 관한리 724번지 외1필지 ,2026-06-18
여주시,광현목장,한우,4,경기도 여주시 대신면 상구2길 25,경기도 여주시 대신면 상구리 354번지 1호  ,2026-06-18
여주시,서진목장,한우,7,경기도 여주시 가남읍 금당4길 54-5,경기도 여주시 가남읍 금당리 57번지 4호  ,2026-06-18
여주시,오양골파나타,한우,57,경기도 여주시 금사면 금품2로 871-8,경기도 여주시 금사면 도곡리 193번지  ,2026-06-18
여주시,규성농장,한우,24,경기도 여주시 흥천면 청당길 93-75,경기도 여주시 흥천면 대당리 43번지 9호  ,2026-06-18
여주시,재석농장,한우,38,경기도 여주시 흥천면 방죽안길 83,경기도 여주시 흥천면 신근리 677번지 12호  ,2026-06-18
여주시,상구농장,한우,14,경기도 여주시 대신면 상구3길 44-34,경기도 여주시 대신면 상구리 179번지 2호 외 1필지 ,2026-06-18
여주시,시연축산,한우,100,,경기도 여주시 가남읍 대신리 232번지 1호  ,2026-06-18
여주시,승우목장,한우,7,경기도 여주시 대신면 상구2길 34-18,경기도 여주시 대신면 상구리 11번지  ,2026-06-18
여주시,선진농장,한우,108,경기도 여주시 가남읍 일신로 156-49,"경기도 여주시 가남읍 신해리 17번지 외2필지(17-1,19-1) ",2026-06-18
여주시,능서농장,한우,8,경기도 여주시 세종대왕면 안양동1길 154,경기도 여주시 세종대왕면 구양리 419번지 4호  ,2026-06-18
여주시,유빈농장,한우,6,경기도 여주시 가남읍 연삼로 158-57,경기도 여주시 가남읍 연대리 139번지 1호  ,2026-06-18
여주시,대성농장,한우,10,경기도 여주시 강천면 말개미길 22-1,경기도 여주시 강천면 걸은리 697번지 3호  ,2026-06-18
여주시,천우목장,한우,60,경기도 여주시 강천면 가정긴골길 36-1,경기도 여주시 강천면 이호리 338번지 9호  ,2026-06-18
여주시,오대양목장,한우,40,경기도 여주시 대신면 대신로 321,경기도 여주시 대신면 하림리 300번지 2호  ,2026-06-18
여주시,성원농장,한우,128,경기도 여주시 세종대왕면 중부대로 2259-49,경기도 여주시 세종대왕면 용은리 37번지 8호 외 1필지(-9) ,2026-06-18
여주시,주희농장,한우,17,경기도 여주시 대신면 대신1로 135-9,경기도 여주시 대신면 초현리 43번지  ,2026-06-18
여주시,큰시원목장,한우,2,경기도 여주시 대신면 후포1길 260,경기도 여주시 대신면 후포리 69번지  ,2026-06-18
여주시,한일농장2,한우,70,경기도 여주시 가남읍 신해1길 119,경기도 여주시 가남읍 신해리 218번지 5호  ,2026-06-18
여주시,선재목장,한우,90,경기도 여주시 점동면 장여로 679,경기도 여주시 점동면 덕평리 570번지  ,2026-06-18
여주시,금**농장,한우,16,경기도 여주시 세종대왕면 안양동1길 142,경기도 여주시 세종대왕면 구양리 459번지 19호  ,2026-06-18
여주시,우리목장,한우,52,경기도 여주시 산북면 금품2로 101-24,경기도 여주시 산북면 송현리 350번지  ,2026-06-18
여주시,삼주농장,한우,27,경기도 여주시 신단2길 151-43 (우만동),경기도 여주시 우만동 24번지 4호  ,2026-06-18
여주시,채은농장,한우,16,경기도 여주시 흥천면 능북로 168,경기도 여주시 흥천면 율극리 245번지 1호  ,2026-06-18
여주시,제일농장,한우,44,경기도 여주시 가남읍 금당3길 58,경기도 여주시 가남읍 금당리 234번지  ,2026-06-18
여주시,태양목장,한우,135,경기도 여주시 세종대왕면 중부대로2234번길 53-65,경기도 여주시 세종대왕면 용은리 721번지 3호  ,2026-06-18
여주시,강골목장,한우,71,경기도 여주시 장여로 1451-42 (삼교동),경기도 여주시 삼교동 382번지  ,2026-06-18
여주시,은정농장,한우,60,경기도 여주시 흥천면 부흥로 371-49,경기도 여주시 흥천면 대당리 245번지 외 1필지(246번지) ,2026-06-18
여주시,대승농장,한우,2,경기도 여주시 가남읍 매양로 353-6,경기도 여주시 가남읍 상활리 533번지  ,2026-06-18
여주시,두진농장,한우,15,경기도 여주시 흥천면 부흥로 514-22,경기도 여주시 흥천면 효지리 246번지 외 1필지 ,2026-06-18
여주시,금강목장,한우,4,경기도 여주시 세종대왕면 안양동1길 112,경기도 여주시 세종대왕면 구양리 478번지 1호  ,2026-06-18
여주시,승리목장,한우,22,경기도 여주시 강천면 원심동2길 13,경기도 여주시 강천면 도전리 587번지 1호  ,2026-06-18
여주시,부흥농장,한우,35,,경기도 여주시 흥천면 효지리 281번지 2호  ,2026-06-18
여주시,부흥농장2,한우,15,경기도 여주시 흥천면 부흥로 553,경기도 여주시 흥천면 효지리 281번지 5호  ,2026-06-18
여주시,창혁목장,한우,23,경기도 여주시 가남읍 헌바디길 23-88,경기도 여주시 가남읍 상활리 469번지 5호  ,2026-06-18
여주시,삼형제농원,한우,89,경기도 여주시 세종대왕면 양거1길 136,경기도 여주시 세종대왕면 양거리 513번지 2호  ,2026-06-18
여주시,다산목장,한우,37,경기도 여주시 대신면 여양1로 166-20,경기도 여주시 대신면 천서리 36번지  ,2026-06-18
여주시,홍**농장,한우,5,경기도 여주시 대신면 대신2로 419-27,경기도 여주시 대신면 계림리 360번지 4호  ,2026-06-18
여주시,수희농장,한우,22,,경기도 여주시 대신면 천서리 104번지  ,2026-06-18
여주시,초현목장,한우,5,,경기도 여주시 대신면 무촌리 192번지 1호 외 1필지 ,2026-06-18
여주시,선규농장,한우,4,경기도 여주시 연라4길 11 (연라동),경기도 여주시 연라동 495번지 4호  ,2026-06-18
여주시,광구농장,한우,2,경기도 여주시 금사면 소유실길 194-22,경기도 여주시 금사면 소유리 176번지 외 1필지(174) ,2026-06-18
여주시,대** 목장,한우,193,경기도 여주시 흥천면 신근안터길 102,경기도 여주시 흥천면 신근리 680번지 12호 외 1필지(680-33) ,2026-06-18
여주시,중암농장,한우,8,,경기도 여주시 북내면 중암리 549번지 6호  ,2026-06-18
여주시,이**농장,한우,7,경기도 여주시 대신면 천서2길 49-69,경기도 여주시 대신면 천서리 109번지 2호  ,2026-06-18
여주시,평촌농장,한우,25,경기도 여주시 북내면 여양2로 932-15,경기도 여주시 북내면 내룡리 69번지 2호 외 1필지(69-5) ,2026-06-18
여주시,주암농장,한우,30,경기도 여주시 북내면 여양2로 1089,경기도 여주시 북내면 주암리 360번지  ,2026-06-18
여주시,영원목장,젖소,79,경기도 여주시 북벌로 75 (상거동),경기도 여주시 상거동 284번지 외1필지(41-3) ,2026-06-18
여주시,모리아목장,젖소,157,경기도 여주시 흥천면 이여로 934-20,경기도 여주시 흥천면 문장리 287번지 6호  ,2026-06-18
여주시,대성목장,젖소,78,경기도 여주시 대신면 풍양1길 171,경기도 여주시 대신면 초현리 471번지 2호 외 1필지(471-3) ,2026-06-18
여주시,금곡목장,젖소,103,경기도 여주시 점동면 장여로 643-22,"경기도 여주시 점동면 덕평리 572번지 9호 외 4필지(-15, -16, -22, -24) ",2026-06-18
여주시,수목농장,젖소,50,경기도 여주시 금사면 점뜰길 27-26,경기도 여주시 금사면 금사리 450번지  ,2026-06-18
여주시,신초원목장,젖소,84,경기도 여주시 대신면 현풍길 51,경기도 여주시 대신면 무촌리 152번지 1호 외2필지 ,2026-06-18
여주시,광진축산,젖소,133,경기도 여주시 북내면 여양2로 769,경기도 여주시 북내면 외룡리 20번지 5호  ,2026-06-18
여주시,장희목장,젖소,123,경기도 여주시 점동면 장여로 680-7,경기도 여주시 점동면 덕평리 543번지 44호  ,2026-06-18
여주시,주선목장,젖소,115,경기도 여주시 세종대왕면 구양1길 38,"경기도 여주시 세종대왕면 구양리 203번지 1호 외 2필지(-2, -5) ",2026-06-18
여주시,은회목장,젖소,70,경기도 여주시 가남읍 금곡길 17,경기도 여주시 가남읍 금곡리 111번지  ,2026-06-18
여주시,효정목장,젖소,100,경기도 여주시 점동면 가남로 988-26,경기도 여주시 점동면 청안리 582번지 1호 외2필지 ,2026-06-18
여주시,대건목장,젖소,170,경기도 여주시 가남읍 가남로 866-63,"경기도 여주시 가남읍 금곡리 260번지 1호 외 4필지(-3, -7, -9) ",2026-06-18
여주시,광정목장,젖소,36,경기도 여주시 대신면 천서2길 37 (외3필지),경기도 여주시 대신면 천서리 180번지 외3필지 ,2026-06-18
여주시,김**목장,젖소,32,경기도 여주시 대신면 여양1로 510-42 (외1필지),경기도 여주시 대신면 계림리 180번지 6호 외1필지 ,2026-06-18
여주시,노다지목장,젖소,130,경기도 여주시 점동면 한밭들길 45,경기도 여주시 점동면 관한리 355번지  ,2026-06-18
여주시,김포목장,젖소,60,경기도 여주시 가남읍 금당5길 70-36 (외1필지),경기도 여주시 가남읍 금당리 42번지 외1필지 ,2026-06-18
여주시,대륙목장,젖소,418,경기도 여주시 점동면 가남로 950-11,"경기도 여주시 점동면 청안리 555번지 외7필지(522-6, -7, -8, -11, -12, -13, 556) ",2026-06-18
여주시,항아골목장,젖소,55,경기도 여주시 가남읍 삼정길 27-61,경기도 여주시 가남읍 송림리 101번지 11호  ,2026-06-18
여주시,진희목장,젖소,100,경기도 여주시 가남읍 송삼로 365 (외2필지),경기도 여주시 가남읍 송림리 392번지 외2필지 ,2026-06-18
여주시,거창목장,젖소,270,경기도 여주시 가남읍 삼정길 170,"경기도 여주시 가남읍 송림리 64번지 외 3필지(64-1, 65, 72-2) ",2026-06-18
여주시,그랑프리목장,젖소,37,경기도 여주시 대신면 여양1로 111,경기도 여주시 대신면 천서리 26번지  ,2026-06-18
여주시,소리목장,젖소,55,경기도 여주시 세종대왕면 양거1길 52,경기도 여주시 세종대왕면 양거리 579번지 1호  ,2026-06-18
여주시,임마누엘목장,젖소,129,경기도 여주시 가남읍 가남로 700-36,"경기도 여주시 가남읍 연대리 445번지 2호 외2필지(442-1,446) ",2026-06-18
여주시,왕일목장,젖소,457,경기도 여주시 가남읍 가남로 237-29,"경기도 여주시 가남읍 양귀리 43번지 1호 외 6필지(44, 45, 45-3, 45-4, 46, 722) ",2026-06-18
여주시,흥천목장,젖소,64,경기도 여주시 흥천면 시랏길 109 (외2필지),경기도 여주시 흥천면 내사리 60번지 4호 외2필지 ,2026-06-18
여주시,가람목장,젖소,74,경기도 여주시 흥천면 안시랏길 94-26,"경기도 여주시 흥천면 내사리 60번지 3호 외 3필지(60-5, 61-2, 62) ",2026-06-18
여주시,기동목장,젖소,69,경기도 여주시 흥천면 안시랏길 67,"경기도 여주시 흥천면 내사리 214번지 6호 외4필지(214-2,214-5,240-2,214-5) ",2026-06-18
여주시,여주목장,젖소,70,"경기도 여주시 흥천면 안시랏길 34, 38","경기도 여주시 흥천면 내사리 56번지 1호 외 6필지(57, 63, -1, 64-1, 246-1, -2) ",2026-06-18
여주시,예안목장,젖소,101,경기도 여주시 흥천면 흥천로 423-9,"경기도 여주시 흥천면 효지리 179번지 3호 외 11필지(-6, -7, -8, -9, -10, -35, 181, -14, -29, 182-11, -12) ",2026-06-18
여주시,양화목장,젖소,25,경기도 여주시 흥천면 내양1길 11-64,경기도 여주시 흥천면 귀백리 2번지 4호  ,2026-06-18
여주시,한성목장,젖소,70,경기도 여주시 흥천면 금대울로 119-6,경기도 여주시 흥천면 복대리 497번지 1호 외 1필지(498) ,2026-06-18
여주시,종현목장,젖소,40,경기도 여주시 오금2길 178 (오금동),경기도 여주시 오금동 64번지  ,2026-06-18
여주시,영덕목장,젖소,60,경기도 여주시 오금2길 184 (오금동),경기도 여주시 오금동 65번지  ,2026-06-18
여주시,석두목장,젖소,82,경기도 여주시 북내면 중암2길 121,"경기도 여주시 북내면 중암리 268번지 외 7필지(-6, 269, 270, 271, 274-5, -6, -7) ",2026-06-18
여주시,일산목장,젖소,54,경기도 여주시 북내면 선돌로 164 (외1필지),경기도 여주시 북내면 덕산리 63번지 4호 외1필지 ,2026-06-18
여주시,안양목장,젖소,145,경기도 여주시 북내면 여양2로 727-46 (외4필지),경기도 여주시 북내면 외룡리 139번지 1호 외4필지 ,2026-06-18
여주시,증골목장,젖소,50,경기도 여주시 북내면 상교2길 90,경기도 여주시 북내면 상교리 296번지  ,2026-06-18
여주시,희정목장,젖소,70,경기도 여주시 북내면 상교2길 22 (외1필지),경기도 여주시 북내면 상교리 213번지 외1필지 ,2026-06-18
여주시,우두산목장,젖소,62,경기도 여주시 북내면 상교3길 108,경기도 여주시 북내면 상교리 386번지 2호  ,2026-06-18
여주시,가나안목장,젖소,100,경기도 여주시 세종대왕면 여술길 170,경기도 여주시 세종대왕면 매류리 320번지 2호 외 1필지(320-1) ,2026-06-18
여주시,태영목장,젖소,211,경기도 여주시 세종대왕면 월평로 471,경기도 여주시 세종대왕면 광대리 267번지 1호 외 6필지 ,2026-06-18
여주시,가원목장,젖소,70,경기도 여주시 세종대왕면 광대2길 89,경기도 여주시 세종대왕면 광대리 185번지 6호  ,2026-06-18
여주시,봉규목장,젖소,37,경기도 여주시 세종대왕면 오리울길 27-39,경기도 여주시 세종대왕면 오계리 530번지  ,2026-06-18
여주시,음촌목장,젖소,70,경기도 여주시 흥천면 금대울로 61,경기도 여주시 흥천면 복대리 612번지 1호  ,2026-06-18
여주시,승진목장,젖소,22,경기도 여주시 흥천면 금대울로 127 (외1필지),경기도 여주시 흥천면 복대리 499번지 1호 외1필지 ,2026-06-18
여주시,고성목장,젖소,42,경기도 여주시 흥천면 늪말길 58,경기도 여주시 흥천면 복대리 397번지 3호  ,2026-06-18
여주시,복성목장,젖소,75,경기도 여주시 점동면 처리2길 144-1,경기도 여주시 점동면 처리 산 49번지 1호 외 1번지(72-5) ,2026-06-18
여주시,다온목장,젖소,90,경기도 여주시 점동면 삼정길 100,경기도 여주시 점동면 덕평리 392번지  ,2026-06-18
여주시,송이목장,젖소,110,경기도 여주시 점동면 장여로 1264,경기도 여주시 점동면 처리 571번지 외 1필지(571-2) ,2026-06-18
여주시,고은목장,젖소,142,경기도 여주시 점동면 청안리길 84-1,"경기도 여주시 점동면 청안리 453번지 외3필지(453-1,451-2,448-4) ",2026-06-18
여주시,경인목장,젖소,154,경기도 여주시 가남읍 금당5길 149,경기도 여주시 가남읍 금당리 5번지 37호 외 1필지(5-38) ,2026-06-18
여주시,황우목장,젖소,65,경기도 여주시 가남읍 금당5길 70-30,경기도 여주시 가남읍 금당리 45번지  ,2026-06-18
여주시,윤희목장,젖소,50,경기도 여주시 가남읍 금당5길 26,경기도 여주시 가남읍 금당리 52번지 14호  ,2026-06-18
여주시,원근목장,젖소,60,경기도 여주시 가남읍 가남로 280,경기도 여주시 가남읍 양귀리 156번지 4호 외2필지 ,2026-06-18
여주시,현필목장,젖소,54,경기도 여주시 가남읍 은봉길 88,경기도 여주시 가남읍 은봉리 549번지 6호 외 5필지 ,2026-06-18
여주시,원민목장,젖소,55,경기도 여주시 흥천면 금대울로 204-95,경기도 여주시 흥천면 복대리 143번지  ,2026-06-18
여주시,신미목장,젖소,104,경기도 여주시 흥천면 금대울로 204-106,"경기도 여주시 흥천면 복대리 153번지 1호 (외3필지,149,153-1,153-11) ",2026-06-18
여주시,흥복목장,젖소,112,경기도 여주시 흥천면 금대울로 204-122,경기도 여주시 흥천면 복대리 139번지 2호  ,2026-06-18
여주시,성열목장,젖소,114,경기도 여주시 흥천면 금대울로 204-87,경기도 여주시 흥천면 복대리 136번지 1호  ,2026-06-18
여주시,달굼목장,젖소,41,경기도 여주시 흥천면 신율로 252-37,경기도 여주시 흥천면 율극리 60번지 8호  ,2026-06-18
여주시,연순목장,젖소,60,경기도 여주시 흥천면 능북로 163-37,경기도 여주시 흥천면 율극리 232번지  ,2026-06-18
여주시,구춘목장,젖소,44,경기도 여주시 흥천면 신근안터길 24-11,경기도 여주시 흥천면 신근리 706번지 외 2필지 ,2026-06-18
여주시,면근목장,젖소,48,경기도 여주시 흥천면 시광길 37-77,경기도 여주시 흥천면 신근리 862번지 3호  ,2026-06-18
여주시,혜란목장,젖소,54,경기도 여주시 흥천면 은골길 85-1,경기도 여주시 흥천면 신근리 7번지 외 1필지(8) ,2026-06-18
여주시,혜지목장,젖소,59,경기도 여주시 흥천면 청당길 136,"경기도 여주시 흥천면 대당리 362번지 1호 (외 4필지,362-1,-32,362-2,-3) ",2026-06-18
여주시,구림목장,젖소,63,경기도 여주시 흥천면 청당길 108-15,경기도 여주시 흥천면 대당리 360번지 13호 외2필지 ,2026-06-18
여주시,온방농장,젖소,162,"경기도 여주시 흥천면 남산로 54, 외 60","경기도 여주시 흥천면 외사리 171번지 외 2필지(171-2, 172) ",2026-06-18
여주시,예당목장,젖소,69,경기도 여주시 흥천면 군위실길 66-68,경기도 여주시 흥천면 다대리 511번지 4호  ,2026-06-18
여주시,초원목장,젖소,122,경기도 여주시 흥천면 군위실길 66-70,"경기도 여주시 흥천면 다대리 514번지 1호 외 3필지(515,516-1,548-7) ",2026-06-18
여주시,시정목장,젖소,76,경기도 여주시 흥천면 금대울로 214-94,경기도 여주시 흥천면 복대리 135번지 1호 외2필지 ,2026-06-18
여주시,보현목장,젖소,45,경기도 여주시 흥천면 금대울로 184-59,경기도 여주시 흥천면 복대리 199번지 8호  ,2026-06-18
여주시,지명목장,젖소,60,경기도 여주시 흥천면 군위실길 159-14,"경기도 여주시 흥천면 다대리 113번지 외 3필지(113-1, 113-2, 436) ",2026-06-18
여주시,임마누엘목장,젖소,70,경기도 여주시 가남읍 가남로 700-120,경기도 여주시 가남읍 연대리 42번지 3호 외2필지 ,2026-06-18
여주시,정향목장,젖소,30,경기도 여주시 가남읍 연삼로 158-27,경기도 여주시 가남읍 연대리 212번지  ,2026-06-18
여주시,새턴목장,젖소,156,경기도 여주시 가남읍 연삼로 15,경기도 여주시 가남읍 연대리 732번지 3호  ,2026-06-18
여주시,천산목장,젖소,50,경기도 여주시 가남읍 연삼로 188,경기도 여주시 가남읍 연대리 산 74번지  ,2026-06-18
여주시,영림목장,젖소,40,경기도 여주시 가남읍 양화로 110-22,경기도 여주시 가남읍 삼군리 41번지 7호  ,2026-06-18
여주시,하니목장,젖소,74,경기도 여주시 가남읍 송삼로 376 (외2필지),경기도 여주시 가남읍 송림리 393번지 2호 외2필지 ,2026-06-18
여주시,민영목장,젖소,52,경기도 여주시 가남읍 삼정길 27-31,경기도 여주시 가남읍 송림리 121번지 13호  ,2026-06-18
여주시,요한목장,젖소,55,,경기도 여주시 가남읍 송림리 67번지  ,2026-06-18
여주시,델타목장,젖소,83,경기도 여주시 가남읍 송림1길 2 (외2필지),경기도 여주시 가남읍 송림리 422번지 외2필지 ,2026-06-18
여주시,라반목장,젖소,99,경기도 여주시 가남읍 헌바디길 23-88,경기도 여주시 가남읍 상활리 469번지 6호  ,2026-06-18
여주시,대호목장,젖소,34,경기도 여주시 금사면 발림길 15 (외1필지),경기도 여주시 금사면 궁리 114번지 2호 외1필지 ,2026-06-18
여주시,검한목장,젖소,31,경기도 여주시 금사면 발림길 16 (외1필지),경기도 여주시 금사면 궁리 116번지 1호 외1필지 ,2026-06-18
여주시,수경목장,젖소,50,경기도 여주시 가남읍 삼정길 110,경기도 여주시 가남읍 송림리 151번지  ,2026-06-18
여주시,점평목장,젖소,93,"경기도 여주시 금사면 금품1로 876 (외2필지(253,255))","경기도 여주시 금사면 금사리 254번지 외2필지(253,255) ",2026-06-18
여주시,신중앙목장,젖소,72,경기도 여주시 금사면 점뜰길 14,경기도 여주시 금사면 금사리 276번지 1호 외8필지 ,2026-06-18
여주시,금인목장,젖소,20,경기도 여주시 금사면 점뜰길 16-8,경기도 여주시 금사면 금사리 279번지 1호  ,2026-06-18
여주시,충실목장,젖소,37,경기도 여주시 금사면 점뜰길 39,경기도 여주시 금사면 금사리 390번지  ,2026-06-18
여주시,부사리목장,젖소,48,경기도 여주시 북내면 선돌로 152-13,"경기도 여주시 북내면 덕산리 25번지 외 2필지(29-1, 29-2) ",2026-06-18
여주시,산성목장,젖소,67,경기도 여주시 대신면 참샘1길 9,"경기도 여주시 대신면 천남리 170번지 외2필지(158-4,170-2) ",2026-06-18
여주시,율산목장,젖소,132,경기도 여주시 대신면 천남3길 115 (외1필지),경기도 여주시 대신면 천남리 255번지 19호 외1필지 ,2026-06-18
여주시,복영목장,젖소,100,경기도 여주시 대신면 천남3길 30-33,경기도 여주시 대신면 천남리 406번지 2호 외1필지 ,2026-06-18
여주시,수영목장,젖소,112,경기도 여주시 대신면 천남3길 29-16,경기도 여주시 대신면 천남리 230번지 1호  ,2026-06-18
여주시,진석목장,젖소,143,경기도 여주시 대신면 상구1길 87-33,"경기도 여주시 대신면 상구리 386번지 1호 외 2필지(386-6, 390-1) ",2026-06-18
여주시,벌말목장,젖소,150,경기도 여주시 대신면 상구1길 42-30,경기도 여주시 대신면 상구리 293번지 7호  ,2026-06-18
여주시,칠공칠목장,젖소,42,경기도 여주시 대신면 송촌3길 17,"경기도 여주시 대신면 송촌리 66번지 2호 외 2필지(66-1,66-3) ",2026-06-18
여주시,이반목장,젖소,111,경기도 여주시 대신면 대신로 186,경기도 여주시 대신면 하림리 234번지 3호  ,2026-06-18
여주시,OK목장,젖소,106,경기도 여주시 대신면 후포1길 114-182,경기도 여주시 대신면 하림리 587번지 2호 외1필지 ,2026-06-18
여주시,샛터목장,젖소,138,경기도 여주시 대신면 하림2길 70,경기도 여주시 대신면 하림리 440번지  ,2026-06-18
여주시,용신목장,젖소,40,경기도 여주시 대신면 하림1길 62,경기도 여주시 대신면 하림리 498번지  ,2026-06-18
여주시,늘오름목장,젖소,45,경기도 여주시 강천면 긴등길 147-22,경기도 여주시 강천면 가야리 35번지  ,2026-06-18
여주시,태양목장,젖소,139,경기도 여주시 점동면 성주로 784-37,"경기도 여주시 점동면 당진리 148번지 외 3필지(134, 135, 611-5) ",2026-06-18
여주시,덕호목장,젖소,183,경기도 여주시 가남읍 가여로 101-54,경기도 여주시 가남읍 본두리 231번지 4호 외 8필지 ,2026-06-18
여주시,동두목장,젖소,300,경기도 여주시 세종대왕면 광대2길 55,경기도 여주시 세종대왕면 광대리 산 59번지 5호  ,2026-06-18
여주시,점뜰목장,젖소,100,경기도 여주시 금사면 함작골길 84,"경기도 여주시 금사면 금사리 303번지 외2필지(304,305) ",2026-06-18
여주시,성언목장,젖소,92,경기도 여주시 대신면 하림1길 35-35,"경기도 여주시 대신면 가산리 3번지 1호 외 3필지(-2, -3, -7) ",2026-06-18
여주시,운길목장,젖소,100,경기도 여주시 대신면 여양1로 510-43,경기도 여주시 대신면 계림리 181번지 1호 외1필지 ,2026-06-18
여주시,무궁화목장,젖소,70,경기도 여주시 강천면 마감로 231-49 (외1필지),경기도 여주시 강천면 걸은리 549번지 1호 외1필지 ,2026-06-18
여주시,순덕농장,젖소,65,경기도 여주시 세종대왕면 능여로 28,경기도 여주시 세종대왕면 매류리 299번지 외 5필지 ,2026-06-18
여주시,으뜸목장,젖소,100,경기도 여주시 흥천면 효자로 249,"경기도 여주시 흥천면 다대리 570번지 외 3필지(164-3, 165, 166-1) ",2026-06-18
여주시,정성목장,젖소,10,경기도 여주시 흥천면 금대울로 204-100,경기도 여주시 흥천면 복대리 150번지  ,2026-06-18
여주시,여주자영농업고등학교,젖소,106,경기도 여주시 세종대왕면 농도원1길 76,경기도 여주시 세종대왕면 왕대리 산 136번지 66호  ,2026-06-18
여주시,정상목장,젖소,84,경기도 여주시 대신면 상구1길 140-26 (외1필지),경기도 여주시 대신면 상구리 산 65번지 외1필지 ,2026-06-18
여주시,석두,젖소,28,경기도 여주시 북내면 중암2길 32,경기도 여주시 북내면 중암리 350번지  ,2026-06-18
여주시,신은화목장,젖소,72,경기도 여주시 흥천면 금대울로 33,경기도 여주시 흥천면 복대리 667번지 2호  ,2026-06-18
여주시,행기식목장,젖소,75,경기도 여주시 세종대왕면 광대1길 59,경기도 여주시 세종대왕면 광대리 산 12번지 32호  ,2026-06-18
여주시,하늘소목장,젖소,26,경기도 여주시 가남읍 송삼로 316-1,경기도 여주시 가남읍 송림리 340번지  ,2026-06-18
여주시,언남목장,젖소,46,경기도 여주시 흥천면 금대울로 204-115,경기도 여주시 흥천면 복대리 136번지 6호  ,2026-06-18
여주시,달봉 신해목장,젖소,180,경기도 여주시 가남읍 설가로 708-37 (외1필지),경기도 여주시 가남읍 대신리 419번지 17호 외1필지 ,2026-06-18
여주시,종영목장,젖소,68,경기도 여주시 점동면 장여로 1407-34,경기도 여주시 점동면 처리 731번지 1호  ,2026-06-18
여주시,은아목장,젖소,61,"경기도 여주시 가남읍 금당5길 139, 외 1(143)","경기도 여주시 가남읍 금당리 5번지 2호 외 4필지(5-2, 5-5, 5-6, 산41-11) ",2026-06-18
여주시,요한목장,젖소,123,경기도 여주시 가남읍 송삼로 363,경기도 여주시 가남읍 송림리 392번지 3호  ,2026-06-18
여주시,혜투목장,젖소,26,경기도 여주시 흥천면 방죽안길 93,경기도 여주시 흥천면 신근리 677번지 16호  ,2026-06-18
여주시,까망목장,젖소,26,경기도 여주시 주내로 737-30 (멱곡동),경기도 여주시 멱곡동 381번지 1호  ,2026-06-18
여주시,진덕농장,젖소,48,경기도 여주시 북내면 여강로 163,경기도 여주시 북내면 지내리 482번지 1호  ,2026-06-18
여주시,태영농장,젖소,112,경기도 여주시 세종대왕면 월평로 481-16,경기도 여주시 세종대왕면 광대리 270번지 외 1필지(272-1) ,2026-06-18
여주시,장호원목장,젖소,63,경기도 여주시 대신면 후포1길 137-36 (외2필지),경기도 여주시 대신면 후포리 332번지 1호 외2필지 ,2026-06-18
여주시,세종농장,젖소,71,경기도 여주시 흥천면 신율로 320,경기도 여주시 흥천면 율극리 127번지 2호 외2필지 ,2026-06-18
여주시,황가네목장,젖소,6,경기도 여주시 대신면 여양로 1033,경기도 여주시 대신면 가산리 187번지 4호  ,2026-06-18
여주시,신푸른목장,젖소,4,경기도 여주시 가남읍 흑석로 216-57,경기도 여주시 가남읍 양귀리 산 81번지 5호  ,2026-06-18
여주시,행복한목장,젖소,50,경기도 여주시 흥천면 부흥로 513-29 (외1필지(322-1)),경기도 여주시 흥천면 효지리 322번지 외1필지(322-1) ,2026-06-18
여주시,상일농장,젖소,143,경기도 여주시 점동면 장여로 1407-9,"경기도 여주시 점동면 처리 368번지 1호 외 2필지(368-2, 368-3) ",2026-06-18
여주시,이레목장,젖소,60,경기도 여주시 가남읍 가여로 101-54,경기도 여주시 가남읍 본두리 230번지  ,2026-06-18
여주시,상거목장,젖소,269,경기도 여주시 가남읍 삼정길 93-19,경기도 여주시 가남읍 송림리 135번지 1호 외1필지 ,2026-06-18
여주시,장호원목장,젖소,189,경기도 여주시 가남읍 연삼로 275,경기도 여주시 가남읍 삼승리 415번지 3호 외 1필지(415-5) ,2026-06-18
여주시,수희목장,젖소,17,경기도 여주시 가남읍 가남로 312,경기도 여주시 가남읍 양귀리 383번지 1호  ,2026-06-18
여주시,수일목장,젖소,47,,경기도 여주시 가남읍 양귀리 46번지  ,2026-06-18
여주시,송야목장,젖소,112,경기도 여주시 가남읍 대신리길 309-1,경기도 여주시 가남읍 대신리 157번지 외2필지 ,2026-06-18
여주시,은회목장2,젖소,420,경기도 여주시 가남읍 가남로 840,경기도 여주시 가남읍 금당리 75번지 3호 외1필지 ,2026-06-18
여주시,행복한목장,젖소,87,경기도 여주시 흥천면 능북로 163-21,경기도 여주시 흥천면 율극리 201번지 7호 외2필지 ,2026-06-18
여주시,신달굼목장,젖소,6,경기도 여주시 흥천면 신율로 252-28,경기도 여주시 흥천면 율극리 359번지 2호  ,2026-06-18
여주시,내구목장,젖소,40,경기도 여주시 세종대왕면 중부대로2234번길 53-38,경기도 여주시 세종대왕면 용은리 58번지 6호  ,2026-06-18
여주시,다원목장,젖소,12,경기도 여주시 명성로 192-39 (능현동),경기도 여주시 능현동 48번지 외 1필지(49번지) ,2026-06-18
여주시,신용목장,젖소,170,경기도 여주시 금사면 점뜰길 12,"경기도 여주시 금사면 금사리 471번지 1호 외 3필지(275-3, 473-1, 473-7) ",2026-06-18
여주시,기쁨목장,젖소,27,경기도 여주시 대신면 후포1길 204-10,경기도 여주시 대신면 후포리 165번지 3호  ,2026-06-18
여주시,슬기로운목장,젖소,58,경기도 여주시 흥천면 군위실길 66-64,경기도 여주시 흥천면 다대리 517번지 외 1필지(522) ,2026-06-18
여주시,율산목장2,젖소,100,경기도 여주시 강천면 가정긴골길 436,경기도 여주시 강천면 걸은리 410번지 2호 외 1필지(409) ,2026-06-18
여주시,예당목장2,젖소,40,경기도 여주시 흥천면 군위실길 66-62,경기도 여주시 흥천면 다대리 508번지  ,2026-06-18
여주시,태양목장,젖소,27,경기도 여주시 점동면 성주로 784-30,경기도 여주시 점동면 당진리 132번지 2호  ,2026-06-18
여주시,삼일목장,육우,125,,경기도 여주시 북내면 장암리 523번지  ,2026-06-18
여주시,청룡목장,육우,16,경기도 여주시 대신면 대신1로 22,경기도 여주시 대신면 초현리 197번지 4호  ,2026-06-18
여주시,금곡농장,육우,40,경기도 여주시 가남읍 가남로 950-20,경기도 여주시 가남읍 금곡리 189번지 1호  ,2026-06-18
여주시,내양농장,육우,23,경기도 여주시 세종대왕면 내양2길 17-22,경기도 여주시 세종대왕면 내양리 36번지 1호  ,2026-06-18
여주시,은홍목장,육우,19,경기도 여주시 흥천면 방죽안길 18 (외1필지),경기도 여주시 흥천면 신근리 312번지 1호 외1필지 ,2026-06-18
여주시,오리온목장,육우,35,경기도 여주시 점봉길 44-32 (점봉동),경기도 여주시 점봉동 202번지 2호  ,2026-06-18
여주시,대신축산,육우,7,,경기도 여주시 대신면 천남리 406번지  ,2026-06-18
여주시,거성농장,육우,21,경기도 여주시 점동면 원부로 163,경기도 여주시 점동면 원부리 547번지 4호  ,2026-06-18
여주시,태흥목장,육우,161,경기도 여주시 흥천면 종다람길 95,경기도 여주시 흥천면 신근리 250번지 36호 외1필지(250-37) ,2026-06-18
여주시,삼일목장,육우,86,경기도 여주시 오금3길 127-3 (오금동),경기도 여주시 오금동 314번지  ,2026-06-18
여주시,태양농장,육우,16,경기도 여주시 흥천면 금대울로 204-91,경기도 여주시 흥천면 복대리 136번지 7호 외 1필지(136-23) ,2026-06-18
여주시,야곱농장,염소,150,경기도 여주시 가남읍 본두3길 54-68,"경기도 여주시 가남읍 본두리 71번지 6호 외2필지(71-3,71-7) ",2026-06-18
여주시,청지기 흑염소농장,염소,150,,경기도 여주시 세종대왕면 번도리 357번지 1호  ,2026-06-18
여주시,상구농장,염소,15,,경기도 여주시 대신면 상구리 374번지 1호  ,2026-06-18
여주시,장봉농장,염소,100,경기도 여주시 대신면 대신로 781-79,경기도 여주시 대신면 장풍리 257번지 1호  ,2026-06-18
여주시,청지기염소농장,염소,150,경기도 여주시 세종대왕면 능서로 82-40,경기도 여주시 세종대왕면 번도리 377번지 25호 외 1필지 ,2026-06-18
여주시,가야농장,염소,70,경기도 여주시 강천면 긴등길 147-10,"경기도 여주시 강천면 가야리 39번지 외 3필지(40, 41, 42) ",2026-06-18
여주시,홍통농장,염소,27,경기도 여주시 흥천면 대왕이길 83,경기도 여주시 흥천면 대당리 36번지 22호  ,2026-06-18
여주시,**네농장,염소,56,,경기도 여주시 대신면 옥촌리 532번지 1호 외2필지 ,2026-06-18
여주시,자연식품 양자산 약초농장,염소,45,경기도 여주시 산북면 주어로 394,경기도 여주시 산북면 주어리 산 70번지  ,2026-06-18
여주시,이슬농장,염소,150,경기도 여주시 북내면 선돌로 334-20,경기도 여주시 북내면 석우리 429번지 1호  ,2026-06-18
여주시,하늘농원,염소,200,,경기도 여주시 금사면 금사리 238번지  ,2026-06-18
여주시,옥터농장,염소,15,,경기도 여주시 산북면 주어리 650번지 2호  ,2026-06-18
여주시,우성농장,염소,90,경기도 여주시 점동면 선사길 73-5,경기도 여주시 점동면 처리 329번지  ,2026-06-18
여주시,푸른감람나무,염소,50,경기도 여주시 가여로 435 (하거동),경기도 여주시 하거동 산 71번지 5호  ,2026-06-18
여주시,산촌농장,염소,230,경기도 여주시 금사면 금품1로 419-6,경기도 여주시 금사면 상호리 112번지 1호  ,2026-06-18
여주시,지산목장,염소,150,경기도 여주시 북내면 신남1길 52-146,경기도 여주시 북내면 신남리 10번지 2호 외 1필지(10-3) ,2026-06-18
여주시,흥순농장,염소,100,경기도 여주시 흥천면 능북로 163-19,경기도 여주시 흥천면 율극리 201번지 10호  ,2026-06-18
여주시,꿈앤들농장,염소,200,경기도 여주시 가남읍 금당4길 20-1,경기도 여주시 가남읍 금당리 산 17번지 1호  ,2026-06-18
여주시,**이네 염소농장,염소,50,,경기도 여주시 세종대왕면 광대리 386번지 1호  ,2026-06-18
여주시,원경농장,염소,100,경기도 여주시 점동면 처리2길 182-8,경기도 여주시 점동면 처리 71번지 2호  ,2026-06-18
여주시,장**농장,염소,10,,경기도 여주시 세종대왕면 매류리 178번지 1호  ,2026-06-18
여주시,부영농장,염소,282,경기도 여주시 대신면 옥촌3길 47-40,경기도 여주시 대신면 옥촌리 773번지  ,2026-06-18
여주시,여주사슴목장,사슴,3,경기도 여주시 상동 주내로 98-71,경기도 여주시 상동 26  ,2026-06-18
여주시,농업회사법인 성우농장 주식회사,돼지,2883,경기도 여주시 강천면 적금리길 83-63,경기도 여주시 강천면 적금리 76번지 4호  ,2026-06-18
여주시,여주 샘농장,돼지,2500,경기도 여주시 세종대왕면 양화로 452-58,"경기도 여주시 세종대왕면 마래리 458번지 1호 외 2필지(469-1, 산54-2) ",2026-06-18
여주시,나이테농장,돼지,2200,경기도 여주시 강천면 적금리길 72-42,경기도 여주시 강천면 적금리 170번지 외 5필지 ,2026-06-18
여주시,길목농장,돼지,5600,경기도 여주시 세종대왕면 부능로 46,경기도 여주시 세종대왕면 용은리 585번지 4호 외 5필지 ,2026-06-18
여주시,육일농장,돼지,2000,경기도 여주시 세종대왕면 매화1길 144,경기도 여주시 세종대왕면 용은리 592번지 4호 외 4필지 ,2026-06-18
여주시,대영농장,돼지,2800,경기도 여주시 세종대왕면 북성산로 87,경기도 여주시 세종대왕면 신지리 66번지  ,2026-06-18
여주시,분당농장,돼지,800,경기도 여주시 흥천면 남산로 313-18,경기도 여주시 흥천면 다대리 442번지  ,2026-06-18
여주시,농업회사법인 성우농장 주식회사 사곡지점,돼지,874,경기도 여주시 점동면 점동로 134,"경기도 여주시 점동면 사곡리 324번지 외 2필지(325, 326) ",2026-06-18
여주시,장현축산,돼지,2200,"경기도 여주시 점동면 처리2길 132 (외3필지(71-8,71-10,89-4))","경기도 여주시 점동면 처리 89번지 외3필지(71-8,71-10,89-4) ",2026-06-18
여주시,성실농장,돼지,3000,경기도 여주시 가남읍 대신리길 309-22 (외4필지),경기도 여주시 가남읍 대신리 152번지 3호 외4필지 ,2026-06-18
여주시,현구농장,돼지,3200,경기도 여주시 세종대왕면 부능로 48,경기도 여주시 세종대왕면 용은리 597번지 1호  ,2026-06-18
여주시,푸른농장,돼지,4000,경기도 여주시 북내면 연마루길 18,경기도 여주시 북내면 외룡리 320번지 외14필지 ,2026-06-18
여주시,보은농장,돼지,1100,경기도 여주시 가남읍 연대2길 14,경기도 여주시 가남읍 연대리 559번지  ,2026-06-18
여주시,연대농장,돼지,1800,경기도 여주시 가남읍 연삼로 158-10,경기도 여주시 가남읍 연대리 223번지  ,2026-06-18
여주시,동일축산,돼지,3000,경기도 여주시 강천면 말개미길 38-26,경기도 여주시 강천면 걸은리 749번지 외8필지 ,2026-06-18
여주시,정오농장,돼지,500,경기도 여주시 점동면 청안리길 84-36,경기도 여주시 점동면 청안리 466번지  ,2026-06-18
여주시,송강농장,돼지,2200,"경기도 여주시 북내면 선돌로 334-45 (외5필지(422-1,423,423-1,424,424-1))","경기도 여주시 북내면 석우리 422번지 외5필지(422-1,423,423-1,424,424-1) ",2026-06-18
여주시,햇님농장,돼지,4000,경기도 여주시 북내면 여강로 471-20,경기도 여주시 북내면 장암리 268번지 19호 외3필지 ,2026-06-18
여주시,꿀꿀이농장,돼지,4000,경기도 여주시 점동면 청안리길 84-40,경기도 여주시 점동면 청안리 472번지 1호 외 10필지 ,2026-06-18
여주시,성우2농장,돼지,800,경기도 여주시 세종대왕면 매양로 32-1,경기도 여주시 세종대왕면 매화리 40번지 2호 외 1필지(40-3) ,2026-06-18
여주시,우리농장,돼지,770,경기도 여주시 흥천면 능북로 251-33,경기도 여주시 흥천면 율극리 292번지 47호  ,2026-06-18
여주시,이레농장,돼지,800,경기도 여주시 북벌로 174-43 (상거동),경기도 여주시 상거동 90번지 1호 외 1필지(92) ,2026-06-18
여주시,일심농장,돼지,1200,"경기도 여주시 주내로 737-4 (멱곡동,외2필지)",경기도 여주시 멱곡동 242번지 3호 외2필지 ,2026-06-18
여주시,애농원,돼지,2100,경기도 여주시 가남읍 신해1길 128 (외3필지),경기도 여주시 가남읍 신해리 182번지 2호 외3필지 ,2026-06-18
여주시,호산나농장,돼지,2000,경기도 여주시 가남읍 이화길 147-32 (외4필지),경기도 여주시 가남읍 신해리 294번지 1호 외4필지 ,2026-06-18
여주시,도안농장,돼지,800,경기도 여주시 가남읍 양화로 405-50,"경기도 여주시 가남읍 정단리 44번지 6호 외 2필지(44-2, 57-3) ",2026-06-18
여주시,대암농장,돼지,400,경기도 여주시 대신면 파사성2길 23 (외1필지),경기도 여주시 대신면 천서리 328번지 1호 외1필지 ,2026-06-18
여주시,거목농장,돼지,500,경기도 여주시 대신면 파사성2길 31,경기도 여주시 대신면 천서리 329번지 3호  ,2026-06-18
여주시,신**농장 매화지점,돼지,1260,경기도 여주시 세종대왕면 매양로 126,"경기도 여주시 세종대왕면 매화리 154번지 2호 외 4필지(-3, -4, -6, 156-1) ",2026-06-18
여주시,남양농장,돼지,1800,경기도 여주시 점동면 성주로 784-49 (외7필지),경기도 여주시 점동면 당진리 132번지 외7필지 ,2026-06-18
여주시,반석농장,돼지,400,경기도 여주시 흥천면 능북로 214,경기도 여주시 흥천면 율극리 266번지 6호  ,2026-06-18
여주시,대지농장2,돼지,580,경기도 여주시 흥천면 금대울로 214-49 (외1필지),경기도 여주시 흥천면 복대리 104번지 외1필지 ,2026-06-18
여주시,동천농장,돼지,2000,경기도 여주시 흥천면 시랏길 32 (외6필지),경기도 여주시 흥천면 외사리 28번지 1호 외6필지 ,2026-06-18
여주시,청산농장,돼지,800,"경기도 여주시 가업길 54-3 (가업동,외1필지)",경기도 여주시 가업동 82번지 외1필지 ,2026-06-18
여주시,주원농장,돼지,2000,"경기도 여주시 점동면 선사길 314-112 (외3필지(266,267,268))","경기도 여주시 점동면 흔암리 261번지 외3필지(266,267,268) ",2026-06-18
여주시,명산농장,돼지,2400,경기도 여주시 가남읍 삼승2길 42 (외1필지),경기도 여주시 가남읍 삼승리 140번지 5호 외1필지 ,2026-06-18
여주시,장수농장,돼지,1100,경기도 여주시 세종대왕면 북성산로 82,"경기도 여주시 세종대왕면 신지리 68번지 외 2필지(69, 69-1) ",2026-06-18
여주시,豚村유전자,돼지,48,경기도 여주시 점동면 성주로 494,경기도 여주시 점동면 뇌곡리 321번지 1호  ,2026-06-18
여주시,김**농장,돼지,1000,경기도 여주시 점동면 성주로 784-39 (외1필지),경기도 여주시 점동면 당진리 136번지 외1필지 ,2026-06-18
여주시,고**농장,돼지,329,경기도 여주시 강천면 강천로 515-11,경기도 여주시 강천면 굴암리 193번지 1호 외 1필지(193-2) ,2026-06-18
여주시,대성농장,돼지,2000,경기도 여주시 북내면 도예로 311,경기도 여주시 북내면 신남리 182번지 1호  ,2026-06-18
여주시,자영농장,돼지,1500,경기도 여주시 세종대왕면 양화로 20-43,"경기도 여주시 세종대왕면 마래리 124번지 외 2필지(125, 127-7) ",2026-06-18
여주시,기대축산영농조합법인,돼지,3440,경기도 여주시 점동면 송삼로 72-43,경기도 여주시 점동면 원부리 162번지 3호 외 12필지 ,2026-06-18
여주시,경화농장,돼지,1000,경기도 여주시 세종대왕면 매화1길 75-5,경기도 여주시 세종대왕면 매화리 207번지 2호  ,2026-06-18
여주시,수란농장,돼지,3200,경기도 여주시 세종대왕면 매화1길 118,경기도 여주시 세종대왕면 용은리 594번지 1호  ,2026-06-18
여주시,가남농장,돼지,500,경기도 여주시 가남읍 설가로 708-70,경기도 여주시 가남읍 대신리 345번지 1호  ,2026-06-18
여주시,기승농장,돼지,3844,경기도 여주시 가남읍 설가로 708-48,"경기도 여주시 가남읍 대신리 419번지 21호 외 5필지(419-20, 419-22, 470, 470-1, 산29-1) ",2026-06-18
여주시,한우리농장,돼지,1200,경기도 여주시 가남읍 정단길 133-9 (외2필지),경기도 여주시 가남읍 정단리 395번지 7호 외2필지 ,2026-06-18
여주시,미소농장,돼지,3500,,경기도 여주시 북내면 장암리 172번지 외7필지 ,2026-06-18
여주시,신원농장,돼지,2200,경기도 여주시 강천면 설경주길 142 (외3필지),경기도 여주시 강천면 간매리 34번지 1호 외3필지 ,2026-06-18
여주시,유림농장,돼지,4400,경기도 여주시 가남읍 김대1길 76 (외 5필지),경기도 여주시 가남읍 금당리 620번지 1호 외 5필지 ,2026-06-18
여주시,덕성농장,돼지,500,경기도 여주시 흥천면 신율로 193,경기도 여주시 흥천면 율극리 393번지 12호  ,2026-06-18
여주시,운경농장,돼지,6500,경기도 여주시 가남읍 광대2길 180-21,경기도 여주시 가남읍 본두리 546번지 7호 외1필지(546-3) ,2026-06-18
여주시,태산농장,돼지,937,경기도 여주시 금사면 금품1로 794 (외3필지),경기도 여주시 금사면 금사리 545번지 3호 외3필지 ,2026-06-18
여주시,신영농장,돼지,2000,경기도 여주시 세종대왕면 새미실1길 28,경기도 여주시 세종대왕면 신지리 674번지 1호  ,2026-06-18
여주시,누리영농조합,돼지,5000,경기도 여주시 가남읍 건은로 250-34,"경기도 여주시 가남읍 은봉리 387번지 외 10필지(387-1, -2, -4, -5, -7, -16, 723, -1, -2, 725-1) ",2026-06-18
여주시,거성농장,돼지,600,경기도 여주시 점동면 장여로 1407-20,경기도 여주시 점동면 처리 683번지  ,2026-06-18
여주시,충북농장,돼지,5000,경기도 여주시 북내면 상교3길 78,경기도 여주시 북내면 상교리 397번지 외5필지 ,2026-06-18
여주시,청솔농장,돼지,3500,경기도 여주시 가남읍 연삼로 261-1,경기도 여주시 가남읍 연대리 100번지 외1필지 ,2026-06-18
여주시,남한강농장,돼지,2800,경기도 여주시 가남읍 가남로 700-116,경기도 여주시 가남읍 연대리 40번지 외1필지 ,2026-06-18
여주시,여주자영농업고등학교,돼지,706,"경기도 여주시 세종대왕면 농도원2길 223, 여주자영농고협동농장",경기도 여주시 세종대왕면 왕대리 산 136번지 72호 여주자영농고협동농장 ,2026-06-18
여주시,대부축산,돼지,750,경기도 여주시 가남읍 송삼로 459-12,"경기도 여주시 가남읍 금곡리 353번지 3호 외 3필지(351-1, 354, 354-1) ",2026-06-18
여주시,오금영농조합법인,돼지,5559,경기도 여주시 오금3길 69 (오금동),경기도 여주시 오금동 296번지 1호  ,2026-06-18
여주시,두람농장,돼지,2368,경기도 여주시 세종대왕면 새미실1길 50,"경기도 여주시 세종대왕면 신지리 406번지 외 4필지(407, -3, -4, 639-1) ",2026-06-18
여주시,우리축산,돼지,6000,경기도 여주시 흥천면 웃다리실길 92 (외6필지),경기도 여주시 흥천면 상백리 79번지 외6필지 ,2026-06-18
여주시,평화농장,돼지,40,경기도 여주시 대신면 여양1로 510-30,경기도 여주시 대신면 계림리 180번지 7호  ,2026-06-18
여주시,신**농장,돼지,1855,경기도 여주시 가남읍 신해1길 75-8 (외1필지),경기도 여주시 가남읍 신해리 259번지 3호 외1필지 ,2026-06-18
여주시,기언농장2,돼지,2500,경기도 여주시 북내면 당전로 201-24,경기도 여주시 북내면 중암리 750번지 1호  ,2026-06-18
여주시,농업회사법인 (주) 안성 여주지점,돼지,3500,,경기도 여주시 북내면 상교리 388번지 1호 외3필지 ,2026-06-18
여주시,태기농장,돼지,1400,경기도 여주시 가남읍 연삼로 63-1,경기도 여주시 가남읍 연대리 498번지 1호  ,2026-06-18
여주시,오계농장,돼지,2500,경기도 여주시 세종대왕면 월평로 269-39,경기도 여주시 세종대왕면 오계리 449번지 2호 외 1필지 ,2026-06-18
여주시,수림농장,돼지,500,경기도 여주시 세종대왕면 북성산로 80,경기도 여주시 세종대왕면 신지리 64번지  ,2026-06-18
여주시,가현농장,돼지,800,경기도 여주시 가남읍 연삼로 261 (외 2필지),경기도 여주시 가남읍 연대리 100번지 4호 외 2필지 ,2026-06-18
여주시,성우3농장,돼지,800,경기도 여주시 가남읍 송삼로 459-19,경기도 여주시 가남읍 금곡리 366번지 1호  ,2026-06-18
여주시,세영농장,돼지,600,경기도 여주시 점동면 성주로 798 (외 2필지),경기도 여주시 점동면 당진리 542번지 8호 외 2필지 ,2026-06-18
여주시,창대2농장,돼지,600,,경기도 여주시 대신면 하림리 273번지 9호 외1필지 ,2026-06-18
여주시,원용농장,돼지,1500,경기도 여주시 강천면 말개미길 38-42,경기도 여주시 강천면 걸은리 750번지 4호  ,2026-06-18
여주시,반석2농장,돼지,600,경기도 여주시 흥천면 능북로 214-1,경기도 여주시 흥천면 율극리 272번지 1호  ,2026-06-18
여주시,선봉농장,돼지,4500,경기도 여주시 세종대왕면 매화1길 157,경기도 여주시 세종대왕면 매화리 227번지 14호 외 6필지 ,2026-06-18
여주시,상활농장,돼지,1000,경기도 여주시 가남읍 상활2길 83-59 (외1필지(559-5)),경기도 여주시 가남읍 신해리 559번지 외1필지(559-5) ,2026-06-18
여주시,미미축산,돼지,100,경기도 여주시 강천면 마감로 298 (외1필지(462-9)),경기도 여주시 강천면 걸은리 462번지 7호 외1필지(462-9) ,2026-06-18
여주시,가나안농장,돼지,950,경기도 여주시 가남읍 금당3길 58,경기도 여주시 가남읍 금당리 234번지  ,2026-06-18
여주시,정헌농장,돼지,950,,경기도 여주시 점동면 현수리 110번지 6호  ,2026-06-18
여주시,청운농장,돼지,330,,경기도 여주시 가남읍 본두리 546번지 8호  ,2026-06-18
여주시,재성농장,돼지,2000,경기도 여주시 북내면 도예로 336-10,경기도 여주시 북내면 신남리 210번지 3호 외6필지 ,2026-06-18
여주시,수란농장2,돼지,1372,경기도 여주시 세종대왕면 매화1길 120,경기도 여주시 세종대왕면 용은리 594번지 2호  ,2026-06-18
여주시,기준농장,돼지,800,경기도 여주시 흥천면 가막지길 28-2,경기도 여주시 흥천면 율극리 150번지  ,2026-06-18
여주시,남한강농장2,돼지,700,경기도 여주시 가남읍 가남로 700-116,경기도 여주시 가남읍 연대리 40번지 1호 외 1필지(40-8) ,2026-06-18
여주시,명승농장,돼지,500,경기도 여주시 세종대왕면 매화1길 157,경기도 여주시 세종대왕면 매화리 227번지 17호  ,2026-06-18
여주시,기원농장,돼지,456,경기도 여주시 흥천면 능북로 214-5,경기도 여주시 흥천면 율극리 266번지 14호  ,2026-06-18
