농가명,주사육업종,사업장소재지(지번),사업장소재지(도로명),사육두수,데이터 기준일자
송학농장,돼지,경상북도 포항시 남구 연일읍 학전리 340번지  ,경상북도 포항시 남구 연일읍 새마을로 615-23,1000,2025-08-14
장포농장,한우,경상북도 포항시 남구 장기면 산서리 416번지  ,경상북도 포항시 남구 장기면 산서길 113-27,47,2025-08-14
송학농장,돼지,경상북도 포항시 남구 연일읍 학전리 산 86번지 1호  ,경상북도 포항시 남구 연일읍 새마을로 615-23,0,2025-08-14
별농장,한우,경상북도 포항시 북구 기계면 내단리 1088-422외 4필지 ,경상북도 포항시 북구 기계면 새마을로1525번길 147-20,227,2025-08-14
예훈농장,한우,경상북도 포항시 북구 기계면 내단리 962번지 10호  ,경상북도 포항시 북구 기계면 새마을로 1347-25,71,2025-08-14
덕장농장,한우,경상북도 포항시 북구 흥해읍 덕장리 746번지 1호  ,경상북도 포항시 북구 흥해읍 덕실마을길174번길 40-6,40,2025-08-14
덕실농장,한우,경상북도 포항시 북구 흥해읍 덕성리 436번지 2호  ,경상북도 포항시 북구 흥해읍 덕실마을길 490-12,60,2025-08-14
병태농장,한우,경상북도 포항시 북구 흥해읍 덕성리 555번지  ,경상북도 포항시 북구 흥해읍 덕실마을길 516-5,16,2025-08-14
대성농장,한우,경상북도 포항시 북구 기계면 미현리 169번지 1호  ,경상북도 포항시 북구 기계면 기동지길 522,40,2025-08-14
부림농장,한우,경상북도 포항시 북구 기계면 미현리 18번지 5호  ,경상북도 포항시 북구 기계면 기동지길 551,22,2025-08-14
안골농장,한우,경상북도 포항시 북구 기계면 미현리 772번지  ,경상북도 포항시 북구 기계면 기동지길525번길 273,15,2025-08-14
호룡농장,한우,경상북도 포항시 북구 기계면 미현리 193번지  ,경상북도 포항시 북구 기계면 기동지길525번길 34,20,2025-08-14
천하제일한우 제1농장,한우,"경상북도 포항시 북구 기계면 인비리 600번지 , 608 ",경상북도 포항시 북구 기계면 기남길475번길 74,120,2025-08-14
성지농장,종계/산란계,경상북도 포항시 북구 흥해읍 금장리 484번지 1호  ,경상북도 포항시 북구 흥해읍 용금길163번길 50,99252,2025-08-14
안일영농,한우,경상북도 포항시 북구 흥해읍 학천리 602번지  ,경상북도 포항시 북구 흥해읍 도음로 733-10,40,2025-08-14
이도농장,한우,경상북도 포항시 북구 기계면 내단리 232번지  ,경상북도 포항시 북구 기계면 새마을로1314번길 21-11,24,2025-08-14
청솔농장,돼지,경상북도 포항시 북구 신광면 흥곡리 55번지 2호  ,경상북도 포항시 북구 신광면 비학로 579-89,900,2025-08-14
형수농장,한우,경상북도 포항시 북구 기계면 학야리 160번지  ,경상북도 포항시 북구 기계면 학야길129번길 37,55,2025-08-14
지후네 농장,한우,"경상북도 포항시 남구 호미곶면 대보리 549번지 1호 외4필지 (519, 520, 520-1, 548-2) ",경상북도 포항시 남구 호미곶면 대천길 28,75,2025-08-14
봉등산농장,한우,경상북도 포항시 남구 호미곶면 강사리 828번지 6호  ,경상북도 포항시 남구 호미곶면 호미로1111번길 40,80,2025-08-14
삼산농장,한우,경상북도 포항시 남구 호미곶면 강사리 833번지  ,경상북도 포항시 남구 호미곶면 일출로707번길 44-15,0,2025-08-14
일권농장,한우,경상북도 포항시 북구 흥해읍 남송리 458번지  ,경상북도 포항시 북구 흥해읍 삼흥로502번길 126-18,60,2025-08-14
송동농장,한우,경상북도 포항시 북구 흥해읍 남송리 447번지  ,경상북도 포항시 북구 흥해읍 삼흥로502번길 116,95,2025-08-14
천상리농장,한우,경상북도 포항시 북구 흥해읍 학천리 511번지  ,경상북도 포항시 북구 흥해읍 도음로856번길 80,32,2025-08-14
대성농장,한우,경상북도 포항시 북구 신광면 흥곡리 217번지  ,,80,2025-08-14
목골농장,한우,경상북도 포항시 북구 신광면 냉수리 792번지  ,,50,2025-08-14
하송농장,한우,경상북도 포항시 북구 송라면 하송리 428번지 4호  ,경상북도 포항시 북구 송라면 삼송길74번길 12-29,24,2025-08-14
영광농장,한우,경상북도 포항시 북구 송라면 방석리 255번지 3호  ,경상북도 포항시 북구 송라면 동해대로 2985,20,2025-08-14
송월농장,한우,경상북도 포항시 북구 신광면 안덕리 182번지 2호  ,경상북도 포항시 북구 신광면 비학로963번길 64-6,100,2025-08-14
영봉농장,한우,경상북도 포항시 북구 신광면 상읍리 457번지 1호  ,경상북도 포항시 북구 신광면 상읍길64번길 33,76,2025-08-14
재일농원,한우,경상북도 포항시 북구 기계면 내단리 1088번지 194호  ,경상북도 포항시 북구 기계면 새마을로1525번길 121-13,100,2025-08-14
영신농장,한우,경상북도 포항시 북구 신광면 사정리 120번지  ,경상북도 포항시 북구 신광면 신흥로 197-7,70,2025-08-14
삼화축산,돼지,경상북도 포항시 남구 오천읍 갈평리 376번지 14호 외 1필지 ,경상북도 포항시 남구 오천읍 기림로 1589-25 (외 1필지),1474,2025-08-14
장안목장,한우,경상북도 포항시 북구 기북면 오덕리 산 11번지  ,,20,2025-08-14
엘림농장,한우,경상북도 포항시 북구 기계면 지가리 1009번지  ,경상북도 포항시 북구 기계면 새마을로 2135,28,2025-08-14
청보리목장,한우,경상북도 포항시 남구 호미곶면 구만리 211번지 4호  ,,24,2025-08-14
산하목장,한우,경상북도 포항시 남구 호미곶면 구만리 237번지 2호  ,경상북도 포항시 남구 호미곶면 호미로1495번길 43-2,52,2025-08-14
농업회사법인(주)룸비니2농장,돼지,경상북도 포항시 북구 기계면 지가리 693번지 14호  ,경상북도 포항시 북구 기계면 기계로 509-57,1728,2025-08-14
경주축산,돼지,경상북도 포항시 북구 기계면 지가리 693번지 22호  ,경상북도 포항시 북구 기계면 기계로 509-59,1700,2025-08-14
명품농장,한우,경상북도 포항시 북구 기계면 고지리 244번지 8호  ,경상북도 포항시 북구 기계면 기남길 112,65,2025-08-14
용화농장,한우,경상북도 포항시 북구 죽장면 두마리 771번지 1호  ,,28,2025-08-14
숲고을농장,한우,경상북도 포항시 북구 죽장면 두마리 243번지  ,경상북도 포항시 북구 죽장면 면봉산길 713,20,2025-08-14
정의농장,염소,경상북도 포항시 북구 죽장면 두마리 283번지  ,,26,2025-08-14
영진농장,한우,경상북도 포항시 북구 죽장면 두마리 560번지  ,경상북도 포항시 북구 죽장면 면봉산길780번길 4,32,2025-08-14
모모목장,한우,경상북도 포항시 남구 오천읍 세계리 385번지 2호  ,경상북도 포항시 남구 오천읍 장기로 1487,25,2025-08-14
세원농장,한우,경상북도 포항시 남구 오천읍 세계리 382번지 4호  ,경상북도 포항시 남구 오천읍 장기로 1512-2,15,2025-08-14
외돌목장,한우,경상북도 포항시 남구 장기면 창지리 556번지 1호  ,경상북도 포항시 남구 장기면 장기로781번길 33-7,28,2025-08-14
서촌목장,한우,경상북도 포항시 남구 장기면 서촌리 293번지 2호  ,경상북도 포항시 남구 장기면 장기로 465,30,2025-08-14
동진목장,젖소,경상북도 포항시 남구 호미곶면 강사리 179번지  ,경상북도 포항시 남구 호미곶면 일출로 561,65,2025-08-14
황복도목장,한우,"경상북도 포항시 남구 호미곶면 강사리 705번지 ,705-1 ","경상북도 포항시 남구 호미곶면 호미로1111번길 28 (,705-1)",45,2025-08-14
한나농장,한우,경상북도 포항시 남구 호미곶면 강사리 799번지  ,경상북도 포항시 남구 호미곶면 호미로1133번길 40,15,2025-08-14
상호농장,한우,경상북도 포항시 남구 호미곶면 강사리 820번지 2호  ,경상북도 포항시 남구 호미곶면 호미로1133번길 53,85,2025-08-14
진영목장,한우,경상북도 포항시 남구 호미곶면 강사리 820번지 4호 외 1필지 ,경상북도 포항시 남구 호미곶면 호미로1133번길 49 (외 1필지),97,2025-08-14
유원축산,한우,경상북도 포항시 남구 호미곶면 강사리 820번지 9호  ,경상북도 포항시 남구 호미곶면 호미로1133번길 41,40,2025-08-14
진태목장,한우,경상북도 포항시 남구 호미곶면 강사리 828번지  ,경상북도 포항시 남구 호미곶면 호미로1111번길 48,33,2025-08-14
명월목장,한우,경상북도 포항시 남구 호미곶면 강사리 1031번지 6호  ,경상북도 포항시 남구 호미곶면 명월길 289,64,2025-08-14
대천목장,한우,경상북도 포항시 남구 호미곶면 대보리 95번지 1호  ,경상북도 포항시 남구 호미곶면 대천길 9-19,20,2025-08-14
보천목장,젖소,경상북도 포항시 남구 호미곶면 대보리 499번지 2호  ,경상북도 포항시 남구 호미곶면 해맞이로125번길 81,50,2025-08-14
성원목장,한우,경상북도 포항시 북구 기계면 성계리 992번지  ,경상북도 포항시 북구 기계면 성계길128번길 32,179,2025-08-14
한별목장,젖소,경상북도 포항시 북구 신광면 사정리 60번지 1호  ,경상북도 포항시 북구 신광면 신흥로 230-17,55,2025-08-14
대미농장,돼지,경상북도 포항시 북구 기계면 성계리 925번지  ,경상북도 포항시 북구 기계면 성계길128번길 34,1,2025-08-14
시골농장,종계/산란계,경상북도 포항시 북구 흥해읍 성곡리 160번지  ,경상북도 포항시 북구 흥해읍 성곡길182번길 36-1,4000,2025-08-14
성곡농장,종계/산란계,경상북도 포항시 북구 흥해읍 성곡리 170번지 1호  ,경상북도 포항시 북구 흥해읍 성곡길182번길 80,10000,2025-08-14
신계목장,한우,경상북도 포항시 남구 장기면 신계리 67번지  ,경상북도 포항시 남구 장기면 학삼길11번길 66,0,2025-08-14
대성농장,한우,경상북도 포항시 남구 장기면 방산리 522번지 1호  ,경상북도 포항시 남구 장기면 방산로 267,27,2025-08-14
대성농장,한우,경상북도 포항시 남구 장기면 방산리 528번지 2호  ,경상북도 포항시 남구 장기면 방산로 283,60,2025-08-14
만석목장,젖소,경상북도 포항시 북구 신광면 만석리 492번지  ,경상북도 포항시 북구 신광면 비학로1098번길 58-64,48,2025-08-14
농가월령가,한우,경상북도 포항시 북구 신광면 안덕리 864번지 1호  ,경상북도 포항시 북구 신광면 안덕길55번길 57-31,115,2025-08-14
반곡농장,한우,경상북도 포항시 북구 신광면 반곡리 181번지 2호  ,경상북도 포항시 북구 신광면 기반길106번길 22,24,2025-08-14
터일목장,한우,경상북도 포항시 북구 신광면 기일리 331번지  ,경상북도 포항시 북구 신광면 기반길 443-12,48,2025-08-14
거산농장,육우,경상북도 포항시 북구 기북면 율산리 64번지 1호  ,경상북도 포항시 북구 기북면 율산북길 184,40,2025-08-14
해돋이농장,한우,경상북도 포항시 남구 호미곶면 강사리 828번지 4호  ,경상북도 포항시 남구 호미곶면 호미로1111번길 44,23,2025-08-14
김명돌목장,한우,경상북도 포항시 북구 신광면 기일리 304번지 3호  ,경상북도 포항시 북구 신광면 기반길 443,30,2025-08-14
뫼뿌리농장,한우,경상북도 포항시 북구 기북면 율산리 943번지  ,경상북도 포항시 북구 기북면 율산남길 93-14,6,2025-08-14
물밤농장,한우,경상북도 포항시 북구 기북면 율산리 1062번지 7호  ,경상북도 포항시 북구 기북면 기북로416번길 45-6,5,2025-08-14
풍산농산,돼지,경상북도 포항시 북구 청하면 유계리 502번지  ,경상북도 포항시 북구 청하면 비학로 1739,3500,2025-08-14
최원식농장,한우,경상북도 포항시 북구 기북면 율산리 1064번지  ,경상북도 포항시 북구 기북면 율산남길 45,50,2025-08-14
포항축산업협동조합 생축장,한우,경상북도 포항시 북구 청하면 고현리 252번지 7호  ,경상북도 포항시 북구 청하면 고현길49번길 23-1,80,2025-08-14
기계한우농장,한우,경상북도 포항시 북구 기계면 문성리 196번지  ,경상북도 포항시 북구 기계면 새마을발상지길116번길 54,158,2025-08-14
남수농장,한우,경상북도 포항시 북구 기계면 현내리 146번지 1호  ,경상북도 포항시 북구 기계면 기동지길 55-80,30,2025-08-14
상만농장,한우,경상북도 포항시 북구 기계면 지가리 1089번지 56호  ,경상북도 포항시 북구 기계면 기계로 307,30,2025-08-14
오진농장,한우,경상북도 포항시 북구 기계면 내단리 1075번지 2호 외 1필지 ,경상북도 포항시 북구 기계면 내단길39번길 18-20,35,2025-08-14
해송목장,한우,경상북도 포항시 남구 호미곶면 대보리 620번지 3호  ,경상북도 포항시 남구 호미곶면 송림촌길 6,72,2025-08-14
명호농장,한우,경상북도 포항시 북구 기계면 현내리 142번지 3호  ,경상북도 포항시 북구 기계면 기동지길 55-77,40,2025-08-14
흥남목장,한우,경상북도 포항시 남구 장기면 창지리 558번지 1호 558-2 ,경상북도 포항시 남구 장기면 장기로781번길 33-7,46,2025-08-14
일구목장,한우,경상북도 포항시 남구 장기면 창지리 503번지  ,경상북도 포항시 남구 장기면 장기로781번길 20,19,2025-08-14
광명농장,한우,경상북도 포항시 남구 오천읍 세계리 412번지 외5필지 ,경상북도 포항시 남구 오천읍 장기로1479번길 22 (외5필지),400,2025-08-14
동은목장,젖소,경상북도 포항시 북구 기계면 현내리 1158번지 65호  ,,45,2025-08-14
하늘아래목장,젖소,경상북도 포항시 북구 기계면 지가리 1055번지 1호  ,경상북도 포항시 북구 기계면 기남길 310,40,2025-08-14
남송목장,한우,경상북도 포항시 북구 흥해읍 남송리 664번지  ,경상북도 포항시 북구 흥해읍 삼흥로502번길 16-46,30,2025-08-14
규석농장,산양,경상북도 포항시 북구 흥해읍 남송리 516번지  ,경상북도 포항시 북구 흥해읍 삼흥로502번길 86,40,2025-08-14
상완목장,젖소,경상북도 포항시 남구 장기면 신계리 505번지 1호  ,,30,2025-08-14
하정농장,한우,경상북도 포항시 남구 장기면 정천리 168번지  ,경상북도 포항시 남구 장기면 장기로1178번길 28,20,2025-08-14
성산농장,한우,경상북도 포항시 남구 장기면 방산리 373번지  ,경상북도 포항시 남구 장기면 방산로312번길 43,70,2025-08-14
베델목장,젖소,경상북도 포항시 북구 신광면 만석리 산 33번지  ,경상북도 포항시 북구 신광면 비학로1241번길 9-79,40,2025-08-14
성민목장,한우,경상북도 포항시 북구 흥해읍 성곡리 752번지 1호  ,경상북도 포항시 북구 흥해읍 동해대로1392번길 66-2,9,2025-08-14
옥종농장,돼지,경상북도 포항시 북구 기계면 계전리 176번지 외 3필지 ,경상북도 포항시 북구 기계면 계전길 145 (외 3필지),2000,2025-08-14
양백목장,젖소,경상북도 포항시 북구 흥해읍 덕성리 274번지  ,경상북도 포항시 북구 흥해읍 덕실마을길 351,90,2025-08-14
덕성목장,육우,경상북도 포항시 북구 흥해읍 덕성리 50번지  ,경상북도 포항시 북구 흥해읍 덕실마을길 301,38,2025-08-14
용곡농장,젖소,경상북도 포항시 북구 흥해읍 용전리 732번지  ,경상북도 포항시 북구 흥해읍 용연길 215-56,50,2025-08-14
한성농장,육우,경상북도 포항시 북구 흥해읍 양백리 산 31번지  ,경상북도 포항시 북구 흥해읍 용연길162번길 16-12,65,2025-08-14
진인목장,젖소,경상북도 포항시 북구 흥해읍 북송리 208번지 67호  ,경상북도 포항시 북구 흥해읍 북송길 96,71,2025-08-14
광명목장,젖소,경상북도 포항시 북구 흥해읍 학천리 600번지  ,경상북도 포항시 북구 흥해읍 도음로 733-10,60,2025-08-14
절골농장,젖소,경상북도 포항시 북구 흥해읍 학천리 596번지  ,경상북도 포항시 북구 흥해읍 도음로 733-7,48,2025-08-14
수정목장,젖소,"경상북도 포항시 북구 기계면 현내리 139번지 , 140 ",,50,2025-08-14
호골농장,젖소,경상북도 포항시 북구 기계면 현내리 4번지 1호  ,경상북도 포항시 북구 기계면 새마을로 1532,125,2025-08-14
더불농장,한우,경상북도 포항시 남구 구룡포읍 석병리 686번지 3호  ,경상북도 포항시 남구 구룡포읍 땅끝마을길 18,150,2025-08-14
윤식농장,육우,경상북도 포항시 남구 오천읍 세계리 534번지  ,,213,2025-08-14
정천농장,젖소,경상북도 포항시 남구 장기면 정천리 425번지 1호  ,경상북도 포항시 남구 장기면 장기로1287번길 16-42,43,2025-08-14
택이목장,한우,경상북도 포항시 남구 장기면 정천리 302번지  ,경상북도 포항시 남구 장기면 장기로1229번길 53,13,2025-08-14
마을농장,한우,경상북도 포항시 북구 신광면 흥곡리 697번지  ,경상북도 포항시 북구 신광면 흥곡길61번길 51,30,2025-08-14
하늘농장,한우,경상북도 포항시 북구 신광면 흥곡리 694번지  ,경상북도 포항시 북구 신광면 흥곡길61번길 31,40,2025-08-14
주명농장,종계/산란계,경상북도 포항시 북구 신광면 흥곡리 120번지 3호 외 3필지 ,경상북도 포항시 북구 신광면 비학로519번길 21 (외 3필지),0,2025-08-14
우각농장,한우,경상북도 포항시 북구 신광면 우각리 636번지 1호  ,경상북도 포항시 북구 신광면 비학로 668,60,2025-08-14
한우농장,한우,경상북도 포항시 북구 신광면 우각리 636번지  ,경상북도 포항시 북구 신광면 비학로 668,70,2025-08-14
지영농장,한우,경상북도 포항시 북구 신광면 우각리 662번지  ,경상북도 포항시 북구 신광면 비학로 668-8,34,2025-08-14
창규농장,한우,경상북도 포항시 북구 신광면 우각리 660번지  ,경상북도 포항시 북구 신광면 비학로 668-14,3,2025-08-14
대풍농원,젖소,경상북도 포항시 북구 신광면 냉수리 546번지 1호  ,경상북도 포항시 북구 신광면 비학로 494-10,80,2025-08-14
한솔농장,한우,경상북도 포항시 북구 신광면 죽성리 12번지  ,경상북도 포항시 북구 신광면 비학로 847,30,2025-08-14
토성농장,한우,경상북도 포항시 북구 신광면 상읍리 173번지 4호  ,경상북도 포항시 북구 신광면 비학로855번길 6,14,2025-08-14
청솔농장,돼지,경상북도 포항시 북구 신광면 안덕리 179번지  ,경상북도 포항시 북구 신광면 비학로963번길 42,300,2025-08-14
행운농장,한우,"경상북도 포항시 북구 신광면 상읍리 3번지 외 1필지, 4 외 1필지, 4-2 외 3필지 ","경상북도 포항시 북구 신광면 비학로963번길 50-11, 행운농장",99,2025-08-14
용산 농장,한우,경상북도 포항시 북구 기계면 내단리 672번지  ,경상북도 포항시 북구 기계면 내단길 63,10,2025-08-14
이인석 농장,한우,경상북도 포항시 북구 기계면 내단리 464번지  ,경상북도 포항시 북구 기계면 새마을로 1380,45,2025-08-14
인정 농장,한우,경상북도 포항시 북구 기계면 내단리 1088번지 44호  ,,35,2025-08-14
문성 농장,젖소,경상북도 포항시 북구 기계면 문성리 215번지  ,,49,2025-08-14
정가네농장,한우,경상북도 포항시 북구 기계면 인비리 432번지 1호  ,경상북도 포항시 북구 기계면 기남길 519-27,39,2025-08-14
조승희 농장,한우,경상북도 포항시 북구 기계면 인비리 237번지 1호 외 2필지 ,경상북도 포항시 북구 기계면 기남길523번길 33-12,28,2025-08-14
해동 농장,돼지,경상북도 포항시 북구 기북면 탑정리 343번지 2호  ,경상북도 포항시 북구 기북면 비학산길 164-13,3000,2025-08-14
가나안 목장,젖소,"경상북도 포항시 북구 신광면 우각리 606번지 3호 ,614 ",경상북도 포항시 북구 신광면 비학로720번길 39-5,60,2025-08-14
뜰농장,한우,경상북도 포항시 북구 신광면 냉수리 416번지  ,경상북도 포항시 북구 신광면 비학로438번길 77-41,62,2025-08-14
우촌 농장,한우,경상북도 포항시 북구 신광면 상읍리 5번지 2호  ,경상북도 포항시 북구 신광면 비학로963번길 34,80,2025-08-14
들판의추억목장,육우,경상북도 포항시 북구 신광면 냉수리 449번지 1호  ,경상북도 포항시 북구 신광면 비학로438번길 77-60,30,2025-08-14
은상농장,한우,경상북도 포항시 북구 청하면 필화리 285번지 1호  ,경상북도 포항시 북구 청하면 미남길 93-27,59,2025-08-14
미남농장,한우,경상북도 포항시 북구 청하면 미남리 13번지 6호  ,경상북도 포항시 북구 청하면 미남길 80,55,2025-08-14
진생농장,한우,경상북도 포항시 북구 죽장면 두마리 783번지  ,경상북도 포항시 북구 죽장면 면봉산길 806-40,36,2025-08-14
안동농원,한우,경상북도 포항시 북구 기북면 율산리 45번지  ,,11,2025-08-14
이삭농장,종계/산란계,경상북도 포항시 북구 기계면 내단리 720번지  ,경상북도 포항시 북구 기계면 새마을로 1444-28,35000,2025-08-14
봉계목장,한우,경상북도 포항시 북구 기계면 봉계리 257번지 3호  ,경상북도 포항시 북구 기계면 봉계길 82,48,2025-08-14
미영농장,한우,경상북도 포항시 북구 기계면 학야리 186번지 1호  ,경상북도 포항시 북구 기계면 학야길 177,50,2025-08-14
성진농장,한우,경상북도 포항시 북구 기계면 학야리 187번지  ,경상북도 포항시 북구 기계면 학야길215번길 7-27,15,2025-08-14
연관목장,한우,경상북도 포항시 북구 기계면 학야리 297번지 2호  ,경상북도 포항시 북구 기계면 학야길126번길 12,0,2025-08-14
대림농장,육우,경상북도 포항시 북구 기계면 현내리 605번지  ,경상북도 포항시 북구 기계면 새마을발상지길 41-10,35,2025-08-14
삼봉농장,한우,경상북도 포항시 북구 기계면 화대리 631번지 9호  ,경상북도 포항시 북구 기계면 기동지길 137-35,30,2025-08-14
하나농장,한우,경상북도 포항시 북구 기계면 현내리 1095번지 2호  ,경상북도 포항시 북구 기계면 기계로212번길 36,33,2025-08-14
장동농장,한우,경상북도 포항시 북구 흥해읍 금장리 438번지 1호 외 1필지 ,경상북도 포항시 북구 흥해읍 용금길 183-39 (외 1필지),70,2025-08-14
갑을농장,한우,경상북도 포항시 북구 신광면 우각리 454번지  ,경상북도 포항시 북구 신광면 비학로 742,100,2025-08-14
세천농장,한우,경상북도 포항시 북구 신광면 죽성리 42번지  ,경상북도 포항시 북구 신광면 비학로 823,94,2025-08-14
죽성농장,한우,경상북도 포항시 북구 신광면 죽성리 76번지 5호  ,경상북도 포항시 북구 신광면 죽성길 23,65,2025-08-14
황제농장,한우,경상북도 포항시 북구 청하면 서정리 707번지 9호  ,,17,2025-08-14
명암축산,돼지,경상북도 포항시 북구 청하면 명안리 274번지 1호  ,경상북도 포항시 북구 청하면 비학로 1614,1000,2025-08-14
은혜목장,젖소,경상북도 포항시 북구 송라면 하송리 146번지 39호  ,경상북도 포항시 북구 송라면 동해대로2732번길 49,48,2025-08-14
영일목장,젖소,경상북도 포항시 북구 기계면 성계리 819번지  ,,50,2025-08-14
우창축산,육계,"경상북도 포항시 남구 장기면 학계리 234번지 , 237 ",경상북도 포항시 남구 장기면 학삼길217번길 46,83071,2025-08-14
퉁기미농장,한우,경상북도 포항시 남구 장기면 정천리 261번지 1호  ,경상북도 포항시 남구 장기면 장기로1288번길 35,40,2025-08-14
영진목장,한우,경상북도 포항시 남구 장기면 대곡리 380번지 1호  ,경상북도 포항시 남구 장기면 장기로943번길 52,24,2025-08-14
신평농장,한우,경상북도 포항시 남구 장기면 신창리 637번지  ,경상북도 포항시 남구 장기면 읍내길16번길 197-1,6,2025-08-14
오남매농장,한우,경상북도 포항시 남구 장기면 읍내리 361번지 105호  ,경상북도 포항시 남구 장기면 읍내길77번길 71,29,2025-08-14
장기농장,한우,경상북도 포항시 남구 장기면 읍내리 331번지  ,경상북도 포항시 남구 장기면 읍내길77번길 83,150,2025-08-14
토성농장,한우,경상북도 포항시 북구 신광면 토성리 516번지  ,경상북도 포항시 북구 신광면 신흥로 61-18,30,2025-08-14
성은농장,한우,경상북도 포항시 북구 신광면 토성리 84번지  ,경상북도 포항시 북구 신광면 신흥로 86,36,2025-08-14
우각농장,한우,경상북도 포항시 북구 신광면 우각리 857번지  ,경상북도 포항시 북구 신광면 비학로 558-22,20,2025-08-14
기일목장,한우,경상북도 포항시 북구 신광면 기일리 299번지 1호  ,경상북도 포항시 북구 신광면 기반길 433-5,20,2025-08-14
용기농장,육우,경상북도 포항시 북구 기북면 용기리 128번지  ,,11,2025-08-14
우복농장,한우,경상북도 포항시 남구 연일읍 우복리 335번지 1호  ,경상북도 포항시 남구 연일읍 남성길1번길 125-17,62,2025-08-14
연우꼴 농장,한우,경상북도 포항시 남구 연일읍 우복리 479번지  ,경상북도 포항시 남구 연일읍 연일로360번길 95-9,100,2025-08-14
택배농장,한우,경상북도 포항시 남구 장기면 산서리 1030번지  ,경상북도 포항시 남구 장기면 산서길209번길 91,26,2025-08-14
장동농장,한우,경상북도 포항시 남구 대송면 장동리 591번지 1호  ,경상북도 포항시 남구 대송면 장동홍계길 246-6,24,2025-08-14
장수농원,한우,경상북도 포항시 북구 신광면 사정리 306번지 3호  ,,48,2025-08-14
동해농장,한우,경상북도 포항시 남구 구룡포읍 성동리 210번지  ,경상북도 포항시 남구 구룡포읍 정동길 133-53,37,2025-08-14
대림목장,한우,경상북도 포항시 남구 구룡포읍 삼정리 865번지  ,경상북도 포항시 남구 구룡포읍 공개산길 134-10,16,2025-08-14
삼정농장,한우,경상북도 포항시 남구 구룡포읍 삼정리 136번지  ,경상북도 포항시 남구 구룡포읍 일출로 103-20,10,2025-08-14
구평농장,한우,경상북도 포항시 남구 구룡포읍 구평리 1125번지 2호  ,경상북도 포항시 남구 구룡포읍 동해안로4287번길 219,20,2025-08-14
창신농장,한우,경상북도 포항시 남구 동해면 상정리 284번지  ,경상북도 포항시 남구 동해면 상정길 3-19,24,2025-08-14
비학농장,한우,경상북도 포항시 북구 청하면 서정리 산 54번지  ,,60,2025-08-14
명안농장,한우,경상북도 포항시 북구 청하면 명안리 540번지  ,,50,2025-08-14
청하 에그린,종계/산란계,경상북도 포항시 북구 청하면 고현리 25번지 1호  ,경상북도 포항시 북구 청하면 동해대로 2255,0,2025-08-14
내단농장,한우,경상북도 포항시 북구 기계면 내단리 1088번지 415호  ,경상북도 포항시 북구 기계면 새마을로1525번길 121-13,35,2025-08-14
류림농장,한우,경상북도 포항시 북구 기계면 미현리 217번지 4호  ,경상북도 포항시 북구 기계면 기동지길 644,19,2025-08-14
대왕목장,젖소,경상북도 포항시 북구 기계면 고지리 510번지 2호  ,경상북도 포항시 북구 기계면 기남길149번길 52-47,100,2025-08-14
대왕목장,젖소,경상북도 포항시 북구 기계면 고지리 428번지  ,경상북도 포항시 북구 기계면 기남길149번길 52-57,18,2025-08-14
정자농장,한우,경상북도 포항시 북구 죽장면 정자리 388번지  ,경상북도 포항시 북구 죽장면 새마을로2940번길 25,24,2025-08-14
월평농장,한우,경상북도 포항시 북구 죽장면 월평리 240번지  ,경상북도 포항시 북구 죽장면 새마을로 4121,17,2025-08-14
흥곡목장,한우,경상북도 포항시 북구 흥해읍 곡강리 977번지  ,경상북도 포항시 북구 흥해읍 한동로592번길 7,33,2025-08-14
우리농장,돼지,경상북도 포항시 남구 구룡포읍 성동리 549번지 외1필지 ,경상북도 포항시 남구 구룡포읍 정동길 133-50,900,2025-08-14
활농장,한우,경상북도 포항시 북구 신광면 우각리 477번지  ,경상북도 포항시 북구 신광면 비학로 730,65,2025-08-14
무진농장,한우,경상북도 포항시 북구 기계면 화대리 650번지 26호  ,경상북도 포항시 북구 기계면 기동지길 155,11,2025-08-14
덕성농장,한우,경상북도 포항시 북구 기계면 화대리 650번지 10호 외1필지 ,경상북도 포항시 북구 기계면 기동지길 147,0,2025-08-14
무수농장,한우,경상북도 포항시 북구 기계면 화대리 123번지  ,경상북도 포항시 북구 기계면 화대길114번길 30,50,2025-08-14
태야농장,한우,경상북도 포항시 북구 기계면 인비리 68번지  ,경상북도 포항시 북구 기계면 새마을로 2188,24,2025-08-14
세종농장,한우,경상북도 포항시 북구 기계면 인비리 440번지 12호  ,경상북도 포항시 북구 기계면 기남길 519-30,37,2025-08-14
금곡농장,한우,경상북도 포항시 남구 장기면 금곡리 422번지  ,경상북도 포항시 남구 장기면 신창길191번길 67,100,2025-08-14
송골농장,한우,경상북도 포항시 남구 장기면 금곡리 590번지  ,경상북도 포항시 남구 장기면 신창길191번길 109-13,30,2025-08-14
동원목장,한우,경상북도 포항시 남구 장기면 창지리 551번지 2호  ,경상북도 포항시 남구 장기면 장기로781번길 9-14,28,2025-08-14
신흥농장,한우,경상북도 포항시 남구 호미곶면 강사리 739번지  ,경상북도 포항시 남구 호미곶면 호미로1111번길 29,30,2025-08-14
해돋이 농장II,한우,경상북도 포항시 남구 호미곶면 강사리 738번지  ,경상북도 포항시 남구 호미곶면 호미로1111번길 33,50,2025-08-14
흥마농장,한우,경상북도 포항시 북구 흥해읍 용전리 714번지 외 1필(721번지) ,경상북도 포항시 북구 흥해읍 용연길 215-71,42,2025-08-14
안덕농장,젖소,경상북도 포항시 북구 신광면 안덕리 312번지  ,경상북도 포항시 북구 신광면 안덕길55번길 38,150,2025-08-14
계전한우농장,한우,경상북도 포항시 북구 기계면 계전리 698번지  ,경상북도 포항시 북구 기계면 계전길 333,18,2025-08-14
방축농장,한우,경상북도 포항시 북구 기계면 화대리 272번지 2호  ,,18,2025-08-14
기남낙농영농조합법인,육우,경상북도 포항시 북구 기계면 봉계리 671번지  ,경상북도 포항시 북구 기계면 봉좌산길 22,50,2025-08-14
한우사랑농장,한우,경상북도 포항시 북구 신광면 냉수리 459번지  ,경상북도 포항시 북구 신광면 비학로 458-1,100,2025-08-14
삼삼농장,한우,경상북도 포항시 북구 기북면 율산리 613번지 29호  ,경상북도 포항시 북구 기북면 기북로 523,70,2025-08-14
신성목장,한우,경상북도 포항시 북구 신광면 사정리 324번지 1호  ,경상북도 포항시 북구 신광면 사정길50번길 38,7,2025-08-14
한동원농장,한우,경상북도 포항시 북구 신광면 우각리 830번지 1호  ,경상북도 포항시 북구 신광면 비학로 630,13,2025-08-14
훈이농장,육우,경상북도 포항시 남구 호미곶면 강사리 264번지  ,경상북도 포항시 남구 호미곶면 호미로 891-2,10,2025-08-14
다산농장,한우,경상북도 포항시 남구 호미곶면 대보리 366번지 5호  ,경상북도 포항시 남구 호미곶면 해맞이로125번길 38,10,2025-08-14
까치농장,한우,경상북도 포항시 남구 호미곶면 대보리 301번지 11호  ,경상북도 포항시 남구 호미곶면 해맞이로141번길 34,20,2025-08-14
성림농장,한우,경상북도 포항시 남구 대송면 홍계리 314번지  ,경상북도 포항시 남구 대송면 홍계길 402-40,22,2025-08-14
덕운목장,한우,경상북도 포항시 남구 호미곶면 강사리 808번지 5호  ,경상북도 포항시 남구 호미곶면 호미로1133번길 44,20,2025-08-14
괴정농장,한우,경상북도 포항시 남구 장기면 방산리 1186번지 2호  ,경상북도 포항시 남구 장기면 방산로507번길 89-1,15,2025-08-14
한우사랑농장,한우,경상북도 포항시 북구 신광면 냉수리 458번지 1호  ,경상북도 포항시 북구 신광면 비학로 458-1,52,2025-08-14
진송농장,한우,경상북도 포항시 북구 신광면 상읍리 537번지 1호 외1필지 ,경상북도 포항시 북구 신광면 상읍길 136 (외1필지),87,2025-08-14
달성농장,육우,경상북도 포항시 북구 기계면 내단리 133번지 3호 외 1필지 ,경상북도 포항시 북구 기계면 내단천길 78,50,2025-08-14
유청농장,한우,경상북도 포항시 남구 동해면 발산리 506번지  ,경상북도 포항시 남구 동해면 호미로 2333-10,2,2025-08-14
남홍농장,한우,경상북도 포항시 북구 기계면 인비리 675번지 5호  ,경상북도 포항시 북구 기계면 기남길 476-27,15,2025-08-14
철우농장,한우,경상북도 포항시 북구 기계면 인비리 668번지 6호  ,경상북도 포항시 북구 기계면 기남길 476,15,2025-08-14
칠포농장,한우,경상북도 포항시 북구 송라면 광천리 76번지  ,경상북도 포항시 북구 송라면 동해대로2913번길 77,19,2025-08-14
상옥농장,한우,경상북도 포항시 북구 죽장면 상옥리 1160번지 1호  ,경상북도 포항시 북구 죽장면 죽장로 1611,28,2025-08-14
효창농장,한우,경상북도 포항시 북구 기계면 지가리 693번지 10호  ,경상북도 포항시 북구 기계면 기계로 509-61,145,2025-08-14
우현농장,한우,경상북도 포항시 북구 우현동 310번지  ,경상북도 포항시 북구 아치로 128-24 (우현동),20,2025-08-14
건재농장,한우,경상북도 포항시 북구 기계면 화대리 229번지 2호  ,경상북도 포항시 북구 기계면 기동지길 135,23,2025-08-14
계전농장,한우,경상북도 포항시 북구 기계면 계전리 96번지 7호  ,경상북도 포항시 북구 기계면 계전길 96,18,2025-08-14
시온농장,한우,경상북도 포항시 북구 기계면 인비리 629번지  ,경상북도 포항시 북구 기계면 기남길475번길 50,5,2025-08-14
이도목장,한우,경상북도 포항시 북구 기계면 문성리 55번지 1호  ,경상북도 포항시 북구 기계면 새마을발상지길75번길 100-20,256,2025-08-14
동남농장,한우,경상북도 포항시 북구 죽장면 상옥리 1565번지 4호  ,경상북도 포항시 북구 죽장면 죽장로1669번길 62,31,2025-08-14
억새풀농장,한우,경상북도 포항시 북구 기계면 지가리 556번지 15호  ,경상북도 포항시 북구 기계면 기남길186번길 65-11,0,2025-08-14
한우사랑농장,한우,경상북도 포항시 북구 신광면 우각리 669번지  ,경상북도 포항시 북구 신광면 비학로 644-9,59,2025-08-14
강우농장,한우,경상북도 포항시 북구 기계면 현내리 554번지  ,경상북도 포항시 북구 기계면 새마을로1531번길 14,18,2025-08-14
이인농장,한우,경상북도 포항시 북구 흥해읍 이인리 237번지  ,경상북도 포항시 북구 흥해읍 달전로 186-21,27,2025-08-14
문곡농장,한우,경상북도 포항시 북구 청하면 상대리 산 15번지  ,경상북도 포항시 북구 청하면 비학로1860번길 113,8,2025-08-14
창지농장,한우,경상북도 포항시 남구 장기면 창지리 169번지  ,,28,2025-08-14
상호농장,한우,경상북도 포항시 남구 동해면 금광리 168번지 5호  ,,33,2025-08-14
태순농장,한우,경상북도 포항시 북구 흥해읍 덕장리 1148번지  ,경상북도 포항시 북구 흥해읍 덕실마을길 132,7,2025-08-14
진주농장,한우,경상북도 포항시 남구 연일읍 우복리 295번지  ,경상북도 포항시 남구 연일읍 남성길1번길 138-8,21,2025-08-14
봉주목장,한우,경상북도 포항시 남구 오천읍 세계리 703번지 3호  ,경상북도 포항시 남구 오천읍 도솔로 11-10,18,2025-08-14
새터농장,한우,경상북도 포항시 남구 장기면 산서리 802번지  ,,40,2025-08-14
신창농장,한우,경상북도 포항시 남구 장기면 신창리 544번지  ,경상북도 포항시 남구 장기면 읍내길16번길 204-70,40,2025-08-14
광신농장,한우,경상북도 포항시 남구 장기면 임중리 115번지  ,경상북도 포항시 남구 장기면 읍내길 35,20,2025-08-14
대성농장,한우,경상북도 포항시 남구 장기면 정천리 575번지 외 1필지 ,경상북도 포항시 남구 장기면 장기로1404번길 10-3,0,2025-08-14
덕실농장,한우,경상북도 포항시 북구 흥해읍 덕성리 535번지  ,경상북도 포항시 북구 흥해읍 덕실마을길 510,1,2025-08-14
논골농장,한우,경상북도 포항시 북구 흥해읍 덕성리 559번지  ,경상북도 포항시 북구 흥해읍 덕실마을길 516-3,5,2025-08-14
석원농장,한우,경상북도 포항시 북구 흥해읍 성곡리 77번지  ,경상북도 포항시 북구 흥해읍 성곡북길 92,30,2025-08-14
새안농장,한우,경상북도 포항시 북구 신광면 안덕리 106번지  ,경상북도 포항시 북구 신광면 비학로1133번길 11-11,17,2025-08-14
청석골농장,한우,경상북도 포항시 북구 기계면 미현리 580번지  ,경상북도 포항시 북구 기계면 기동지길525번길 146-24,30,2025-08-14
화성농장,한우,경상북도 포항시 북구 기계면 성계리 696번지  ,,20,2025-08-14
인비농장,한우,경상북도 포항시 북구 기계면 인비리 876번지 12호  ,,21,2025-08-14
전원농장,한우,경상북도 포항시 북구 기계면 현내리 86번지  ,경상북도 포항시 북구 기계면 기동지길 34-27,8,2025-08-14
우리농장,한우,경상북도 포항시 북구 기계면 화봉리 577번지  ,경상북도 포항시 북구 기계면 기동지길263번길 39,16,2025-08-14
청록농장,한우,경상북도 포항시 북구 기계면 화봉리 639번지  ,경상북도 포항시 북구 기계면 기동지길263번길 102,15,2025-08-14
현내농장,한우,경상북도 포항시 북구 죽장면 현내리 387번지  ,경상북도 포항시 북구 죽장면 면봉산길 208-20,13,2025-08-14
우야농장,한우,경상북도 포항시 북구 기북면 율산리 1066번지 2호  ,경상북도 포항시 북구 기북면 율산남길 50,10,2025-08-14
최현식농장,한우,경상북도 포항시 북구 기북면 율산리 1085번지  ,,10,2025-08-14
정한재농장,한우,경상북도 포항시 북구 기북면 율산리 1062번지 8호  ,경상북도 포항시 북구 기북면 기북로416번길 53,25,2025-08-14
한우리농장,한우,경상북도 포항시 북구 신광면 사정리 118번지 (118-1번지) ,경상북도 포항시 북구 신광면 신흥로 187,203,2025-08-14
물밤농장,한우,경상북도 포항시 북구 기북면 율산리 1139번지  ,경상북도 포항시 북구 기북면 율산남길 76,10,2025-08-14
상송우리농장,한우,경상북도 포항시 북구 송라면 상송리 238번지  ,경상북도 포항시 북구 송라면 삼송길108번길 35-20,7,2025-08-14
대산농장,한우,경상북도 포항시 북구 신광면 안덕리 517번지  ,경상북도 포항시 북구 신광면 비학로1197번길 97-17,9,2025-08-14
한마음농장,한우,경상북도 포항시 북구 기북면 오덕리 776번지 1호  ,경상북도 포항시 북구 기북면 기북로 728,50,2025-08-14
태원농장,한우,경상북도 포항시 북구 기계면 학야리 445번지 3호  ,경상북도 포항시 북구 기계면 학야길 197,21,2025-08-14
명성농장,한우,경상북도 포항시 북구 흥해읍 덕성리 36번지  ,경상북도 포항시 북구 흥해읍 덕실마을길 247,16,2025-08-14
만복농장,한우,경상북도 포항시 남구 호미곶면 강사리 21번지  ,경상북도 포항시 남구 호미곶면 일출로642번길 19,40,2025-08-14
미소농장,한우,경상북도 포항시 남구 호미곶면 강사리 828번지 17호  ,경상북도 포항시 남구 호미곶면 호미로1111번길 49,56,2025-08-14
청구농장,한우,경상북도 포항시 북구 기계면 지가리 654번지 1호  ,경상북도 포항시 북구 기계면 봉덕길 60,120,2025-08-14
대성농장,한우,경상북도 포항시 남구 구룡포읍 석병리 921번지  ,경상북도 포항시 남구 구룡포읍 호미로 683-3,9,2025-08-14
억산농장,한우,경상북도 포항시 남구 장기면 산서리 산 11번지  ,경상북도 포항시 남구 장기면 초롱구비길 81,20,2025-08-14
오통골농장,한우,경상북도 포항시 북구 신광면 상읍리 517번지 외1필지 ,,44,2025-08-14
화봉농장,한우,경상북도 포항시 북구 기계면 화봉리 286번지  ,경상북도 포항시 북구 기계면 화대길114번길 140,48,2025-08-14
수지농장,한우,경상북도 포항시 남구 구룡포읍 삼정리 870번지 12호  ,,40,2025-08-14
태산농장,한우,경상북도 포항시 북구 흥해읍 성곡리 2-35외1필지 ,,47,2025-08-14
대림농장,한우,경상북도 포항시 북구 송라면 하송리 331번지 2호  ,,15,2025-08-14
참한우농장,한우,경상북도 포항시 북구 신광면 우각리 820-1외1필지 ,,30,2025-08-14
정해농장,한우,경상북도 포항시 북구 청하면 상대리 318번지  ,경상북도 포항시 북구 청하면 비학로1860번길 118,40,2025-08-14
성근농장,한우,경상북도 포항시 북구 기계면 화대리 303번지 3호  ,경상북도 포항시 북구 기계면 화대길 127,12,2025-08-14
태희농장,한우,경상북도 포항시 북구 기계면 화대리 314번지 2호  ,경상북도 포항시 북구 기계면 화대길 149,10,2025-08-14
수곡농장,한우,경상북도 포항시 북구 기북면 대곡리 1199번지 5호  ,경상북도 포항시 북구 기북면 기북로306번길 65,18,2025-08-14
유성농장,한우,경상북도 포항시 북구 기북면 대곡리 1548번지 5호  ,경상북도 포항시 북구 기북면 기북로264번길 31,25,2025-08-14
재완농장,한우,경상북도 포항시 북구 기북면 대곡리 1572번지 66호  ,,16,2025-08-14
민철농장,한우,경상북도 포항시 북구 기북면 대곡리 1572번지 112호  ,,15,2025-08-14
관암농장,한우,경상북도 포항시 북구 기북면 관천리 42번지  ,경상북도 포항시 북구 기북면 구관길245번길 46-13,18,2025-08-14
막실농장,한우,경상북도 포항시 북구 기북면 용기리 911번지  ,경상북도 포항시 북구 기북면 용기길49번길 35,16,2025-08-14
성원농장,한우,경상북도 포항시 북구 기북면 성법리 638번지  ,경상북도 포항시 북구 기북면 기북로1088번길 17,12,2025-08-14
민우농장,한우,경상북도 포항시 남구 장기면 서촌리 293번지 3호  ,경상북도 포항시 남구 장기면 장기로 459,14,2025-08-14
보순농장,한우,경상북도 포항시 남구 호미곶면 강사리 799번지 1호  ,경상북도 포항시 남구 호미곶면 호미로1133번길 34,20,2025-08-14
태영농장,종계/산란계,경상북도 포항시 북구 흥해읍 성곡리 180번지 1호  ,경상북도 포항시 북구 흥해읍 성곡길182번길 66-25,0,2025-08-14
한복농장,한우,경상북도 포항시 북구 청하면 미남리 748번지 1호  ,경상북도 포항시 북구 청하면 청하로 128-64,6,2025-08-14
용곡농장,한우,경상북도 포항시 북구 흥해읍 용곡리 65번지  ,경상북도 포항시 북구 흥해읍 용연길 274,23,2025-08-14
원재농장,한우,경상북도 포항시 북구 흥해읍 용전리 779번지  ,,10,2025-08-14
갈평농장,한우,경상북도 포항시 남구 오천읍 갈평리 326번지 1호  ,경상북도 포항시 남구 오천읍 기림로1785번길 36,25,2025-08-14
치호농장,한우,경상북도 포항시 남구 대송면 장동리 148번지  ,,4,2025-08-14
유빈농장,한우,경상북도 포항시 남구 장기면 산서리 36번지  ,,12,2025-08-14
양우농장,한우,경상북도 포항시 북구 우현동 254번지 외1필지 ,"경상북도 포항시 북구 소티재로126번길 51 (우현동,외1필지)",30,2025-08-14
인덕농장,한우,경상북도 포항시 북구 기계면 문성리 78번지 2호  ,경상북도 포항시 북구 기계면 새마을발상지길75번길 100-30,5,2025-08-14
운주산농장,한우,경상북도 포항시 북구 기계면 인비리 553번지  ,,11,2025-08-14
한푸른농장,한우,경상북도 포항시 남구 대송면 장동리 29번지  ,경상북도 포항시 남구 대송면 운제로 270-50,14,2025-08-14
준효목장,젖소,경상북도 포항시 북구 신광면 안덕리 250번지  ,경상북도 포항시 북구 신광면 안덕길55번길 35,78,2025-08-14
태경농장,한우,경상북도 포항시 북구 신광면 죽성리 344번지 2호  ,경상북도 포항시 북구 신광면 비학로 813-42,14,2025-08-14
대복농장,한우,경상북도 포항시 남구 호미곶면 강사리 76번지  ,경상북도 포항시 남구 호미곶면 일출로622번길 5,30,2025-08-14
진성목장,한우,경상북도 포항시 남구 호미곶면 강사리 820번지 14호  ,경상북도 포항시 남구 호미곶면 호미로1133번길 43,50,2025-08-14
신당농장,한우,경상북도 포항시 북구 신광면 냉수리 187번지  ,경상북도 포항시 북구 신광면 도음로 66-40,24,2025-08-14
종진농장,한우,경상북도 포항시 북구 청하면 하대리 234번지  ,경상북도 포항시 북구 청하면 청하로109번길 67-78,9,2025-08-14
부길농장,한우,경상북도 포항시 남구 호미곶면 구만리 358번지  ,경상북도 포항시 남구 호미곶면 호미로1495번길 43-5,0,2025-08-14
질경이농장,한우,경상북도 포항시 북구 기계면 가안리 835번지  ,,14,2025-08-14
태규농장,한우,경상북도 포항시 북구 기계면 봉계리 946번지  ,경상북도 포항시 북구 기계면 봉계길231번길 15-1,11,2025-08-14
지은농장,한우,경상북도 포항시 남구 대송면 남성리 429번지  ,경상북도 포항시 남구 대송면 남성길61번길 31,32,2025-08-14
다은농장,한우,경상북도 포항시 남구 장기면 학곡리 143번지 1호  ,,11,2025-08-14
도훈농장,한우,경상북도 포항시 남구 장기면 학곡리 613번지 1호  ,,14,2025-08-14
용전농장,한우,"경상북도 포항시 북구 흥해읍 양백리 93번지 양백리 94, 용전리 649, 용전리 650 ",경상북도 포항시 북구 흥해읍 용연길 133-50,8,2025-08-14
용찬농장,한우,경상북도 포항시 북구 흥해읍 학천리 산 24번지 2호  ,경상북도 포항시 북구 흥해읍 도음로 583,18,2025-08-14
상송농장,한우,경상북도 포항시 북구 송라면 하송리 428번지 6호 외1필지 ,경상북도 포항시 북구 송라면 삼송길74번길 12-29 (외1필지),80,2025-08-14
황제농원,한우,경상북도 포항시 북구 기계면 문성리 458번지 3호  ,경상북도 포항시 북구 기계면 새마을발상지길116번길 73-2,6,2025-08-14
창포농장,한우,경상북도 포항시 북구 기계면 봉계리 774번지  ,,12,2025-08-14
사랑농장,한우,경상북도 포항시 북구 죽장면 두마리 565번지  ,,22,2025-08-14
우물골농장,한우,경상북도 포항시 북구 창포동 539번지 3호  ,경상북도 포항시 북구 우창로125번길 90 (창포동),5,2025-08-14
두상농장,한우,경상북도 포항시 남구 동해면 상정리 338번지  ,경상북도 포항시 남구 동해면 상정길 32,0,2025-08-14
염준농장,한우,경상북도 포항시 남구 장기면 대곡리 360번지 3호  ,,10,2025-08-14
성림목장,한우,경상북도 포항시 남구 장기면 창지리 산 118번지 6호  ,경상북도 포항시 남구 장기면 장기로785번길 230,13,2025-08-14
용태농장,한우,경상북도 포항시 북구 흥해읍 금장리 183번지  ,경상북도 포항시 북구 흥해읍 칠포로265번길 36-11,15,2025-08-14
아부지농장,한우,경상북도 포항시 북구 흥해읍 용곡리 127번지 3호  ,경상북도 포항시 북구 흥해읍 용연길 237-54,40,2025-08-14
용달농장,한우,경상북도 포항시 북구 흥해읍 학천리 607번지  ,경상북도 포항시 북구 흥해읍 도음로821번길 91,17,2025-08-14
동진농장,한우,경상북도 포항시 북구 신광면 우각리 168번지 1호 외1필지 ,경상북도 포항시 북구 신광면 우각길75번길 13-1 (외1필지),16,2025-08-14
면봉산한우농장,한우,경상북도 포항시 북구 죽장면 두마리 804번지  ,경상북도 포항시 북구 죽장면 면봉산길 806-17,35,2025-08-14
두마농장,한우,경상북도 포항시 북구 죽장면 두마리 836번지  ,경상북도 포항시 북구 죽장면 면봉산길828번길 7-2,10,2025-08-14
이병대농장,한우,경상북도 포항시 북구 흥해읍 흥안리 172번지  ,경상북도 포항시 북구 흥해읍 칠포로 330-1,17,2025-08-14
기와골농장,한우,경상북도 포항시 남구 연일읍 자명리 55번지  ,,11,2025-08-14
일수농장,한우,경상북도 포항시 남구 장기면 양포리 351번지 1호  ,,11,2025-08-14
신성농장,한우,경상북도 포항시 북구 흥해읍 용전리 493번지 1호  ,경상북도 포항시 북구 흥해읍 용전길 120-5,30,2025-08-14
지원농장,한우,경상북도 포항시 북구 신광면 우각리 712번지  ,경상북도 포항시 북구 신광면 비학로 644-32,70,2025-08-14
여명농장,한우,경상북도 포항시 북구 기계면 계전리 212번지  ,경상북도 포항시 북구 기계면 계전길118번길 51,0,2025-08-14
현동농장,한우,경상북도 포항시 북구 죽장면 지동리 692번지 1호  ,경상북도 포항시 북구 죽장면 포은로 2749-1,16,2025-08-14
규홍농장,한우,경상북도 포항시 남구 장기면 읍내리 361번지 69호  ,경상북도 포항시 남구 장기면 읍내길77번길 73,0,2025-08-14
만석군농장,한우,경상북도 포항시 북구 신광면 반곡리 275번지 8호  ,경상북도 포항시 북구 신광면 기반길 26,40,2025-08-14
준희농장,한우,경상북도 포항시 북구 죽장면 두마리 107번지 1호  ,,14,2025-08-14
광희농장,한우,경상북도 포항시 북구 죽장면 매현리 363번지 2호  ,,18,2025-08-14
상근농장,한우,경상북도 포항시 북구 죽장면 두마리 637번지  ,경상북도 포항시 북구 죽장면 면봉산길840번길 19,17,2025-08-14
거산농장,한우,경상북도 포항시 북구 기북면 율산리 372번지  ,,15,2025-08-14
무봉농장,한우,경상북도 포항시 북구 기북면 율산리 742번지  ,경상북도 포항시 북구 기북면 율산북길68번길 8-2,3,2025-08-14
영우농장,한우,경상북도 포항시 남구 대송면 장동리 134번지  ,경상북도 포항시 남구 대송면 홍계길183번길 13,22,2025-08-14
태성농장,한우,경상북도 포항시 남구 대송면 홍계리 190번지 3호  ,경상북도 포항시 남구 대송면 홍계길 365,6,2025-08-14
인하농장,한우,경상북도 포항시 남구 장기면 신창리 547번지 1호  ,경상북도 포항시 남구 장기면 읍내길16번길 204-62,27,2025-08-14
덕골농장,한우,경상북도 포항시 북구 흥해읍 덕성리 433번지 6호  ,경상북도 포항시 북구 흥해읍 덕실마을길 448-21,50,2025-08-14
해철농장,한우,경상북도 포항시 북구 흥해읍 매산리 75번지  ,경상북도 포항시 북구 흥해읍 신흥로 598-9,20,2025-08-14
희망농장,한우,경상북도 포항시 북구 흥해읍 매산리 254번지  ,경상북도 포항시 북구 흥해읍 신흥로 656-33,3,2025-08-14
세영농장,한우,경상북도 포항시 북구 청하면 청진리 392번지 2호  ,경상북도 포항시 북구 청하면 해안로 1899-14,14,2025-08-14
부광농장,한우,경상북도 포항시 북구 기계면 미현리 265번지 3호  ,경상북도 포항시 북구 기계면 기동지길 689,20,2025-08-14
에벤에셀 농장,한우,경상북도 포항시 북구 신광면 토성리 257번지  ,경상북도 포항시 북구 신광면 토성길83번길 64-32,43,2025-08-14
명수농장,한우,경상북도 포항시 남구 장기면 산서리 84번지  ,경상북도 포항시 남구 장기면 초롱구비길84번길 25,17,2025-08-14
성남농장,한우,경상북도 포항시 북구 흥해읍 남송리 1052번지  ,경상북도 포항시 북구 흥해읍 성곡북길 119-28,40,2025-08-14
원하농장,한우,경상북도 포항시 북구 기계면 화봉리 518번지  ,경상북도 포항시 북구 기계면 기동지길263번길 29-27,4,2025-08-14
서달농장,한우,경상북도 포항시 북구 기계면 화봉리 614번지  ,경상북도 포항시 북구 기계면 기동지길263번길 70,10,2025-08-14
삼우농장,한우,경상북도 포항시 남구 장기면 서촌리 774번지 1호  ,경상북도 포항시 남구 장기면 장기로487번길 111,0,2025-08-14
서우목장,한우,경상북도 포항시 북구 기계면 화대리 590번지  ,경상북도 포항시 북구 기계면 기동지길 55-50,67,2025-08-14
기계한우농장,한우,경상북도 포항시 북구 기계면 문성리 210번지  ,경상북도 포항시 북구 기계면 새마을발상지길116번길 52,74,2025-08-14
일광농장,한우,경상북도 포항시 북구 신광면 사정리 1075번지 2호  ,경상북도 포항시 북구 신광면 사정안길 136,130,2025-08-14
대동농장,한우,경상북도 포항시 남구 장기면 산서리 535번지  ,경상북도 포항시 남구 장기면 산서길 60-12,20,2025-08-14
서연농장,한우,경상북도 포항시 북구 기계면 현내리 1153번지 6호  ,,30,2025-08-14
전원농장,한우,경상북도 포항시 남구 구룡포읍 석병리 836번지 2호  ,,13,2025-08-14
크로포드,한우,경상북도 포항시 북구 청하면 미남리 341번지  ,경상북도 포항시 북구 청하면 미남길 63,12,2025-08-14
한솔농장,한우,경상북도 포항시 남구 호미곶면 구만리 240번지  ,경상북도 포항시 남구 호미곶면 호미로1495번길 43-6,24,2025-08-14
초록농장2,한우,경상북도 포항시 남구 오천읍 갈평리 24번지  ,경상북도 포항시 남구 오천읍 기림로1673번길 16,10,2025-08-14
동오푸른 농장,한우,경상북도 포항시 북구 흥해읍 용천리 632번지 22호  ,경상북도 포항시 북구 흥해읍 흥해로 162-77,38,2025-08-14
상길농장,한우,경상북도 포항시 북구 신광면 사정리 305번지  ,경상북도 포항시 북구 신광면 사정길50번길 16-50,10,2025-08-14
푸른농장,한우,경상북도 포항시 북구 신광면 죽성리 52번지  ,경상북도 포항시 북구 신광면 비학로 815,21,2025-08-14
한일농장,한우,경상북도 포항시 북구 흥해읍 남송리 1056번지 7호  ,,4,2025-08-14
버들골농장,한우,경상북도 포항시 북구 기북면 율산리 868번지  ,경상북도 포항시 북구 기북면 기북로460번길 61,10,2025-08-14
김봉농장,한우,경상북도 포항시 북구 기북면 율산리 621번지 2호  ,경상북도 포항시 북구 기북면 기북로498번길 9,5,2025-08-14
상운농장,한우,경상북도 포항시 북구 기계면 성계리 913번지  ,경상북도 포항시 북구 기계면 성계길128번길 47,5,2025-08-14
푸른농장,한우,경상북도 포항시 북구 신광면 흥곡리 219번지 1호  ,경상북도 포항시 북구 신광면 흥곡길 47,44,2025-08-14
솔밭농장,한우,경상북도 포항시 북구 기계면 내단리 814번지  ,경상북도 포항시 북구 기계면 새마을로 1438,20,2025-08-14
복상농장,한우,경상북도 포항시 남구 장기면 창지리 697번지  ,,7,2025-08-14
뒷골농장,한우,경상북도 포항시 북구 흥해읍 금장리 산 78번지  ,,9,2025-08-14
성칠농장,한우,경상북도 포항시 북구 흥해읍 금장리 440번지  ,경상북도 포항시 북구 흥해읍 용금길 183-47,10,2025-08-14
벌재농장,한우,경상북도 포항시 북구 흥해읍 용천리 1047번지 5호  ,경상북도 포항시 북구 흥해읍 용금길83번길 50,25,2025-08-14
우각농장,한우,경상북도 포항시 북구 신광면 우각리 504번지 2호  ,,18,2025-08-14
성우농장,한우,경상북도 포항시 북구 기계면 학야리 448번지 4호  ,경상북도 포항시 북구 기계면 학야길 199,0,2025-08-14
만직농장,한우,경상북도 포항시 북구 기계면 인비리 14번지 7호  ,경상북도 포항시 북구 기계면 기북로 134-7,7,2025-08-14
우견농장,한우,경상북도 포항시 남구 동해면 중산리 309번지  ,경상북도 포항시 남구 동해면 정동길 551-22,22,2025-08-14
한우리농장,한우,경상북도 포항시 남구 장기면 창지리 464번지  ,경상북도 포항시 남구 장기면 장기로781번길 37,8,2025-08-14
새말농장,한우,경상북도 포항시 북구 신광면 냉수리 326번지 1호  ,경상북도 포항시 북구 신광면 비학로438번길 79,16,2025-08-14
냉수농장,한우,경상북도 포항시 북구 신광면 냉수리 602번지 1호  ,경상북도 포항시 북구 신광면 비학로438번길 8,12,2025-08-14
행복농장,한우,경상북도 포항시 북구 기계면 인비리 641번지 3호  ,,7,2025-08-14
삼정농산,한우,경상북도 포항시 북구 죽장면 하사리 547번지  ,경상북도 포항시 북구 죽장면 병보천길 504-1,13,2025-08-14
태원축산,한우,경상북도 포항시 북구 창포동 583번지 3호  ,경상북도 포항시 북구 우창로125번길 117 (창포동),53,2025-08-14
동신농장,한우,경상북도 포항시 북구 기계면 고지리 231번지 1호  ,경상북도 포항시 북구 기계면 기남길 75,3,2025-08-14
춘달농장,한우,경상북도 포항시 북구 우현동 430번지  ,경상북도 포항시 북구 아치로 196 (우현동),9,2025-08-14
경인축산,한우,경상북도 포항시 북구 장성동 707번지 1호  ,경상북도 포항시 북구 침촌마을길 75-29 (장성동),11,2025-08-14
럭키축산,한우,경상북도 포항시 북구 양덕동 1114번지  ,,10,2025-08-14
안덕농장,한우,경상북도 포항시 북구 신광면 안덕리 16번지 1호  ,경상북도 포항시 북구 신광면 비학로1197번길 44-85,17,2025-08-14
아리랑농장,한우,경상북도 포항시 북구 송라면 하송리 481번지  ,,4,2025-08-14
산서농장,한우,경상북도 포항시 남구 장기면 산서리 450번지  ,경상북도 포항시 남구 장기면 산서길98번길 6,12,2025-08-14
덕장농장,한우,경상북도 포항시 북구 흥해읍 덕장리 1155번지 외3필지 ,경상북도 포항시 북구 흥해읍 덕실마을길 132-60,0,2025-08-14
어래산농장,한우,경상북도 포항시 북구 기계면 학야리 366번지  ,,13,2025-08-14
태양농장,사슴,경상북도 포항시 남구 호미곶면 대보리 707번지  ,경상북도 포항시 남구 호미곶면 해맞이로167번길 77,20,2025-08-14
한화농장,한우,경상북도 포항시 북구 청하면 하대리 297번지  ,경상북도 포항시 북구 청하면 청하로109번길 67-77,40,2025-08-14
대현농장,한우,경상북도 포항시 남구 호미곶면 강사리 869번지  ,경상북도 포항시 남구 호미곶면 일출로687번길 68,2,2025-08-14
경성목장,한우,경상북도 포항시 북구 흥해읍 덕장리 1067번지  ,경상북도 포항시 북구 흥해읍 덕장길 271-23,17,2025-08-14
일출농장,한우,경상북도 포항시 북구 흥해읍 용전리 751번지  ,경상북도 포항시 북구 흥해읍 용연길 215-86,4,2025-08-14
에벤에셀,한우,경상북도 포항시 북구 신광면 만석리 306번지  ,경상북도 포항시 북구 신광면 비학로1242번길 10-26,20,2025-08-14
강산해 농장,한우,경상북도 포항시 북구 신광면 우각리 431번지  ,경상북도 포항시 북구 신광면 비학로720번길 23-89,84,2025-08-14
동진농원,한우,경상북도 포항시 북구 기계면 내단리 945번지 1호  ,경상북도 포항시 북구 기계면 새마을로1525번길 43,30,2025-08-14
한들농장,한우,경상북도 포항시 북구 기북면 대곡리 1546번지 2호  ,경상북도 포항시 북구 기북면 기북로 232-9,0,2025-08-14
봉산농장,한우,경상북도 포항시 남구 장기면 창지리 568번지 3호  ,경상북도 포항시 남구 장기면 장기로781번길 33-8,10,2025-08-14
창남목장,한우,경상북도 포항시 남구 장기면 창지리 559번지 2호  ,경상북도 포항시 남구 장기면 장기로781번길 9-6,7,2025-08-14
금오농장,한우,경상북도 포항시 남구 장기면 마현리 292번지 29호  ,,7,2025-08-14
시릿골 농장,한우,경상북도 포항시 북구 신광면 죽성리 499번지  ,,16,2025-08-14
호순농장,한우,경상북도 포항시 남구 동해면 중흥리 140번지  ,경상북도 포항시 남구 동해면 흥환길 106-29,4,2025-08-14
만석군농장,한우,경상북도 포항시 북구 신광면 만석리 487번지  ,경상북도 포항시 북구 신광면 비학로1098번길 58-80,42,2025-08-14
대형농장1호,한우,경상북도 포항시 북구 신광면 흥곡리 715번지 1호  ,경상북도 포항시 북구 신광면 흥곡길 119-33,0,2025-08-14
이레농장,한우,경상북도 포항시 북구 기계면 성계리 611번지  ,경상북도 포항시 북구 기계면 성계길 74-7,36,2025-08-14
신광한우농장,한우,경상북도 포항시 북구 신광면 사정리 640번지  ,경상북도 포항시 북구 신광면 비학로1098번길 12,30,2025-08-14
대덕농장,한우,경상북도 포항시 북구 흥해읍 덕성리 433번지 9호  ,경상북도 포항시 북구 흥해읍 덕실마을길 490-52,38,2025-08-14
동해농장,한우,경상북도 포항시 북구 흥해읍 마산리 348번지  ,경상북도 포항시 북구 흥해읍 신흥로885번길 44,7,2025-08-14
또또농장,한우,경상북도 포항시 북구 신광면 토성리 705번지 34호  ,경상북도 포항시 북구 신광면 신흥로 85,40,2025-08-14
신중앙 농장,한우,경상북도 포항시 북구 신광면 흥곡리 806번지  ,경상북도 포항시 북구 신광면 흥곡길127번길 40,95,2025-08-14
재연 농장,한우,경상북도 포항시 남구 호미곶면 구만리 277번지  ,경상북도 포항시 남구 호미곶면 보천길 68,25,2025-08-14
협성축산,한우,경상북도 포항시 북구 기계면 내단리 971번지 2호 외 1필지(970-1) ,경상북도 포항시 북구 기계면 새마을로1525번길 41,38,2025-08-14
초록농장,한우,경상북도 포항시 북구 신광면 죽성리 38번지 1호  ,경상북도 포항시 북구 신광면 비학로 823-25,64,2025-08-14
일광농장,한우,경상북도 포항시 북구 신광면 사정리 583번지 1호  ,경상북도 포항시 북구 신광면 사정안길 122-30,53,2025-08-14
대명농장,한우,경상북도 포항시 남구 연일읍 괴정리 333번지  ,경상북도 포항시 남구 연일읍 원서길 18-11,24,2025-08-14
자명농장,한우,경상북도 포항시 남구 연일읍 자명리 605번지  ,,10,2025-08-14
주왕산 한우농장,한우,경상북도 포항시 북구 신광면 상읍리 172번지  ,경상북도 포항시 북구 신광면 비학로855번길 4-15,148,2025-08-14
하늘농장,한우,경상북도 포항시 북구 신광면 우각리 430번지  ,경상북도 포항시 북구 신광면 비학로720번길 23-87,54,2025-08-14
솟발농장,한우,경상북도 포항시 남구 장기면 정천리 435번지 2호  ,경상북도 포항시 남구 장기면 방산로 1040-39,31,2025-08-14
청하 농장,한우,경상북도 포항시 북구 청하면 청계리 599번지  ,경상북도 포항시 북구 청하면 비학로 2055,9,2025-08-14
참 농장,한우,경상북도 포항시 북구 기계면 성계리 395번지  ,경상북도 포항시 북구 기계면 성계길 211-51,11,2025-08-14
곡강농장,한우,경상북도 포항시 북구 흥해읍 곡강리 609번지 1호  ,,43,2025-08-14
흥안농장1,한우,경상북도 포항시 북구 흥해읍 흥안리 938번지  ,경상북도 포항시 북구 흥해읍 칠포로 150,50,2025-08-14
망천농장,한우,경상북도 포항시 북구 흥해읍 망천리 328번지 10호  ,경상북도 포항시 북구 흥해읍 한동로 199-95,24,2025-08-14
고현축산,한우,경상북도 포항시 북구 청하면 고현리 139번지  ,,15,2025-08-14
용곡농장,한우,경상북도 포항시 북구 흥해읍 용곡리 110번지 3호  ,경상북도 포항시 북구 흥해읍 용연길 237-37,120,2025-08-14
구안농장,한우,경상북도 포항시 남구 연일읍 자명리 195번지 6호  ,경상북도 포항시 남구 연일읍 자명안길36번길 43,1,2025-08-14
장기 산골농장,한우,경상북도 포항시 남구 장기면 산서리 1030번지  ,경상북도 포항시 남구 장기면 산서길209번길 91,1,2025-08-14
신평농장,한우,경상북도 포항시 남구 장기면 신창리 812번지 2호  ,경상북도 포항시 남구 장기면 읍내길16번길 203-75,30,2025-08-14
엿재한우 농장,한우,경상북도 포항시 북구 신광면 반곡리 236번지  ,경상북도 포항시 북구 신광면 기반길 48-98,0,2025-08-14
혁 한우농장,한우,경상북도 포항시 남구 연일읍 오천리 396번지 15호  ,경상북도 포항시 남구 연일읍 철강로 136-24,84,2025-08-14
청솔농장,한우,경상북도 포항시 남구 대송면 장동리 24번지  ,경상북도 포항시 남구 대송면 운제로 254-25,7,2025-08-14
어미들 농장,한우,경상북도 포항시 남구 연일읍 오천리 607번지 13호  ,경상북도 포항시 남구 연일읍 철강로 118-66,12,2025-08-14
두마농장,한우,"경상북도 포항시 북구 죽장면 두마리 850번지 외 2필지(847,848) ",경상북도 포항시 북구 죽장면 면봉산길 825,40,2025-08-14
소동농장,한우,경상북도 포항시 북구 청하면 소동리 470번지  ,경상북도 포항시 북구 청하면 사방공원길 188-36,70,2025-08-14
초록2 농장,한우,    ,경상북도 포항시 북구 신광면 비학로 823-21,35,2025-08-14
그루터기농장,한우,경상북도 포항시 북구 흥해읍 덕장리 1207번지  ,경상북도 포항시 북구 흥해읍 덕실마을길 132-70,156,2025-08-14
한나농장,한우,경상북도 포항시 남구 호미곶면 강사리 808번지 3호  ,경상북도 포항시 남구 호미곶면 호미로1133번길 48,60,2025-08-14
새마을 농장,한우,경상북도 포항시 남구 오천읍 문충리 291번지 2호  ,경상북도 포항시 남구 오천읍 오어로298번길 1-5,11,2025-08-14
초록농장,한우,경상북도 포항시 남구 오천읍 갈평리 20번지 3호  ,경상북도 포항시 남구 오천읍 기림로 1669,13,2025-08-14
하나농장,한우,경상북도 포항시 북구 기계면 인비리 675번지 2호  ,경상북도 포항시 북구 기계면 기남길 476-23,18,2025-08-14
동아농장,한우,경상북도 포항시 북구 흥해읍 흥안리 178번지  ,경상북도 포항시 북구 흥해읍 칠포로 430-48,54,2025-08-14
자영농장,한우,경상북도 포항시 북구 흥해읍 망천리 544번지 1호  ,경상북도 포항시 북구 흥해읍 한동로106번길 28-91 (외 4필지),30,2025-08-14
해게울 목장,한우,경상북도 포항시 남구 장기면 산서리 791번지  ,경상북도 포항시 남구 장기면 산서길209번길 17-31,20,2025-08-14
푸른농장,한우,경상북도 포항시 남구 장기면 방산리 712번지  ,경상북도 포항시 남구 장기면 방산로 409-22,1,2025-08-14
진성농장,한우,경상북도 포항시 북구 죽장면 두마리 448번지 6호 외 1필지 ,경상북도 포항시 북구 죽장면 면봉산길 735,40,2025-08-14
사랑농장,한우,경상북도 포항시 북구 죽장면 두마리 548번지  ,,45,2025-08-14
하늘농장,한우,경상북도 포항시 북구 죽장면 두마리 505번지 2호  ,경상북도 포항시 북구 죽장면 면봉산길 776-47,6,2025-08-14
침곡농장,한우,경상북도 포항시 북구 죽장면 침곡리 258번지 3호  ,,10,2025-08-14
세국농장,한우,경상북도 포항시 북구 죽장면 정자리 69번지 1호  ,경상북도 포항시 북구 죽장면 정자길 45,19,2025-08-14
장신농장,한우,경상북도 포항시 북구 죽장면 정자리 397번지 2호  ,경상북도 포항시 북구 죽장면 새마을로2920번길 7,17,2025-08-14
손병화농장,한우,경상북도 포항시 북구 신광면 반곡리 442번지 2호  ,경상북도 포항시 북구 신광면 기반길 160,18,2025-08-14
다락골농장,한우,경상북도 포항시 북구 청하면 이가리 220번지 4호  ,경상북도 포항시 북구 청하면 용산길 392-3,33,2025-08-14
동원농장,한우,경상북도 포항시 북구 신광면 죽성리 580번지  ,경상북도 포항시 북구 신광면 죽성길 122-84,90,2025-08-14
수곡농장,한우,경상북도 포항시 북구 죽장면 합덕리 169번지 1호  ,,11,2025-08-14
멧돼지 농장,돼지,경상북도 포항시 북구 신광면 안덕리 1037번지  ,,35,2025-08-14
샘밭 농장,한우,경상북도 포항시 북구 죽장면 상옥리 770번지  ,,7,2025-08-14
한티농장,한우,경상북도 포항시 북구 기계면 가안리 768번지 5호  ,경상북도 포항시 북구 기계면 새마을로 2577-14,12,2025-08-14
기계한우농장,한우,경상북도 포항시 북구 기계면 문성리 191번지 1호  ,경상북도 포항시 북구 기계면 새마을발상지길116번길 66,13,2025-08-14
장포농장,한우,경상북도 포항시 남구 장기면 산서리  ,경상북도 포항시 남구 장기면 산서길 113-27 (외3필지),1,2025-08-14
홍성기농장,한우,경상북도 포항시 북구 기계면 문성리 330번지  ,경상북도 포항시 북구 기계면 새마을발상지길 137,15,2025-08-14
용호농장,한우,경상북도 포항시 북구 흥해읍 매산리 426번지  ,경상북도 포항시 북구 흥해읍 매산길 98-20,2,2025-08-14
지안농장,한우,경상북도 포항시 북구 기계면 미현리 119번지  ,경상북도 포항시 북구 기계면 기동지길 487-16,9,2025-08-14
신흥농장,한우,경상북도 포항시 북구 청하면 신흥리 194번지  ,경상북도 포항시 북구 청하면 사방공원길388번길 15-23,23,2025-08-14
해오름농장,한우,경상북도 포항시 북구 신광면 사정리 224번지 5호  ,경상북도 포항시 북구 신광면 사정길50번길 16-16,23,2025-08-14
정렬농장,한우,경상북도 포항시 북구 신광면 죽성리 242번지  ,경상북도 포항시 북구 신광면 비학로 823-33,12,2025-08-14
태화농장,한우,경상북도 포항시 북구 기계면 문성리 68번지  ,경상북도 포항시 북구 기계면 새마을발상지길75번길 100-24,12,2025-08-14
세계리농장,한우,경상북도 포항시 남구 오천읍 세계리 산 96번지  ,,6,2025-08-14
장길농장,한우,경상북도 포항시 남구 구룡포읍 장길리 37번지 1호  ,경상북도 포항시 남구 구룡포읍 동해안로4391번길 10-63,16,2025-08-14
아마골농장,한우,경상북도 포항시 남구 연일읍 중명리 375번지 외1필지 ,경상북도 포항시 남구 연일읍 원서길 250-9,52,2025-08-14
종기농장,한우,경상북도 포항시 북구 청하면 서정리 311번지 7호 외 1필지 ,,13,2025-08-14
영신농장,한우,경상북도 포항시 북구 청하면 청계리 718번지 1호  ,경상북도 포항시 북구 청하면 청계길 181-47,3,2025-08-14
삼청농장,한우,경상북도 포항시 북구 청하면 청계리 718번지 3호  ,경상북도 포항시 북구 청하면 청계길 181-49,11,2025-08-14
신성농장,한우,경상북도 포항시 북구 기계면 화대리 566번지  ,,38,2025-08-14
우리들농장,한우,    ,경상북도 포항시 북구 기계면 기남길 361-11,22,2025-08-14
태준농장,한우,경상북도 포항시 북구 흥해읍 남송리 944번지 8호  ,경상북도 포항시 북구 흥해읍 동해대로1392번길 135-23,41,2025-08-14
대덕목장,한우,경상북도 포항시 남구 호미곶면 강사리 808번지 4호  ,경상북도 포항시 남구 호미곶면 호미로1133번길 46,35,2025-08-14
황금들녘,한우,경상북도 포항시 북구 흥해읍 용천리 528번지 6호  ,경상북도 포항시 북구 흥해읍 칠포로 210-84,43,2025-08-14
성신한우농원,한우,경상북도 포항시 북구 흥해읍 용곡리 361번지  ,경상북도 포항시 북구 흥해읍 용연길266번길 13-11,28,2025-08-14
유성농장,한우,경상북도 포항시 남구 동해면 상정리 85번지 1호  ,경상북도 포항시 남구 동해면 정동길608번길 11-70,42,2025-08-14
범촌축산,한우,경상북도 포항시 북구 신광면 호리 680번지  ,경상북도 포항시 북구 신광면 호리길 99-3,0,2025-08-14
영일축산,한우,경상북도 포항시 북구 기계면 문성리 332번지  ,경상북도 포항시 북구 기계면 새마을발상지길 143,23,2025-08-14
쿄쿄패밀리,한우,경상북도 포항시 북구 신광면 흥곡리 713번지  ,경상북도 포항시 북구 신광면 흥곡길 119-35,38,2025-08-14
상읍농장,한우,경상북도 포항시 북구 신광면 상읍리 204번지  ,경상북도 포항시 북구 신광면 비학로 917-25,84,2025-08-14
포항축산농협 한우개량사업소,한우,경상북도 포항시 북구 기계면 인비리 796번지  ,경상북도 포항시 북구 기계면 봉좌로383번길 32-31,140,2025-08-14
도담한우농장,한우,경상북도 포항시 남구 동해면 금광리 755번지  ,경상북도 포항시 남구 동해면 약전로115번길 24-90,36,2025-08-14
땅끝농장,산양,경상북도 포항시 남구 호미곶면 강사리 814번지  ,경상북도 포항시 남구 호미곶면 일출로 717-62,70,2025-08-14
태현농장,한우,경상북도 포항시 북구 흥해읍 덕장리 211번지 4호  ,경상북도 포항시 북구 흥해읍 동해대로 1795-43,30,2025-08-14
명구농장,한우,경상북도 포항시 북구 신광면 죽성리 169번지  ,경상북도 포항시 북구 신광면 죽성길 38,16,2025-08-14
신성농장,한우,경상북도 포항시 북구 흥해읍 용전리 491번지  ,경상북도 포항시 북구 흥해읍 용전길 116-8,8,2025-08-14
소망농장,한우,경상북도 포항시 남구 호미곶면 대보리 704번지  ,경상북도 포항시 남구 호미곶면 해맞이로167번길 77,108,2025-08-14
한빛농장,한우,"경상북도 포항시 북구 신광면 죽성리 56번지 , 56-1 ",경상북도 포항시 북구 신광면 죽성길 24-42,45,2025-08-14
운대농장,한우,경상북도 포항시 남구 대송면 홍계리 301번지 5호  ,경상북도 포항시 남구 대송면 장동홍계길 402-31,25,2025-08-14
운주산 흑염소사슴농장,사슴,경상북도 포항시 북구 기계면 인비리 897번지  ,경상북도 포항시 북구 기계면 인비길45번길 22-1,230,2025-08-14
상은농장,한우,경상북도 포항시 북구 신광면 만석리 253번지  ,경상북도 포항시 북구 신광면 비학로 1227,26,2025-08-14
냉천목장,한우,경상북도 포항시 북구 송라면 하송리 146번지 23호  ,경상북도 포항시 북구 송라면 동해대로2732번길 77-37,12,2025-08-14
은이농장,한우,경상북도 포항시 북구 신광면 상읍리 762번지 2호  ,경상북도 포항시 북구 신광면 상읍길 223,41,2025-08-14
종농장,한우,경상북도 포항시 남구 연일읍 중명리 51번지 2호  ,경상북도 포항시 남구 연일읍 부조길 124-17,0,2025-08-14
대곡농장,한우,경상북도 포항시 북구 기북면 대곡리 1337번지  ,경상북도 포항시 북구 기북면 기북로264번길 33-16,29,2025-08-14
광명농장2,한우,경상북도 포항시 남구 오천읍 세계리 549번지 2호  ,경상북도 포항시 남구 오천읍 장기로1479번길 22,78,2025-08-14
우화농장,한우,경상북도 포항시 북구 기계면 화대리 624번지 1호  ,경상북도 포항시 북구 기계면 기동지길 101-25,60,2025-08-14
태산목장,한우,경상북도 포항시 북구 죽장면 상옥리 1472번지 4호  ,경상북도 포항시 북구 죽장면 죽장로1801번길 50,50,2025-08-14
봉도농장,한우,경상북도 포항시 북구 기북면 대곡리 1446번지  ,경상북도 포항시 북구 기북면 기북로 174-9,6,2025-08-14
다산농장,한우,경상북도 포항시 남구 호미곶면 구만리 243번지  ,,53,2025-08-14
한울소리,산양,경상북도 포항시 남구 동해면 금광리 790번지 6호  ,,70,2025-08-14
흥안농장,한우,경상북도 포항시 북구 흥해읍 흥안리 136번지  ,경상북도 포항시 북구 흥해읍 칠포로 430-45,5,2025-08-14
죽성농장,한우,경상북도 포항시 북구 신광면 죽성리 766번지  ,경상북도 포항시 북구 신광면 죽성길 125-51,0,2025-08-14
인정농장,한우,경상북도 포항시 남구 연일읍 중단리 499번지 2호  ,경상북도 포항시 남구 연일읍 원서길 234,20,2025-08-14
갈밭농장,한우,경상북도 포항시 북구 청하면 소동리 71번지 2호  ,경상북도 포항시 북구 청하면 용산길 8-18,15,2025-08-14
영순농장,한우,경상북도 포항시 북구 청하면 소동리 129번지  ,경상북도 포항시 북구 청하면 용산길 8-2,9,2025-08-14
백로농장,한우,경상북도 포항시 북구 신광면 죽성리 113번지  ,경상북도 포항시 북구 신광면 죽성길 85-30,19,2025-08-14
행운농장,한우,경상북도 포항시 북구 신광면 죽성리 116번지  ,,30,2025-08-14
대발농장,한우,경상북도 포항시 북구 신광면 상읍리 173번지 2호  ,경상북도 포항시 북구 신광면 비학로855번길 16,20,2025-08-14
석태농장,한우,경상북도 포항시 북구 신광면 안덕리 296번지 8호  ,경상북도 포항시 북구 신광면 안덕길 72,14,2025-08-14
비학산목장,산양,경상북도 포항시 북구 신광면 안덕리 932번지  ,경상북도 포항시 북구 신광면 안덕길89번길 143,230,2025-08-14
성현농장,한우,경상북도 포항시 북구 신광면 사정리 617번지  ,경상북도 포항시 북구 신광면 사정안길58번길 39-9,13,2025-08-14
희망농원,한우,경상북도 포항시 북구 신광면 사정리 402번지 2호  ,,22,2025-08-14
송재용농장,한우,경상북도 포항시 북구 신광면 사정리 556번지 1호  ,경상북도 포항시 북구 신광면 사정안길 120,9,2025-08-14
한율농원,한우,경상북도 포항시 남구 오천읍 문덕리 1100번지  ,경상북도 포항시 남구 오천읍 냉천로 748,4,2025-08-14
진전농장,한우,경상북도 포항시 남구 오천읍 진전리 307번지 1호  ,경상북도 포항시 남구 오천읍 기림로 1208-11,5,2025-08-14
영진농장,한우,경상북도 포항시 남구 연일읍 우복리 592번지  ,경상북도 포항시 남구 연일읍 연일로360번길 152,3,2025-08-14
자명농장,한우,경상북도 포항시 남구 연일읍 달전리 61번지  ,경상북도 포항시 남구 연일읍 동해대로 340,13,2025-08-14
양지농장,한우,경상북도 포항시 북구 신광면 토성리 210번지 2호  ,경상북도 포항시 북구 신광면 토성길83번길 37,29,2025-08-14
참푸른농장,한우,경상북도 포항시 북구 신광면 우각리 98번지  ,경상북도 포항시 북구 신광면 우각길87번길 3,20,2025-08-14
상근농장,한우,경상북도 포항시 북구 신광면 상읍리 644번지 3호  ,경상북도 포항시 북구 신광면 상읍길234번길 10,4,2025-08-14
해운농장,한우,경상북도 포항시 북구 신광면 반곡리 380번지 6호  ,경상북도 포항시 북구 신광면 기반길 116-21,5,2025-08-14
옥이농장,한우,경상북도 포항시 북구 신광면 우각리 682번지  ,경상북도 포항시 북구 신광면 비학로 668-31,4,2025-08-14
만석농장,한우,경상북도 포항시 북구 신광면 만석리 253번지 1호  ,경상북도 포항시 북구 신광면 비학로 1225,53,2025-08-14
분희농장,한우,경상북도 포항시 북구 흥해읍 매산리 163번지  ,경상북도 포항시 북구 흥해읍 매산길24번길 18,3,2025-08-14
진형농장,한우,경상북도 포항시 북구 기계면 내단리 1088번지 198호  ,경상북도 포항시 북구 기계면 새마을로1525번길 147-51,4,2025-08-14
태용농장,한우,경상북도 포항시 북구 기계면 화대리 339번지 4호  ,경상북도 포항시 북구 기계면 화대길 103-11,4,2025-08-14
원문농장,한우,경상북도 포항시 북구 기계면 화대리 347번지 1호  ,경상북도 포항시 북구 기계면 화대길106번길 3,3,2025-08-14
태자농장,한우,경상북도 포항시 북구 기계면 화대리 339번지 2호  ,경상북도 포항시 북구 기계면 화대길 103-17,4,2025-08-14
우기농장,한우,경상북도 포항시 북구 기계면 구지리 116번지  ,경상북도 포항시 북구 기계면 새마을로 2280-30,30,2025-08-14
호주농장,한우,경상북도 포항시 북구 기계면 봉계리 961번지  ,경상북도 포항시 북구 기계면 봉계길231번길 12,3,2025-08-14
남영농장,한우,경상북도 포항시 북구 기계면 봉계리 801번지  ,경상북도 포항시 북구 기계면 봉계길 126,5,2025-08-14
장동농장,한우,경상북도 포항시 북구 기계면 지가리 802번지 1호  ,경상북도 포항시 북구 기계면 기계로486번길 6-1,5,2025-08-14
연규농장,한우,경상북도 포항시 북구 기계면 지가리 143번지 5호  ,경상북도 포항시 북구 기계면 기계로340번길 4-1,4,2025-08-14
동혁농장,한우,경상북도 포항시 북구 기계면 지가리 656번지 2호  ,경상북도 포항시 북구 기계면 봉덕길 50-15,24,2025-08-14
후동농장,한우,경상북도 포항시 북구 기계면 지가리 719번지  ,경상북도 포항시 북구 기계면 기계로 517-4,5,2025-08-14
중락농장,한우,경상북도 포항시 북구 기계면 계전리 275번지  ,,5,2025-08-14
인준농장,한우,경상북도 포항시 북구 기계면 계전리 164번지 3호  ,경상북도 포항시 북구 기계면 계전길 109,4,2025-08-14
상덕농장,한우,경상북도 포항시 북구 기계면 계전리 107번지  ,경상북도 포항시 북구 기계면 계전길118번길 2,3,2025-08-14
장원농장,한우,경상북도 포항시 북구 기계면 화봉리 345번지  ,경상북도 포항시 북구 기계면 기동지길 185-1,30,2025-08-14
영석농장,한우,경상북도 포항시 북구 기계면 화봉리 565번지  ,,2,2025-08-14
성자농장,한우,경상북도 포항시 북구 기계면 화봉리 759번지  ,경상북도 포항시 북구 기계면 기동지길215번길 40-9,5,2025-08-14
병락농장,한우,경상북도 포항시 북구 기계면 화봉리 78번지  ,경상북도 포항시 북구 기계면 기동지길 397,4,2025-08-14
금정사슴농장,사슴,경상북도 포항시 북구 죽장면 하사리 114번지 2호  ,경상북도 포항시 북구 죽장면 병보천길 670,5,2025-08-14
성진농장,한우,경상북도 포항시 북구 죽장면 상옥리 831번지 1호  ,경상북도 포항시 북구 죽장면 죽장로 1782-8,11,2025-08-14
서촌농장,한우,경상북도 포항시 남구 장기면 서촌리 840번지  ,,1,2025-08-14
말골농장,한우,경상북도 포항시 남구 장기면 신계리 306번지  ,경상북도 포항시 남구 장기면 장기로878번길 95,6,2025-08-14
홍계농장,한우,경상북도 포항시 남구 대송면 홍계리 19번지  ,경상북도 포항시 남구 대송면 홍계길 267-10,10,2025-08-14
규정농장,한우,경상북도 포항시 북구 청하면 유계리 381번지  ,,5,2025-08-14
태식농장,한우,경상북도 포항시 북구 청하면 덕성리  ,경상북도 포항시 북구 청하면 청하로217번길 40-13,2,2025-08-14
LHD농장,한우,경상북도 포항시 북구 기계면 화대리 227번지  ,경상북도 포항시 북구 기계면 기동지길 121-6,8,2025-08-14
윤억수농장,한우,경상북도 포항시 북구 기계면 화대리 309번지 3호  ,경상북도 포항시 북구 기계면 화대길114번길 5,4,2025-08-14
민우농장,한우,경상북도 포항시 북구 기계면 현내리 777번지 6호  ,경상북도 포항시 북구 기계면 기계로134번길 27-2,4,2025-08-14
임하농장,한우,경상북도 포항시 북구 기계면 학야리 440번지 2호  ,경상북도 포항시 북구 기계면 학야길 192,4,2025-08-14
오늘도 푸른 한우농장,한우,경상북도 포항시 북구 기계면 내단리 379번지  ,경상북도 포항시 북구 기계면 새마을로 1495-50,70,2025-08-14
기연농장,한우,경상북도 포항시 북구 기계면 문성리 540번지  ,경상북도 포항시 북구 기계면 새마을발상지길145번길 6,4,2025-08-14
창실농장,한우,경상북도 포항시 북구 기계면 문성리 488번지 2호  ,경상북도 포항시 북구 기계면 새마을발상지길116번길 55-7,16,2025-08-14
복기농장,한우,경상북도 포항시 북구 기계면 성계리 551번지  ,경상북도 포항시 북구 기계면 성계길 61,4,2025-08-14
명용농장,한우,경상북도 포항시 북구 기계면 성계리 298번지 1호  ,경상북도 포항시 북구 기계면 성계길128번길 62,0,2025-08-14
철복농장,한우,경상북도 포항시 북구 기계면 고지리 99번지  ,,8,2025-08-14
문성농장,한우,경상북도 포항시 북구 기계면 문성리 456번지 1호  ,경상북도 포항시 북구 기계면 새마을발상지길116번길 73,10,2025-08-14
대곡농장,한우,경상북도 포항시 남구 장기면 대곡리 196번지 1호  ,경상북도 포항시 남구 장기면 장기로 986-1,4,2025-08-14
완석농장,한우,경상북도 포항시 북구 기계면 지가리 941번지  ,경상북도 포항시 북구 기계면 기계로526번길 3-8,5,2025-08-14
염소연구소,산양,경상북도 포항시 남구 구룡포읍 구평리 906번지  ,경상북도 포항시 남구 구룡포읍 동해안로4287번길 128-11,20,2025-08-14
푸른농장,한우,경상북도 포항시 북구 기북면 대곡리 1338번지 2호  ,경상북도 포항시 북구 기북면 기북로264번길 3-1,18,2025-08-14
상봉사슴목장,사슴,경상북도 포항시 남구 동해면 신정리 474번지 1호  ,경상북도 포항시 남구 동해면 약전로115번길 24-82,13,2025-08-14
용전농장,한우,경상북도 포항시 남구 장기면 읍내리 328번지  ,경상북도 포항시 남구 장기면 읍내길77번길 56,5,2025-08-14
자연농장,한우,경상북도 포항시 북구 흥해읍 금장리 825번지  ,경상북도 포항시 북구 흥해읍 칠포로 175,15,2025-08-14
은민농장,한우,경상북도 포항시 북구 기계면 화대리 324번지 3호  ,경상북도 포항시 북구 기계면 화대길111번길 25,28,2025-08-14
성이 염소농장,산양,경상북도 포항시 북구 청하면 청진리 517번지 1호  ,,52,2025-08-14
행복농장,한우,    ,경상북도 포항시 북구 신광면 토성길83번길 64-52,15,2025-08-14
서원목장,한우,경상북도 포항시 북구 흥해읍 남송리 579번지 59호  ,경상북도 포항시 북구 흥해읍 한동로 342-43,2,2025-08-14
대발농장,한우,경상북도 포항시 북구 신광면 죽성리 30번지 외 1필(30-2번지) ,경상북도 포항시 북구 신광면 비학로855번길 23,50,2025-08-14
영포양계영농조합법인,종계/산란계,경상북도 포항시 북구 청하면 신흥리 344번지  ,경상북도 포항시 북구 청하면 사방공원길 309-80,227130,2025-08-14
가을농장,한우,경상북도 포항시 북구 기계면 고지리 832번지 1호  ,경상북도 포항시 북구 기계면 고지길 61-50,28,2025-08-14
이랴이랴 워~워,한우,경상북도 포항시 북구 기계면 내단리 363번지  ,경상북도 포항시 북구 기계면 새마을로 1495-26,13,2025-08-14
백두농장,한우,경상북도 포항시 남구 연일읍 중명리 152번지 1호  ,경상북도 포항시 남구 연일읍 부조길 176-12,80,2025-08-14
치산농장,한우,경상북도 포항시 북구 흥해읍 매산리 359번지  ,경상북도 포항시 북구 흥해읍 신흥로 656-62,12,2025-08-14
다산축산,한우,경상북도 포항시 북구 신광면 흥곡리 850번지 외 1필(851-3번지) ,경상북도 포항시 북구 신광면 흥곡길127번길 19,0,2025-08-14
대성농장,한우,경상북도 포항시 북구 신광면 냉수리 417번지  ,경상북도 포항시 북구 신광면 비학로438번길 77-51,60,2025-08-14
무성이네농장,염소,경상북도 포항시 북구 청하면 청진리 579번지  ,,60,2025-08-14
정호농장,한우,경상북도 포항시 남구 호미곶면 강사리 1031번지 4호  ,경상북도 포항시 남구 호미곶면 명월길 275,44,2025-08-14
혁이네농장,한우,경상북도 포항시 북구 기북면 대곡리 1331번지  ,경상북도 포항시 북구 기북면 기북로264번길 33-10,16,2025-08-14
최귀자농장,한우,경상북도 포항시 북구 청하면 미남리 554번지  ,,40,2025-08-14
기운찬 염소농장,염소,경상북도 포항시 북구 신광면 안덕리 217번지 4호  ,경상북도 포항시 북구 신광면 안덕길55번길 41-71,280,2025-08-14
비학농장,한우,경상북도 포항시 북구 신광면 죽성리 339번지 2호  ,경상북도 포항시 북구 신광면 비학로 823-42,37,2025-08-14
보경농장,한우,경상북도 포항시 북구 신광면 우각리 398번지 3호 외1필지 ,경상북도 포항시 북구 신광면 비학로720번길 23-91,10,2025-08-14
신성농장,한우,경상북도 포항시 북구 흥해읍 양백리 594번지  ,경상북도 포항시 북구 흥해읍 용연길 85-24,96,2025-08-14
재영농장,한우,경상북도 포항시 남구 연일읍 동문리 249번지 5호  ,경상북도 포항시 남구 연일읍 철강로 60-171,56,2025-08-14
서포항 호탕농원,종계/산란계,경상북도 포항시 북구 기계면 내단리 570번지  ,,100,2025-08-14
길르앗,염소,경상북도 포항시 북구 기북면 용기리 708번지 9호  ,경상북도 포항시 북구 기북면 용기길49번길 46-17,100,2025-08-14
방자농장,한우,경상북도 포항시 북구 기북면 대곡리 1475번지 3호  ,경상북도 포항시 북구 기북면 기북로 162,3,2025-08-14
태원농장,한우,경상북도 포항시 북구 신광면 죽성리 236번지 1호  ,경상북도 포항시 북구 신광면 죽성길 56-75,38,2025-08-14
한마음농장,한우,경상북도 포항시 북구 기북면 탑정리 1049번지  ,경상북도 포항시 북구 기북면 비학산길 91-2,17,2025-08-14
육곤농장,한우,경상북도 포항시 북구 죽장면 방흥리 370번지  ,경상북도 포항시 북구 죽장면 새마을로 3916-53,2,2025-08-14
한반도 협곡농장,염소,경상북도 포항시 북구 신광면 마북리 524번지  ,,60,2025-08-14
대형농장2호,한우,경상북도 포항시 북구 신광면 흥곡리 716번지  ,경상북도 포항시 북구 신광면 흥곡길 119-106,50,2025-08-14
윤이네 농장,한우,경상북도 포항시 북구 기계면 현내리 148번지 1호  ,경상북도 포항시 북구 기계면 기동지길 55-125,40,2025-08-14
태평농장,한우,경상북도 포항시 북구 흥해읍 덕장리 268번지 1호  ,경상북도 포항시 북구 흥해읍 덕실마을길108번길 34-29,45,2025-08-14
율산농장,한우,경상북도 포항시 북구 기북면 율산리 704번지  ,경상북도 포항시 북구 기북면 율산북길 45,3,2025-08-14
로뎀목장,젖소,경상북도 포항시 북구 기계면 인비리 217번지  ,경상북도 포항시 북구 기계면 기남길523번길 33-17,18,2025-08-14
한실농장,한우,경상북도 포항시 남구 장기면 대곡리 403번지  ,경상북도 포항시 남구 장기면 장기로943번길 43,35,2025-08-14
진화농장,한우,경상북도 포항시 북구 흥해읍 매산리 256번지 1호  ,경상북도 포항시 북구 흥해읍 신흥로 656-46,35,2025-08-14
해맞이농장,젖소,경상북도 포항시 북구 흥해읍 양백리 55번지  ,경상북도 포항시 북구 흥해읍 용연길 109-37,30,2025-08-14
스마일농장,한우,경상북도 포항시 북구 신광면 토성리 614번지 3호  ,경상북도 포항시 북구 신광면 신흥로 47-29,26,2025-08-14
도담목장,한우,경상북도 포항시 북구 청하면 미남리 609번지  ,경상북도 포항시 북구 청하면 동해대로2489번길 64-26,8,2025-08-14
용연목장,한우,경상북도 포항시 북구 흥해읍 용전리 713번지  ,경상북도 포항시 북구 흥해읍 용연길 215-75,13,2025-08-14
진수농장,한우,경상북도 포항시 북구 신광면 안덕리 851번지 2호  ,경상북도 포항시 북구 신광면 안덕길55번길 41-11,20,2025-08-14
영신농장-1,한우,경상북도 포항시 북구 신광면 사정리 329번지 1호  ,경상북도 포항시 북구 신광면 사정길50번길 44-68,100,2025-08-14
염소농장,염소,경상북도 포항시 북구 송라면 조사리 195번지 3호  ,경상북도 포항시 북구 송라면 해안로 2689,78,2025-08-14
일구농장2,한우,경상북도 포항시 남구 장기면 양포리 363번지  ,경상북도 포항시 남구 장기면 동해안로 3245-76,22,2025-08-14
옥길농장,한우,경상북도 포항시 북구 신광면 죽성리 6번지 3호  ,경상북도 포항시 북구 신광면 비학로855번길 31,2,2025-08-14
조향농원,한우,경상북도 포항시 북구 신광면 우각리 719번지  ,경상북도 포항시 북구 신광면 우각길 39,52,2025-08-14
유명목장,한우,경상북도 포항시 북구 죽장면 상옥리 1472번지 8호  ,경상북도 포항시 북구 죽장면 죽장로1801번길 66,40,2025-08-14
성규농장,한우,경상북도 포항시 북구 기계면 화봉리 356번지  ,경상북도 포항시 북구 기계면 기동지길 202,3,2025-08-14
수농장,한우,경상북도 포항시 북구 기계면 현내리 128번지 1호  ,경상북도 포항시 북구 기계면 기동지길 33-24,11,2025-08-14
박대산3농장,한우,경상북도 포항시 북구 송라면 대전리 170번지 2호  ,경상북도 포항시 북구 송라면 지경길 63-88,0,2025-08-14
미현리농장,한우,경상북도 포항시 북구 기계면 미현리 153번지  ,경상북도 포항시 북구 기계면 기동지길 498,17,2025-08-14
농업회사법인(주)새터자연란,종계/산란계,경상북도 포항시 북구 청하면 신흥리 324번지 1호  ,경상북도 포항시 북구 청하면 사방공원길 309-90,0,2025-08-14
삼보농원,한우,경상북도 포항시 북구 기계면 계전리 396번지  ,경상북도 포항시 북구 기계면 계전길 255,5,2025-08-14
기계농장,한우,경상북도 포항시 북구 기계면 현내리 496번지  ,경상북도 포항시 북구 기계면 학야길 17-96,3,2025-08-14
진성농장,한우,경상북도 포항시 북구 신광면 사정리 391번지  ,경상북도 포항시 북구 신광면 사정안길58번길 40-47,7,2025-08-14
용수골목장,한우,경상북도 포항시 남구 장기면 대곡리 68번지  ,경상북도 포항시 남구 장기면 장기로940번길 85,12,2025-08-14
금백농장,한우,경상북도 포항시 북구 기계면 미현리 80번지  ,경상북도 포항시 북구 기계면 기동지길 465,2,2025-08-14
봉화농장,한우,"경상북도 포항시 남구 장기면 학계리 359번지 1호 ,360 ",경상북도 포항시 남구 장기면 정동길 133-86,5,2025-08-14
하이동농장,한우,경상북도 포항시 북구 기계면 봉계리 1242번지  ,경상북도 포항시 북구 기계면 봉좌로329번길 17-10,2,2025-08-14
소원농장,한우,경상북도 포항시 북구 청하면 미남리 64번지  ,경상북도 포항시 북구 청하면 동해대로2368번길 57-86,5,2025-08-14
마현농장,한우,경상북도 포항시 남구 장기면 마현리 27번지 5호  ,경상북도 포항시 남구 장기면 신창길87번길 35,2,2025-08-14
엄마네농장,한우,경상북도 포항시 남구 장기면 대곡리 52번지 1호  ,경상북도 포항시 남구 장기면 장기로940번길 70,7,2025-08-14
새마을농장,한우,경상북도 포항시 북구 기계면 문성리 363번지 3호  ,경상북도 포항시 북구 기계면 새마을발상지길104번길 26,4,2025-08-14
찬호농장,한우,경상북도 포항시 북구 기계면 봉계리 1315번지 2호  ,경상북도 포항시 북구 기계면 봉좌로383번길 60,3,2025-08-14
민지농장,한우,경상북도 포항시 북구 기북면 오덕리 576번지 4호  ,경상북도 포항시 북구 기북면 기북로 876,11,2025-08-14
장원농장,한우,경상북도 포항시 북구 신광면 우각리 661번지 1호  ,경상북도 포항시 북구 신광면 비학로 668-12,6,2025-08-14
이농장,한우,경상북도 포항시 북구 흥해읍 북송리 242번지 19호  ,경상북도 포항시 북구 흥해읍 신흥로732번길 7-6,3,2025-08-14
웅이농장,한우,경상북도 포항시 북구 송라면 상송리 359번지 1호  ,,13,2025-08-14
기북농장,한우,경상북도 포항시 북구 기북면 대곡리 987번지  ,,6,2025-08-14
죽성농장,한우,경상북도 포항시 북구 신광면 죽성리 77번지  ,경상북도 포항시 북구 신광면 죽성길 23-15,70,2025-08-14
도움농장,한우,경상북도 포항시 북구 흥해읍 학천리 467번지  ,경상북도 포항시 북구 흥해읍 도음로821번길 63,27,2025-08-14
냉수농장,한우,경상북도 포항시 북구 신광면 냉수리 산 86번지 1호  ,경상북도 포항시 북구 신광면 비학로 230-3,18,2025-08-14
매산농장,한우,경상북도 포항시 북구 흥해읍 매산리 83번지 2호  ,경상북도 포항시 북구 흥해읍 매산길12번길 21,2,2025-08-14
상읍농장,한우,경상북도 포항시 북구 신광면 상읍리 169번지 4호  ,경상북도 포항시 북구 신광면 비학로 856-5,1,2025-08-14
만덕농장,한우,경상북도 포항시 남구 장기면 양포리 467번지  ,경상북도 포항시 남구 장기면 장기로48번길 13,3,2025-08-14
세계농장,한우,경상북도 포항시 남구 오천읍 세계리 715번지  ,,5,2025-08-14
광명농장,한우,경상북도 포항시 남구 오천읍 광명리 403번지 3호  ,경상북도 포항시 남구 오천읍 정몽주로294번길 27-37,5,2025-08-14
해오름농원,한우,경상북도 포항시 남구 구룡포읍 후동리 340번지  ,경상북도 포항시 남구 구룡포읍 후동길 136-7,4,2025-08-14
명안농장,한우,경상북도 포항시 북구 청하면 명안리 398번지  ,,4,2025-08-14
손익찬농장,한우,경상북도 포항시 북구 죽장면 매현리 713번지  ,경상북도 포항시 북구 죽장면 죽장로239번길 4-21,2,2025-08-14
호관농장,한우,경상북도 포항시 북구 죽장면 매현리 832번지  ,경상북도 포항시 북구 죽장면 죽장로239번길 7-4,2,2025-08-14
이희구 축사,한우,경상북도 포항시 북구 죽장면 정자리 71번지  ,경상북도 포항시 북구 죽장면 정자길 42,3,2025-08-14
길순농장,한우,경상북도 포항시 북구 신광면 냉수리 238번지 1호  ,경상북도 포항시 북구 신광면 도음로51번길 19,4,2025-08-14
솔안농장,한우,경상북도 포항시 북구 죽장면 입암리 439번지  ,경상북도 포항시 북구 죽장면 죽장로59번길 7,5,2025-08-14
서정농장,한우,경상북도 포항시 북구 청하면 서정리 716번지 5호  ,경상북도 포항시 북구 청하면 비학로 1870,1,2025-08-14
정진농장,한우,경상북도 포항시 북구 청하면 신흥리 517번지 1호  ,경상북도 포항시 북구 청하면 사방공원길 275-15,20,2025-08-14
상읍농장,한우,경상북도 포항시 북구 신광면 냉수리 산 44번지  ,경상북도 포항시 북구 신광면 도음로 66-109,30,2025-08-14
상옥농장,한우,경상북도 포항시 북구 죽장면 상옥리 1252번지  ,경상북도 포항시 북구 죽장면 죽장로1669번길 21-12,7,2025-08-14
용산농장,한우,경상북도 포항시 북구 기계면 구지리 172번지 3호  ,경상북도 포항시 북구 기계면 새마을로2373번길 7-36,5,2025-08-14
기남농장,한우,경상북도 포항시 북구 기계면 인비리 382번지 2호  ,경상북도 포항시 북구 기계면 기남길 614-29,10,2025-08-14
고향농장,한우,경상북도 포항시 북구 기계면 고지리 239번지 7호  ,경상북도 포항시 북구 기계면 기남길 88,11,2025-08-14
숲뒤농장,한우,경상북도 포항시 북구 기계면 화대리 519번지  ,,10,2025-08-14
덕실농장,한우,경상북도 포항시 북구 흥해읍 덕성리 417번지  ,경상북도 포항시 북구 흥해읍 덕실마을길 490-83,20,2025-08-14
한우리농장,한우,경상북도 포항시 북구 신광면 죽성리 454번지 3호  ,경상북도 포항시 북구 신광면 비학로855번길 84-19,14,2025-08-14
대성농장,한우,경상북도 포항시 남구 장기면 방산리 520번지  ,경상북도 포항시 남구 장기면 방산로 265,25,2025-08-14
대우농장,한우,경상북도 포항시 남구 호미곶면 대보리 25번지 3호  ,경상북도 포항시 남구 호미곶면 호미로 1215,14,2025-08-14
올리브한우농장,한우,경상북도 포항시 북구 신광면 반곡리 264번지 2호  ,경상북도 포항시 북구 신광면 기반길 18,9,2025-08-14
호반농원,종계/산란계,경상북도 포항시 북구 신광면 호리 626번지 3호  ,경상북도 포항시 북구 신광면 호리길 47,200,2025-08-14
용광농장,한우,경상북도 포항시 북구 기계면 내단리 740번지  ,,3,2025-08-14
성진농장,한우,경상북도 포항시 북구 기계면 문성리 136번지  ,경상북도 포항시 북구 기계면 새마을발상지길 83,33,2025-08-14
진국농장,한우,경상북도 포항시 북구 기계면 고지리 167번지  ,경상북도 포항시 북구 기계면 기남길149번길 26-25,1,2025-08-14
백구단농장,한우,경상북도 포항시 북구 신광면 냉수리 161번지  ,경상북도 포항시 북구 신광면 도음로 66-35,24,2025-08-14
풀내음농장,한우,경상북도 포항시 북구 흥해읍 용천리 535번지 11호 외 2필지 ,경상북도 포항시 북구 흥해읍 칠포로 210-91,0,2025-08-14
갈매농장,염소,경상북도 포항시 북구 신광면 냉수리 767번지 1호  ,,6,2025-08-14
트리플농장,한우,경상북도 포항시 남구 호미곶면 대보리 923번지  ,경상북도 포항시 남구 호미곶면 보천길 123-12,0,2025-08-14
유락농장,한우,경상북도 포항시 북구 기계면 현내리 143번지 1호  ,경상북도 포항시 북구 기계면 기동지길 55-97,20,2025-08-14
서포항농장,한우,경상북도 포항시 북구 기계면 화봉리 656번지  ,경상북도 포항시 북구 기계면 기동지길263번길 134,0,2025-08-14
세욱농장,육우,경상북도 포항시 북구 기계면 화봉리 305번지  ,경상북도 포항시 북구 기계면 화대길114번길 114-9,0,2025-08-14
우야농장2,한우,경상북도 포항시 북구 기북면 대곡리 923번지  ,경상북도 포항시 북구 기북면 기북로 334-20,0,2025-08-14
광명농장2,육우,경상북도 포항시 북구 흥해읍 학천리 695번지  ,경상북도 포항시 북구 흥해읍 도음로 650-25,50,2025-08-14
학산농원,한우,경상북도 포항시 북구 신광면 안덕리 516번지  ,경상북도 포항시 북구 신광면 비학로1197번길 97-19,0,2025-08-14
가나안목장,젖소,경상북도 포항시 북구 신광면 만석리 784번지  ,경상북도 포항시 북구 신광면 비학로1241번길 9-139,0,2025-08-14
우리한우농장,한우,경상북도 포항시 북구 신광면 안덕리 894번지 2호  ,경상북도 포항시 북구 신광면 안덕길55번길 41-201,0,2025-08-14
푸르미농장,한우,경상북도 포항시 북구 기계면 현내리 691번지 1호  ,경상북도 포항시 북구 기계면 새마을로1757번길 31,20,2025-08-14
영은농장,한우,경상북도 포항시 북구 흥해읍 흥안리 936번지 6호  ,경상북도 포항시 북구 흥해읍 칠포로 158,0,2025-08-14
ASK축산,한우,경상북도 포항시 북구 신광면 흥곡리 781번지 1호  ,경상북도 포항시 북구 신광면 흥곡길 119-96,0,2025-08-14
한우농장,한우,경상북도 포항시 북구 기계면 내단리 134번지 2호  ,경상북도 포항시 북구 기계면 내단천길 80,0,2025-08-14
성두골농원,종계/산란계,경상북도 포항시 북구 송라면 상송리 408번지  ,경상북도 포항시 북구 송라면 삼송길108번길 71,0,2025-08-14
질경이농장2,한우,경상북도 포항시 북구 기계면 문성리 458번지 1호  ,경상북도 포항시 북구 기계면 새마을발상지길116번길 73-1,0,2025-08-14
진영농장,한우,경상북도 포항시 북구 기계면 화봉리 302번지  ,경상북도 포항시 북구 기계면 화대길114번길 114-17,0,2025-08-14
냉수농장,한우,경상북도 포항시 북구 신광면 냉수리 233번지 3호  ,경상북도 포항시 북구 신광면 도음로51번길 7-6,0,2025-08-14
동문농장,한우,경상북도 포항시 북구 기계면 학야리 949번지  ,경상북도 포항시 북구 기계면 학야길252번길 47,0,2025-08-14
모정농원,한우,경상북도 포항시 북구 신광면 흥곡리 908번지 2호  ,경상북도 포항시 북구 신광면 흥곡길 128-32,0,2025-08-14
모영국농장,한우,경상북도 포항시 북구 흥해읍 용전리 298번지 19호  ,,5,2025-08-14
고향뜰 농장,한우,경상북도 포항시 북구 신광면 토성리 629번지  ,경상북도 포항시 북구 신광면 신흥로 25-7,0,2025-08-14
이상대농장,한우,경상북도 포항시 북구 기계면 화대리 99번지  ,경상북도 포항시 북구 기계면 화대길 68-55,0,2025-08-14
흥락농장,한우,경상북도 포항시 남구 오천읍 갈평리 376번지 15호  ,경상북도 포항시 남구 오천읍 기림로 1589-15,0,2025-08-14
만옥농원,한우,경상북도 포항시 북구 기계면 봉계리 957번지 1호 외 1필지 ,경상북도 포항시 북구 기계면 봉계길231번길 16-4,0,2025-08-14
헌복농장,한우,경상북도 포항시 북구 신광면 토성리 513번지  ,경상북도 포항시 북구 신광면 신흥로 61-26,0,2025-08-14
예원농장,한우,경상북도 포항시 북구 흥해읍 덕장리 62번지 26호  ,경상북도 포항시 북구 흥해읍 덕장길 57-45,0,2025-08-14
황금농장,한우,경상북도 포항시 남구 동해면 중흥리 138번지 1호  ,경상북도 포항시 남구 동해면 흥환길 106-12,0,2025-08-14
하정농장,한우,경상북도 포항시 남구 장기면 정천리 685번지 15호  ,,0,2025-08-14
참푸른농장1,한우,경상북도 포항시 북구 신광면 우각리 821번지 외1필지 ,경상북도 포항시 북구 신광면 우각길 37-36,0,2025-08-14
에벤에셀농장,한우,경상북도 포항시 북구 신광면 만석리 358번지  ,경상북도 포항시 북구 신광면 비학로1198번길 24-17,0,2025-08-14
창지농장,한우,경상북도 포항시 남구 장기면 창지리 678번지 2호  ,경상북도 포항시 남구 장기면 장기로781번길 56,0,2025-08-14
한동원농장2,한우,경상북도 포항시 북구 신광면 우각리 711번지 5호  ,경상북도 포항시 북구 신광면 비학로 644-30,0,2025-08-14
CW농장,한우,경상북도 포항시 남구 호미곶면 강사리 381번지 1호  ,경상북도 포항시 남구 호미곶면 호미로 1017-128,0,2025-08-14
다온농장,한우,경상북도 포항시 북구 송라면 하송리 175번지 1호 외 7필지 ,경상북도 포항시 북구 송라면 동해대로2732번길 22-3,217,2025-08-14
지라은목장,한우,경상북도 포항시 북구 기계면 현내리 149번지  ,경상북도 포항시 북구 기계면 기동지길 55-133,0,2025-08-14
착한아빠농장,종계/산란계,경상북도 포항시 북구 신광면 반곡리 174번지  ,경상북도 포항시 북구 신광면 기반길 48-141,0,2025-08-14
대형농장,한우,경상북도 포항시 북구 신광면 흥곡리 777번지 외 1필지(778번지) ,경상북도 포항시 북구 신광면 흥곡길 119-88,0,2025-08-14
주영농장,한우,경상북도 포항시 북구 흥해읍 용곡리 126번지 4호  ,경상북도 포항시 북구 흥해읍 용연길 237-42,0,2025-08-14
장기 하늘비 한우 목장,한우,경상북도 포항시 남구 장기면 금곡리 143번지 1호  ,경상북도 포항시 남구 장기면 현내들길264번길 34,106,2025-08-14
해오름농장,염소,경상북도 포항시 북구 기계면 현내리 1095번지 2호  ,경상북도 포항시 북구 기계면 기계로212번길 36,35,2025-08-14
정원농장,한우,경상북도 포항시 북구 기계면 내단리 963번지 2호  ,경상북도 포항시 북구 기계면 새마을로 1347-31,107,2025-08-14
한들농장,한우,경상북도 포항시 북구 청하면 미남리 69번지  ,,60,2025-08-14
형제농원,한우,경상북도 포항시 북구 기계면 미현리 237번지 3호 외 1필지 ,경상북도 포항시 북구 기계면 기동지길 695,110,2025-08-14
가사농장,한우,경상북도 포항시 북구 죽장면 가사리 527번지 외 2필지 ,경상북도 포항시 북구 죽장면 가사길 85-6,46,2025-08-14
정말한우,한우,경상북도 포항시 북구 신광면 흥곡리 776번지 외 2필지 ,경상북도 포항시 북구 신광면 흥곡길 119-84,94,2025-08-14
해철농장2,한우,경상북도 포항시 북구 흥해읍 매산리 73번지  ,경상북도 포항시 북구 흥해읍 신흥로 592,16,2025-08-14
배근농장,한우,경상북도 포항시 북구 기계면 화대리 560번지 1호 (내단리 1079) ,경상북도 포항시 북구 기계면 내단길39번길 14,61,2025-08-14
석민농장,한우,경상북도 포항시 남구 오천읍 갈평리 327번지 1호  ,경상북도 포항시 남구 오천읍 기림로1785번길 45,19,2025-08-14
가늠골농장,염소,경상북도 포항시 남구 동해면 금광리 산 29번지 11호  ,,17,2025-08-14
동환농장,한우,경상북도 포항시 북구 기계면 계전리 61번지  ,경상북도 포항시 북구 기계면 계전길109번길 45,0,2025-08-14
정기농장,한우,경상북도 포항시 북구 신광면 안덕리 891번지 1호  ,경상북도 포항시 북구 신광면 안덕길55번길 57-70,0,2025-08-14
상곤농장,한우,경상북도 포항시 북구 기계면 문성리 77번지  ,경상북도 포항시 북구 기계면 새마을발상지길75번길 100-28,0,2025-08-14
해게울 목장2,한우,경상북도 포항시 남구 장기면 산서리 1068번지  ,경상북도 포항시 남구 장기면 산서길209번길 91-124,35,2025-08-14
일구농장3,한우,경상북도 포항시 남구 장기면 양포리 591번지 28호  ,경상북도 포항시 남구 장기면 동해안로 3245-64,0,2025-08-14
세헌농장,한우,경상북도 포항시 남구 구룡포읍 석병리 668번지 2호  ,경상북도 포항시 남구 구룡포읍 땅끝마을길 17,0,2025-08-14
필봉농장,한우,경상북도 포항시 북구 청하면 필화리 5번지 1호  ,경상북도 포항시 북구 청하면 미남길 93-34,10,2025-08-14
대형농장 3호,한우,경상북도 포항시 북구 신광면 흥곡리 772번지 2호  ,,0,2025-08-14
민농장,한우,경상북도 포항시 북구 기계면 성계리 648번지 1호  ,경상북도 포항시 북구 기계면 성계길 105,0,2025-08-14
미소농장,한우,경상북도 포항시 북구 기북면 오덕리 776번지 6호  ,경상북도 포항시 북구 기북면 기북로 728-58,0,2025-08-14
수야농장,한우,경상북도 포항시 남구 장기면 산서리 389번지 1호  ,경상북도 포항시 남구 장기면 산서안길6번길 14,0,2025-08-14
운산농원,한우,경상북도 포항시 북구 신광면 냉수리 306번지 2호  ,,19,2025-08-14
상국농장,한우,경상북도 포항시 북구 신광면 반곡리 438번지 11호  ,경상북도 포항시 북구 신광면 기반길 171,0,2025-08-14
큰골농장,한우,경상북도 포항시 북구 신광면 흥곡리 894번지  ,경상북도 포항시 북구 신광면 흥곡길 128-13,0,2025-08-14
고니농장,한우,경상북도 포항시 북구 기계면 현내리 537번지  ,,0,2025-08-14
용진농장,한우,경상북도 포항시 북구 기계면 학야리 311번지 1호  ,,0,2025-08-14
거현농장,한우,경상북도 포항시 북구 기계면 지가리 671번지  ,,0,2025-08-14
비학농장,한우,경상북도 포항시 북구 기북면 대곡리 1182번지  ,경상북도 포항시 북구 기북면 기북로306번길 37,25,2025-08-14
심정농장,한우,경상북도 포항시 북구 기계면 화봉리 650번지  ,경상북도 포항시 북구 기계면 기동지길263번길 126,115,2025-08-14
이미정 한우농장,한우,경상북도 포항시 북구 신광면 안덕리 812번지  ,경상북도 포항시 북구 신광면 안덕길89번길 74,49,2025-08-14
도토골 농장,염소,경상북도 포항시 북구 죽장면 하옥리 859번지 외 1필지 ,,40,2025-08-14
