순번,사업장명,축종,주소,사육두수,오폐수 처리방법,데이터 제공기준일
1,김○○(임차인 김○○),돼지,합천군 초계면 택리,2610,"퇴비화, 액비화, 위탁처리",2025-11-10
2,희복양돈장,돼지,합천군 초계면 택리,6400,전량 위탁처리,2025-11-10
3,해밀농장,돼지,합천군 청덕면 초곡리,1624,"퇴비화, 액비화, 정화처리, 위탁처리",2025-11-10
4,해밀농장,돼지,합천군 청덕면 초곡리,1389,"퇴비화, 액비화, 정화처리, 위탁처리",2025-11-10
5,진보농장,돼지,합천군 청덕면 초곡리,3286,"퇴비화, 액비화, 위탁처리",2025-11-10
6,청계농장,돼지,합천군 야로면 청계리,3037,"퇴비화, 액비화, 위탁처리",2025-11-10
7,에이에스팜,돼지,합천군 청덕면 초곡리,6390,"퇴비화, 액비화, 정화처리, 위탁처리",2025-11-10
8,관기농장,돼지,합천군 묘산면 관기리,2620,"퇴비화, 액비화",2025-11-10
9,창일농장,돼지,합천군 율곡면 문림리,1442,"퇴비화, 액비화, 위탁처리",2025-11-10
10,벧엘농장,돼지,합천군 야로면 정대리,3123,"퇴비화, 액비화, 위탁처리",2025-11-10
11,오뚜기,돼지,합천군 율곡면 제내리,1251,"퇴비화, 액비화, 위탁처리",2025-11-10
12,농업회사법인 가호팜주식회사,돼지,합천군 쌍백면 육리,2427,"퇴비화, 액비화, 정화처리, 위탁처리",2025-11-10
13,월계농장,돼지,합천군 쌍백면 안계리,2658,"퇴비화, 액비화, 위탁처리",2025-11-10
14,송곡농장,돼지,합천군 묘산면 팔심리,2721,"퇴비화, 액비화, 위탁처리",2025-11-10
15,농업회사법인 송림주식회사,돼지,합천군 묘산면 화양리,3622,"퇴비화, 액비화, 정화처리, 위탁처리",2025-11-10
16,다우농장,돼지,합천군 묘산면 가산리,1673,"퇴비화, 액비화, 위탁처리",2025-11-10
17,사슴농장,돼지,합천군 가야면 대전리,1680,"퇴비화, 액비화",2025-11-10
18,영광축산,돼지,합천군 쌍책면 건태리,2481,"퇴비화, 액비화, 정화처리",2025-11-10
19,삼성양돈,돼지,합천군 가야면 사촌리,1351,"퇴비화, 액비화, 정화처리",2025-11-10
20,이○○,돼지,합천군 야로면 정대리,800,"퇴비화, 액비화, 위탁처리",2025-11-10
21,행복축산,돼지,합천군 묘산면 도옥리,1528,"퇴비화, 액비화, 위탁처리",2025-11-10
22,최○○,돼지,합천군 봉산면 계산리,1033,"퇴비화, 액비화, 위탁처리",2025-11-10
23,이○○,돼지,합천군 가야면 청현리,10825,"퇴비화, 액비화, 정화처리, 위탁처리",2025-11-10
24,산개울 영농조합법인,돼지,합천군 가야면 청현리,5886,"퇴비화, 액비화, 정화처리, 위탁처리",2025-11-10
25,형제축산,돼지,합천군 적중면 누하리,1126,"퇴비화, 액비화, 위탁처리",2025-11-10
26,농업회사법인 가야육종㈜,돼지,합천군 묘산면 반포리,2807,"퇴비화, 액비화, 위탁처리",2025-11-10
27,성림농장,돼지,합천군 묘산면 화양리,1432,"퇴비화, 액비화, 위탁처리",2025-11-10
28,윤○○,돼지,합천군 적중면 누하리,1428,"퇴비화, 액비화, 위탁처리",2025-11-10
29,농업회사법인 옥천주식회사,돼지,합천군 야로면 하빈리,2338,"퇴비화, 액비화, 위탁처리",2025-11-10
30,상진축산,돼지,합천군 야로면 금평리,1602,"퇴비화, 액비화, 정화처리, 위탁처리",2025-11-10
31,김○○,돼지,합천군 적중면 누하리,1303,"퇴비화, 액비화, 위탁처리",2025-11-10
32,황매영농 조합법인,돼지,합천군 가회면 외사리,3183,"퇴비화, 액비화, 위탁처리",2025-11-10
33,영성축산 ,돼지,합천군 가회면 오도리,1030,"퇴비화, 액비화, 위탁처리",2025-11-10
34,최○○,돼지,합천군 봉산면 권빈리,1206,"퇴비화, 액비화, 위탁처리",2025-11-10
35,최○○,돼지,합천군 봉산면 계산리,759,"퇴비화, 액비화, 위탁처리",2025-11-10
36,김○○,돼지,합천군 가회면 장대리,872,"퇴비화, 액비화, 위탁처리",2025-11-10
37,영성축산,돼지,합천군 대병면 장단리,1242,"퇴비화, 액비화, 위탁처리",2025-11-10
38,한일농장,돼지,합천군 야로면 야로리,990,"퇴비화, 액비화, 위탁처리",2025-11-10
39,오봉양돈,돼지,합천군 가회면 외사리,825,"퇴비화, 액비화, 위탁처리",2025-11-10
40,해인양돈,돼지,합천군 가야면 대전리,9420,"퇴비화, 액비화, 정화처리, 위탁처리",2025-11-10
41,이○○,돼지,합천군 야로면 나대리,1389,야로공동자원화,2025-11-10
42,동화농장,돼지,합천군 묘산면 반포리,1404,"퇴비화, 액비화, 위탁처리",2025-11-10
43,일호농장,돼지,합천군 청덕면 초곡리,2005,"퇴비화, 액비화, 위탁처리",2025-11-10
44,삼득2농장,돼지,합천군 용주면 봉기리,2304,"퇴비화, 액비화, 위탁처리",2025-11-10
45,화동축산,돼지,합천군 묘산면 화양리,1500,"퇴비화, 액비화",2025-11-10
46,사슴농장,돼지,합천군 가야면 대전리,822,"퇴비화, 액비화, 위탁처리",2025-11-10
47,유○○,돼지,합천군 묘산면 안성리,911,"퇴비화, 액비화, 위탁처리",2025-11-10
48,피아이씨 제네틱스,돼지,합천군 합천읍 내곡리,5107,"퇴비화, 정화처리, 위탁처리",2025-11-10
49,농업회사법인은혜㈜,돼지,합천군 청덕면 초곡리,1070,"퇴비화, 액비화, 위탁처리",2025-11-10
50,삼득농장,돼지,합천군 용주면 봉기리,4082,"퇴비화, 액비화, 위탁처리",2025-11-10
51,승민영농조합법인,돼지,합천군 야로면 나대리,3097,"퇴비화, 액비화, 정화처리, 위탁처리",2025-11-10
52,초계양돈작목반 영농조합법인,돼지,합천군 율곡면 갑산리,6056,"퇴비화, 액비화, 정화처리, 위탁처리",2025-11-10
53,백운축산,돼지,합천군 쌍백면 죽전리,819,"퇴비화, 위탁처리",2025-11-10
54,박○○,돼지,합천군 율곡면 낙민리,1483,"퇴비화, 액비화, 위탁처리",2025-11-10
55,쌍용축산,돼지,합천군 야로면 하빈리,1376,"퇴비화, 액비화, 위탁처리",2025-11-10
56,꿀꿀이농장,돼지,합천군 대양면 백암리,425,"퇴비화, 액비화, 위탁처리",2025-11-10
57,박○○,돼지,합천군 가야면 성기리,381,"퇴비화, 액비화, 위탁처리",2025-11-10
58,골드피그,돼지,합천군 율곡면 임북리,423,"퇴비화, 액비화, 위탁처리",2025-11-10
59,정○○,돼지,합천군 율곡면 제내리,524,"퇴비화, 액비화, 위탁처리)",2025-11-10
60,킴스클럽,돼지,합천군 야로면 구정리,1145,"퇴비화, 액비화, 위탁처리",2025-11-10
61,안○○,돼지,합천군 초계면 택리,727,전량 위탁처리,2025-11-10
62,박○○,돼지,합천군 초계면 원당리,1321,"퇴비화, 액비화, 위탁처리",2025-11-10
63,영성농장,돼지,합천군 용주면 황계리,3320,"퇴비화, 액비화, 정화처리, 위탁처리",2025-11-10
64,이○○,돼지,합천군 가야면 청현리,561,"퇴비화, 액비화, 위탁처리",2025-11-10
65,박○○,돼지,합천군 묘산면 화양리,959,"퇴비화, 액비화, 위탁처리",2025-11-10
66,민○○,돼지,합천군 묘산면 화양리,2286,"퇴비화, 액비화, 정화처리, 위탁처리",2025-11-10
67,신가야,돼지,합천군 가야면 성기리,640,"퇴비화, 액비화",2025-11-10
68,이레축산,돼지,합천군 청덕면 초곡리,2074,"퇴비화, 액비화, 위탁처리",2025-11-10
69,박○○,돼지,합천군 야로면 정대리,830,"퇴비화, 액비화, 위탁처리",2025-11-10
70,원정농장,돼지,합천군 야로면 나대리,1509,전량 위탁처리,2025-11-10
71,송○○,돼지,합천군 야로면 나대리,1302,전량 위탁처리,2025-11-10
72,조○○,돼지,합천군 야로면 나대리,1595,전량 위탁처리,2025-11-10
73,백○○,돼지,합천군 야로면 나대리,1000,전량 위탁처리,2025-11-10
74,옥돌2농장,돼지,합천군 야로면 나대리,1051,전량 위탁처리,2025-11-10
75,옥돌1농장,돼지,합천군 야로면 나대리,1147,전량 위탁처리,2025-11-10
76,금아농장,돼지,합천군 야로면 나대리,1123,전량 위탁처리,2025-11-10
77,박○○,돼지,합천군 야로면 나대리,1175,전량 위탁처리,2025-11-10
78,진주농장1,돼지,합천군 야로면 나대리,1938,전량 위탁처리,2025-11-10
79,김○○,돼지,합천군 야로면 나대리,990,전량 위탁처리,2025-11-10
80,문○○,돼지,합천군 야로면 나대리,2000,전량 위탁처리,2025-11-10
81,문○○,돼지,합천군 야로면 나대리,1227,전량 위탁처리,2025-11-10
82,장○○,돼지,합천군 야로면 나대리,1198,전량 위탁처리,2025-11-10
83,최○○,돼지,합천군 야로면 나대리,2262,전량 위탁처리,2025-11-10
84,고원축산,돼지,합천군 야로면 나대리,1694,전량 위탁처리,2025-11-10
85,윤○○,돼지,합천군 야로면 나대리,1638,전량 위탁처리,2025-11-10
86,장○○(임차인 황○○),돼지,합천군 야로면 나대리,1377,전량 위탁처리,2025-11-10
87,김○○,돼지,합천군 야로면 나대리,1000,전량 위탁처리,2025-11-10
88,행복팜,돼지,합천군 야로면 나대리,1595,전량 위탁처리,2025-11-10
89,덕암농장,돼지,합천군 야로면 덕암리,558,"퇴비화, 액비화, 위탁처리",2025-11-10
90,정○○,돼지,합천군 야로면 하빈리,350,"퇴비화, 액비화",2025-11-10
91,영성축산,돼지,합천군 묘산면 반포리,499,"퇴비화, 액비화, 위탁처리",2025-11-10
92,합천유전자연구소,돼지,합천군 합천읍 서산리,44,"퇴비화, 액비화",2025-11-10
93,정대농장,돼지,합천군 야로면 정대리,377,"퇴비화, 액비화, 위탁처리",2025-11-10
94,유○○,돼지,합천군 묘산면 관기리,338,"퇴비화, 액비화, 위탁처리",2025-11-10
