사업장명칭,주사육업종,사업장소재지,면적,기준일자
안0농장,돼지,경상북도 예천군 풍양면 흔효리,11772.59,2026-01-14
경0농장,돼지,경상북도 예천군 개포면 동송리,3585.59,2026-01-14
하0농장,한우,경상북도 예천군 유천면 화지리,894.1,2026-01-14
옥0농장,돼지,경상북도 예천군 지보면 수월리,2748.7,2026-01-14
부0목장,젖소,경상북도 예천군 은풍면 부초리,1556.44,2026-01-14
수0농장,한우,경상북도 예천군 유천면 수심리,964.1,2026-01-14
대0농장,종계/산란계,경상북도 예천군 호명읍 종산리,5045.68,2026-01-14
승0농장,육계,경상북도 예천군 보문면 승본리,2039.1,2026-01-14
고0리골 제1농장,한우,경상북도 예천군 용문면 덕신리,906,2026-01-14
용0목장,젖소,경상북도 예천군 용궁면 금남리,2266.62,2026-01-14
인0농장,한우,경상북도 예천군 감천면 돈산리,1438,2026-01-14
고0황금농장,돼지,경상북도 예천군 풍양면 고산리,1227.44,2026-01-14
덕0농장,돼지,경상북도 예천군 풍양면 와룡리,1669.3,2026-01-14
세0농장,돼지,경상북도 예천군 풍양면 와룡리,3636.2,2026-01-14
황0농장,돼지,경상북도 예천군 풍양면 고산리,3303.33,2026-01-14
양0농장,돼지,경상북도 예천군 개포면 금리,1160.87,2026-01-14
중0축산,한우,경상북도 예천군 개포면 금리,583.1,2026-01-14
무0축산,육계,경상북도 예천군 풍양면 효갈리,1685.25,2026-01-14
대0축산,한우,경상북도 예천군 풍양면 흔효리,1212,2026-01-14
유0농장,육계,경상북도 예천군 풍양면 흔효리,2050.24,2026-01-14
풍0농장,육계,경상북도 예천군 풍양면 낙상리,3745.65,2026-01-14
두0농장,한우,경상북도 예천군 효자면 용두리,331,2026-01-14
제0축산,한우,경상북도 예천군 지보면 소화리,540,2026-01-14
하0축산,한우,경상북도 예천군 풍양면 괴당리,862,2026-01-14
수0축산,한우,경상북도 예천군 풍양면 고산리,1084.4,2026-01-14
동0축산,한우,경상북도 예천군 풍양면 고산리,1037,2026-01-14
하0농장,한우,경상북도 예천군 풍양면 하풍리,440,2026-01-14
청0농장,한우,경상북도 예천군 풍양면 청운리,512,2026-01-14
풍0축산,한우,경상북도 예천군 풍양면 낙상리,1303.4,2026-01-14
풍0축산,한우,경상북도 예천군 풍양면 낙상리,1989.5,2026-01-14
왕0농장,한우,경상북도 예천군 예천읍 왕신리,1030.62,2026-01-14
금0농장,한우,경상북도 예천군 호명읍 직산리,1334.48,2026-01-14
하0농장,돼지,경상북도 예천군 호명읍 내신리,1387.2,2026-01-14
동0축산,한우,경상북도 예천군 호명읍 직산리,1225,2026-01-14
솔0농장,한우,경상북도 예천군 지보면 도장리,800,2026-01-14
새0농장,한우,경상북도 예천군 예천읍 용산리,2284.2,2026-01-14
신0축산(낙상),한우,경상북도 예천군 풍양면 낙상리,2556,2026-01-14
푸0농장,한우,경상북도 예천군 감천면 마촌리,1483.92,2026-01-14
기0농장,한우,경상북도 예천군 풍양면 공덕리,818.6,2026-01-14
가0농장,돼지,경상북도 예천군 용궁면 가야리,1068.36,2026-01-14
재0농장,돼지,경상북도 예천군 지보면 지보리,896,2026-01-14
아0농장,돼지,경상북도 예천군 지보면 어신리,414,2026-01-14
갈0농장,한우,경상북도 예천군 지보면 소화리,612,2026-01-14
화0농장,한우,경상북도 예천군 호명읍 담암리,320,2026-01-14
평0농장,한우,경상북도 예천군 지보면 소화리,363.6,2026-01-14
대0농장,한우,경상북도 예천군 은풍면 탑리,819.96,2026-01-14
채0덕농장,한우,경상북도 예천군 은풍면 우곡리,892.5,2026-01-14
충0농장,한우,경상북도 예천군 은풍면 우곡리,602.4,2026-01-14
덕0리농장,한우,경상북도 예천군 은풍면 금곡리,480,2026-01-14
부0농장,한우,경상북도 예천군 은풍면 부초리,621.76,2026-01-14
영0농장,한우,경상북도 예천군 은풍면 탑리,300,2026-01-14
우0농장,한우,경상북도 예천군 은풍면 우곡리,96,2026-01-14
미0농장,돼지,경상북도 예천군 감천면 미석리,1321.6,2026-01-14
만0농장,한우,경상북도 예천군 은풍면 송월리,1119.5,2026-01-14
위0농장,돼지,경상북도 예천군 용궁면 월오리,691,2026-01-14
오0농장,한우,경상북도 예천군 용문면 사부리,537.49,2026-01-14
일0농장,한우,경상북도 예천군 은풍면 오류리,265,2026-01-14
솔0농장,한우,경상북도 예천군 보문면 작곡리,308,2026-01-14
두0농장,한우,경상북도 예천군 용문면 두천리,314.55,2026-01-14
송0농장,돼지,경상북도 예천군 용궁면 월오리,360,2026-01-14
성0농장,한우,경상북도 예천군 용궁면 대은리,2995,2026-01-14
원0농축,한우,경상북도 예천군 용궁면 산택리,330,2026-01-14
새0을농장,한우,경상북도 예천군 용궁면 읍부리,429,2026-01-14
오0농장,한우,경상북도 예천군 보문면 오신리,378,2026-01-14
본0농장,한우,경상북도 예천군 호명읍 본포리,529.52,2026-01-14
지0참우2농장,한우,경상북도 예천군 지보면 신풍리,300,2026-01-14
오0농장,한우,경상북도 예천군 지보면 송평리,600,2026-01-14
피0골농장,한우,경상북도 예천군 지보면 신풍리,300,2026-01-14
삼0농장,한우,경상북도 예천군 지보면 도화리,353.7,2026-01-14
농0농장,한우,경상북도 예천군 유천면 율현리,606.95,2026-01-14
용0축산,한우,경상북도 예천군 용궁면 대은리,2197.1,2026-01-14
창0농장,한우,경상북도 예천군 은풍면 우곡리,358.17,2026-01-14
신0목장,젖소,경상북도 예천군 감천면 덕율리,785.25,2026-01-14
초0농장,한우,경상북도 예천군 호명읍 황지리,396,2026-01-14
백0축산,한우,경상북도 예천군 효자면 사곡리,1090.7,2026-01-14
진0장,돼지,경상북도 예천군 예천읍 청복리,396.6,2026-01-14
신0농장,한우,경상북도 예천군 지보면 신풍리,704,2026-01-14
이0우축사,한우,경상북도 예천군 지보면 매창리,226,2026-01-14
참0농장,한우,경상북도 예천군 지보면 소화리,928,2026-01-14
김0규농장,한우,경상북도 예천군 지보면 어신리,293,2026-01-14
만0농장,한우,경상북도 예천군 지보면 만화리,120,2026-01-14
조0희축사,한우,경상북도 예천군 지보면 지보리,977.2,2026-01-14
혁0축사,한우,경상북도 예천군 지보면 마산리,166,2026-01-14
신0농장,한우,경상북도 예천군 보문면 신월리,462.6,2026-01-14
무0농장,한우,경상북도 예천군 개포면 장송리,330,2026-01-14
강0농장,한우,경상북도 예천군 용궁면 무이리,859.2,2026-01-14
분0농장,한우,경상북도 예천군 용궁면 송암리,248,2026-01-14
금0농장,한우,경상북도 예천군 용궁면 금남리,1079.55,2026-01-14
인0농장,한우,경상북도 예천군 용궁면 월오리,1650,2026-01-14
정0목장,한우,경상북도 예천군 용궁면 무지리,1485,2026-01-14
우0농장,한우,경상북도 예천군 용궁면 산택리,396.41,2026-01-14
풍0축산,한우,경상북도 예천군 감천면 벌방리,1487.5,2026-01-14
장0농장,한우,경상북도 예천군 감천면 장산리,608,2026-01-14
명0축산,한우,경상북도 예천군 감천면 포리,581.5,2026-01-14
언0숯불농장,한우,경상북도 예천군 감천면 현내리,265,2026-01-14
양0농장,한우,경상북도 예천군 효자면 도촌리,256,2026-01-14
부0농장,한우,경상북도 예천군 효자면 백석리,436.85,2026-01-14
동0농장,돼지,경상북도 예천군 개포면 동송리,396.6,2026-01-14
부0농장,한우,경상북도 예천군 호명읍 본리,1580,2026-01-14
시0농장,한우,경상북도 예천군 보문면 우래리,317.3,2026-01-14
율0농장,한우,경상북도 예천군 유천면 율현리,672,2026-01-14
화0리농장,한우,경상북도 예천군 유천면 화지리,264.3,2026-01-14
밀0농장,돼지,경상북도 예천군 효자면 도촌리,928,2026-01-14
선0농장,한우,경상북도 예천군 유천면 고산리,661,2026-01-14
광0축사,한우,경상북도 예천군 유천면 고산리,793.2,2026-01-14
재0농장,한우,경상북도 예천군 유천면 송전리,290.9,2026-01-14
대0축산,한우,경상북도 예천군 예천읍 지내리,1080,2026-01-14
석0농장,한우,경상북도 예천군 지보면 마전리,944,2026-01-14
한0름축산,한우,경상북도 예천군 지보면 마전리,580,2026-01-14
용0농장,한우,경상북도 예천군 용문면 선리,380.1,2026-01-14
맛0농장,한우,경상북도 예천군 용문면 제곡리,395.5,2026-01-14
덕0농장,한우,경상북도 예천군 감천면 덕율리,496,2026-01-14
물0농장,한우,경상북도 예천군 감천면 수한리,666,2026-01-14
원0농장,한우,경상북도 예천군 감천면 증거리,500,2026-01-14
본0농장,한우,경상북도 예천군 감천면 유리,919,2026-01-14
신0농장,한우,경상북도 예천군 감천면 포리,1129,2026-01-14
현0농장,한우,경상북도 예천군 감천면 증거리,583.24,2026-01-14
제0목장,한우,경상북도 예천군 용문면 하학리,726.6,2026-01-14
무0개축산,한우,경상북도 예천군 보문면 승본리,688,2026-01-14
우0농장,한우,경상북도 예천군 지보면 소화리,198,2026-01-14
이0도농장,한우,경상북도 예천군 지보면 매창리,99,2026-01-14
군0농장,돼지,경상북도 예천군 용궁면 금남리,1941.5,2026-01-14
건0농장,한우,경상북도 예천군 풍양면 낙상리,432,2026-01-14
와0농장,한우,경상북도 예천군 풍양면 와룡리,678,2026-01-14
초0농장,한우,경상북도 예천군 풍양면 효갈리,1435,2026-01-14
오0농장,한우,경상북도 예천군 풍양면 우망리,430,2026-01-14
오0농장,한우,경상북도 예천군 풍양면 오지리,474,2026-01-14
우0농장,한우,경상북도 예천군 풍양면 우망리,385.4,2026-01-14
덕0농장,한우,경상북도 예천군 풍양면 오지리,90,2026-01-14
청0농장,한우,경상북도 예천군 풍양면 청곡리,407.78,2026-01-14
대0농장,한우,경상북도 예천군 풍양면 괴당리,462,2026-01-14
낙0농장,한우,경상북도 예천군 풍양면 낙상리,1473,2026-01-14
괴0농장,한우,경상북도 예천군 풍양면 괴당리,489.6,2026-01-14
흥0농장,한우,경상북도 예천군 풍양면 흥천리,160,2026-01-14
효0농장,한우,경상북도 예천군 풍양면 효갈리,652,2026-01-14
동0축산,한우,경상북도 예천군 감천면 대맥리,991.6,2026-01-14
보0농장,한우,경상북도 예천군 감천면 마촌리,1523.8,2026-01-14
한0농장,한우,경상북도 예천군 감천면 장산리,189,2026-01-14
대0농장,한우,경상북도 예천군 감천면 대맥리,736,2026-01-14
갈0미농장,한우,경상북도 예천군 감천면 포리,991,2026-01-14
후0고개농장(마촌),한우,경상북도 예천군 감천면 포리,283.5,2026-01-14
대0농장,한우,경상북도 예천군 감천면 포리,458,2026-01-14
그0농장,한우,경상북도 예천군 감천면 덕율리,1524.07,2026-01-14
술0농장,한우,경상북도 예천군 감천면 수한리,294.6,2026-01-14
무0실농장,한우,경상북도 예천군 예천읍 대심리,105.6,2026-01-14
민0농장,한우,경상북도 예천군 유천면 중평리,587.6,2026-01-14
통0농장,한우,경상북도 예천군 예천읍 통명리,1296,2026-01-14
서0농장,한우,경상북도 예천군 풍양면 와룡리,288.5,2026-01-14
황0훈농장,한우,경상북도 예천군 풍양면 효갈리,330,2026-01-14
정0네농장,한우,경상북도 예천군 풍양면 우망리,99.9,2026-01-14
병0농장,한우,경상북도 예천군 풍양면 공덕리,864,2026-01-14
두0축산,한우,경상북도 예천군 풍양면 청운리,1260,2026-01-14
순0농장,한우,경상북도 예천군 풍양면 풍신리,525.5,2026-01-14
영0농장,한우,경상북도 예천군 풍양면 흔효리,1089.42,2026-01-14
마0농장,한우,경상북도 예천군 유천면 마천리,992,2026-01-14
텃0농장,한우,경상북도 예천군 효자면 백석리,363.6,2026-01-14
재0농장,한우,경상북도 예천군 효자면 백석리,264,2026-01-14
마0농장,한우,경상북도 예천군 감천면 마촌리,687,2026-01-14
복0농장,한우,경상북도 예천군 감천면 포리,872,2026-01-14
최0묵농장,한우,경상북도 예천군 유천면 고림리,250,2026-01-14
성0농장,한우,경상북도 예천군 유천면 성평리,478,2026-01-14
송0한우농장,한우,경상북도 예천군 유천면 송전리,288,2026-01-14
송0농장,한우,경상북도 예천군 유천면 송전리,266,2026-01-14
상0이농장,한우,경상북도 예천군 유천면 송전리,393,2026-01-14
안0창농장,한우,경상북도 예천군 유천면 손기리,512,2026-01-14
덕0농장,한우,경상북도 예천군 풍양면 공덕리,330,2026-01-14
골0목장,한우,경상북도 예천군 풍양면 효갈리,900,2026-01-14
동0농장,한우,경상북도 예천군 풍양면 공덕리,330,2026-01-14
어0생축장,한우,경상북도 예천군 지보면 어신리,2416.28,2026-01-14
소0목장,한우,경상북도 예천군 감천면 포리,327,2026-01-14
예0축산,한우,경상북도 예천군 예천읍 청복리,1710,2026-01-14
원0농장,한우,경상북도 예천군 예천읍 동본리,348.3,2026-01-14
제0농장,한우,경상북도 예천군 예천읍 통명리,333.8,2026-01-14
독0목장,한우,경상북도 예천군 보문면 독양리,1100,2026-01-14
성0목장,한우,경상북도 예천군 예천읍 고평리,391.5,2026-01-14
천0축산,한우,경상북도 예천군 예천읍 동본리,281.75,2026-01-14
미0네농장,한우,경상북도 예천군 예천읍 생천리,99.9,2026-01-14
청0농장,한우,경상북도 예천군 예천읍 청복리,547.9,2026-01-14
장0농장,한우,경상북도 예천군 예천읍 통명리,640,2026-01-14
사0농장,한우,경상북도 예천군 용문면 사부리,336,2026-01-14
일0농장,한우,경상북도 예천군 예천읍 동본리,427,2026-01-14
영0축산,한우,경상북도 예천군 개포면 경진리,1772,2026-01-14
언0숯불농장,한우,경상북도 예천군 감천면 현내리,310.8,2026-01-14
해0농장,한우,경상북도 예천군 풍양면 청운리,396,2026-01-14
희0농장,한우,경상북도 예천군 감천면 포리,328,2026-01-14
우0농장,한우,경상북도 예천군 예천읍 갈구리,649.66,2026-01-14
대0축산,한우,경상북도 예천군 예천읍 지내리,782.8,2026-01-14
청0농장,한우,경상북도 예천군 예천읍 청복리,334,2026-01-14
임0규농장,한우,경상북도 예천군 유천면 율현리,320,2026-01-14
청0흑돼지농장,한우,경상북도 예천군 풍양면 청운리,953.94,2026-01-14
원0농장,한우,경상북도 예천군 용궁면 산택리,420,2026-01-14
지0농장,한우,경상북도 예천군 호명읍 본리,640,2026-01-14
신0계농장,한우,경상북도 예천군 예천읍 고평리,396.6,2026-01-14
월0농장,한우,경상북도 예천군 호명읍 월포리,759.42,2026-01-14
양0농원,한우,경상북도 예천군 유천면 고산리,476.06,2026-01-14
태0농장,한우,경상북도 예천군 지보면 소화리,440,2026-01-14
율0목장,한우,경상북도 예천군 지보면 송평리,1873,2026-01-14
수0농장,한우,경상북도 예천군 지보면 수월리,376.55,2026-01-14
큰0을 농장,한우,경상북도 예천군 지보면 어신리,1036.75,2026-01-14
와0축산,육우,경상북도 예천군 풍양면 와룡리,1233.24,2026-01-14
수0농장,한우,경상북도 예천군 풍양면 고산리,750,2026-01-14
당0농장,육우,경상북도 예천군 풍양면 괴당리,1040,2026-01-14
청0농원,한우,경상북도 예천군 풍양면 청운리,856,2026-01-14
우0농장,한우,경상북도 예천군 풍양면 우망리,1256.5,2026-01-14
용0농장,한우,경상북도 예천군 예천읍 용산리,324.49,2026-01-14
이0국축사,한우,경상북도 예천군 예천읍 통명리,390.4,2026-01-14
교0농장,한우,경상북도 예천군 유천면 율현리,239.41,2026-01-14
교0농장,한우,경상북도 예천군 유천면 율현리,571.27,2026-01-14
마0농장,한우,경상북도 예천군 유천면 마천리,324,2026-01-14
우0농장,한우,경상북도 예천군 풍양면 흔효리,772,2026-01-14
다0농장,한우,경상북도 예천군 풍양면 흥천리,1087.15,2026-01-14
청0축산,한우,경상북도 예천군 풍양면 청운리,420,2026-01-14
대0축산,한우,경상북도 예천군 풍양면 낙상리,492,2026-01-14
오0축산,한우,경상북도 예천군 풍양면 청운리,429.42,2026-01-14
학0축산,한우,경상북도 예천군 풍양면 괴당리,912.54,2026-01-14
재0축산,한우,경상북도 예천군 풍양면 낙상리,1344,2026-01-14
윤0축산,한우,경상북도 예천군 풍양면 낙상리,1700,2026-01-14
재0축산,한우,경상북도 예천군 풍양면 낙상리,320,2026-01-14
희0축산,한우,경상북도 예천군 풍양면 흔효리,736,2026-01-14
시0축산,한우,경상북도 예천군 풍양면 낙상리,322,2026-01-14
풍0한우영농조합,한우,경상북도 예천군 풍양면 흔효리,386,2026-01-14
효0농장,한우,경상북도 예천군 호명읍 산합리,445.5,2026-01-14
해0농장,한우,경상북도 예천군 풍양면 흔효리,537.6,2026-01-14
합0농장,한우,경상북도 예천군 풍양면 와룡리,1484.4,2026-01-14
풍0한우영농조합,한우,경상북도 예천군 풍양면 흔효리,1765,2026-01-14
풍0축산,젖소,경상북도 예천군 풍양면 풍신리,902.7,2026-01-14
청0농원,한우,경상북도 예천군 풍양면 와룡리,795,2026-01-14
와0축산,한우,경상북도 예천군 풍양면 와룡리,680,2026-01-14
신0축산,한우,경상북도 예천군 풍양면 흥천리,704,2026-01-14
중0농장,한우,경상북도 예천군 풍양면 공덕리,528,2026-01-14
재0농장,한우,경상북도 예천군 풍양면 낙상리,480,2026-01-14
예0한우,한우,경상북도 예천군 호명읍 직산리,300,2026-01-14
송0한우영농조합법인,한우,경상북도 예천군 유천면 송전리,1080,2026-01-14
한0농장,한우,경상북도 예천군 예천읍 청복리,690.75,2026-01-14
소0골농장,한우,경상북도 예천군 감천면 장산리,384,2026-01-14
실0암농장,한우,경상북도 예천군 호명읍 오천리,550,2026-01-14
청0농장,한우,경상북도 예천군 용문면 성현리,560,2026-01-14
호0농장,한우,경상북도 예천군 호명읍 월포리,876.8,2026-01-14
한0농장,한우,경상북도 예천군 호명읍 한어리,288,2026-01-14
오0농장,한우,경상북도 예천군 유천면 고산리,736,2026-01-14
웃0농장,한우,경상북도 예천군 용궁면 산택리,384,2026-01-14
청0농장,한우,경상북도 예천군 예천읍 청복리,931.5,2026-01-14
다0농장,돼지,경상북도 예천군 풍양면 우망리,2172,2026-01-14
신0축산,육우,경상북도 예천군 풍양면 흥천리,1000,2026-01-14
지0농장,한우,경상북도 예천군 용문면 제곡리,608,2026-01-14
서0농장,한우,경상북도 예천군 예천읍 동본리,1088.3,2026-01-14
효0농장,한우,경상북도 예천군 풍양면 흔효리,247.26,2026-01-14
덕0축산,오리,경상북도 예천군 보문면 미호리,3435,2026-01-14
가0축산,한우,경상북도 예천군 유천면 가리,406,2026-01-14
우0다산농장,한우,경상북도 예천군 지보면 마전리,1651.7,2026-01-14
도0축사,한우,경상북도 예천군 지보면 도장리,736,2026-01-14
사0농장,한우,경상북도 예천군 풍양면 청운리,470,2026-01-14
태0농장,한우,경상북도 예천군 용문면 제곡리,288,2026-01-14
미0농장,한우,경상북도 예천군 보문면 오암리,688.98,2026-01-14
본0농장,한우,경상북도 예천군 호명읍 본포리,503.75,2026-01-14
주0회사성일농업회사법인,돼지,경상북도 예천군 감천면 현내리,5376.19,2026-01-14
김0문농장,한우,경상북도 예천군 호명읍 본리,320,2026-01-14
백0한우농장,한우,경상북도 예천군 예천읍 왕신리,1479,2026-01-14
오0농장,한우,경상북도 예천군 보문면 오신리,944,2026-01-14
성0농장,한우,경상북도 예천군 감천면 미석리,700,2026-01-14
수0단지,한우,경상북도 예천군 지보면 수월리,736,2026-01-14
삼0매 농장,한우,경상북도 예천군 은풍면 동사리,158.6,2026-01-14
예0참우시험연구농장학교,한우,경상북도 예천군 은풍면 은산리,1063.03,2026-01-14
보0축산,한우,경상북도 예천군 보문면 미호리,192,2026-01-14
영0축산,한우,경상북도 예천군 용궁면 금남리,162.04,2026-01-14
할0루야 축산,한우,경상북도 예천군 풍양면 청곡리,315,2026-01-14
시0농장,한우,경상북도 예천군 감천면 유리,808.28,2026-01-14
바0농장,한우,경상북도 예천군 예천읍 왕신리,400,2026-01-14
쌍0농장,한우,경상북도 예천군 효자면 도촌리,416,2026-01-14
사0농장,한우,경상북도 예천군 효자면 사곡리,384,2026-01-14
신0농장,한우,경상북도 예천군 지보면 지보리,190,2026-01-14
영0농장,한우,경상북도 예천군 풍양면 오지리,1993,2026-01-14
우0농장,한우,경상북도 예천군 예천읍 석정리,320,2026-01-14
석0농장,한우,경상북도 예천군 예천읍 석정리,476.88,2026-01-14
중0농장,한우,경상북도 예천군 개포면 금리,635.39,2026-01-14
누0소 농장,한우,경상북도 예천군 지보면 어신리,544,2026-01-14
성0축산,육우,경상북도 예천군 풍양면 오지리,1000,2026-01-14
실0농장,한우,경상북도 예천군 보문면 신월리,256,2026-01-14
낙0목장,한우,경상북도 예천군 예천읍 우계리,800,2026-01-14
한0농장,한우,경상북도 예천군 유천면 고산리,768,2026-01-14
금0축산,한우,경상북도 예천군 개포면 경진리,800,2026-01-14
지0농장,한우,경상북도 예천군 유천면 가리,283.5,2026-01-14
덕0농장,한우,경상북도 예천군 지보면 마전리,328,2026-01-14
나0목장,한우,경상북도 예천군 지보면 마전리,747.55,2026-01-14
거0농장,한우,경상북도 예천군 호명읍 직산리,256,2026-01-14
영0축산,한우,경상북도 예천군 풍양면 흔효리,320,2026-01-14
장0농장,한우,경상북도 예천군 예천읍 석정리,448,2026-01-14
청02농장,한우,경상북도 예천군 예천읍 청복리,192,2026-01-14
상0농장,한우,경상북도 예천군 용문면 상금곡,306,2026-01-14
초0농장,한우,경상북도 예천군 예천읍 석정리,330,2026-01-14
덕0농장,한우,경상북도 예천군 은풍면 금곡리,352,2026-01-14
참0농장,한우,경상북도 예천군 지보면 신풍리,768,2026-01-14
성0농장,한우,경상북도 예천군 지보면 상월리,254,2026-01-14
수0농장,한우,경상북도 예천군 지보면 수월리,640,2026-01-14
봉0농장,한우,경상북도 예천군 지보면 수월리,320,2026-01-14
삼0농장,한우,경상북도 예천군 풍양면 청운리,1396.8,2026-01-14
정0운 농장,한우,경상북도 예천군 풍양면 청운리,1638,2026-01-14
대0축산,한우,경상북도 예천군 풍양면 흔효리,328,2026-01-14
행0농원,한우,경상북도 예천군 용문면 성현리,886,2026-01-14
덕0농장,한우,경상북도 예천군 용문면 덕신리,1000,2026-01-14
오0농장,한우,경상북도 예천군 은풍면 오류리,352,2026-01-14
강0농장,한우,경상북도 예천군 감천면 수한리,342,2026-01-14
재0농장,한우,경상북도 예천군 감천면 포리,1278,2026-01-14
삼0농장,한우,경상북도 예천군 보문면 우래리,320,2026-01-14
길0장,한우,경상북도 예천군 지보면 소화리,520,2026-01-14
호0농장,한우,경상북도 예천군 지보면 송평리,132,2026-01-14
김0식농장,한우,경상북도 예천군 풍양면 공덕리,700,2026-01-14
지0농장,한우,경상북도 예천군 예천읍 지내리,160,2026-01-14
운0농장,한우,경상북도 예천군 예천읍 지내리,288,2026-01-14
대0농장,한우,경상북도 예천군 예천읍 지내리,862,2026-01-14
길0장,한우,경상북도 예천군 지보면 어신리,1760,2026-01-14
괴0농장,한우,경상북도 예천군 풍양면 풍신리,360,2026-01-14
포0즌 재용축산농장,한우,경상북도 예천군 풍양면 흔효리,361,2026-01-14
태0농장,한우,경상북도 예천군 감천면 현내리,288,2026-01-14
민0이네 농장,한우,경상북도 예천군 예천읍 석정리,364.02,2026-01-14
영0농장,한우,경상북도 예천군 풍양면 오지리,896,2026-01-14
생0농장,한우,경상북도 예천군 예천읍 생천리,688.5,2026-01-14
안0화 농장,한우,경상북도 예천군 보문면 산성리,320,2026-01-14
통0농장,한우,경상북도 예천군 지보면 매창리,280,2026-01-14
경0축산,한우,경상북도 예천군 감천면 마촌리,360,2026-01-14
오0농장,한우,경상북도 예천군 풍양면 오지리,500,2026-01-14
혜0농장,한우,경상북도 예천군 예천읍 생천리,640,2026-01-14
용0축산,한우,경상북도 예천군 풍양면 낙상리,275,2026-01-14
이0농장,육계,경상북도 예천군 풍양면 흔효리,3881,2026-01-14
용0농장,한우,경상북도 예천군 감천면 포리,368,2026-01-14
석0농장,한우,경상북도 예천군 감천면 천향리,709,2026-01-14
양0농장,한우,경상북도 예천군 용문면 제곡리,192,2026-01-14
서0재 한우농장,한우,경상북도 예천군 용궁면 월오리,480,2026-01-14
풍0농장,한우,경상북도 예천군 예천읍 통명리,891,2026-01-14
소0농장,한우,경상북도 예천군 호명읍 종산리,324,2026-01-14
개0농장,한우,경상북도 예천군 호명읍 본포리,448,2026-01-14
황0농장,한우,경상북도 예천군 풍양면 오지리,1024,2026-01-14
송0축산,한우,경상북도 예천군 유천면 송전리,360,2026-01-14
유0축산,한우,경상북도 예천군 풍양면 낙상리,860,2026-01-14
호0농장,한우,경상북도 예천군 호명읍 오천리,506.73,2026-01-14
신0농장,한우,경상북도 예천군 예천읍 석정리,640,2026-01-14
미0사슴농장,한우,경상북도 예천군 유천면 율현리,782.67,2026-01-14
황0축산,한우,경상북도 예천군 풍양면 고산리,1572.71,2026-01-14
정0농장,한우,경상북도 예천군 보문면 수계리,312,2026-01-14
형0농장,한우,경상북도 예천군 용문면 방송리,384,2026-01-14
건0농장,한우,경상북도 예천군 용문면 덕신리,288,2026-01-14
기0농장,한우,경상북도 예천군 예천읍 대심리,384,2026-01-14
호0농장,한우,경상북도 예천군 보문면 미호리,405,2026-01-14
웅0농장,한우,경상북도 예천군 효자면 도촌리,364.5,2026-01-14
송0축산,한우,경상북도 예천군 용궁면 송암리,928,2026-01-14
지0농장,한우,경상북도 예천군 예천읍 지내리,400,2026-01-14
도0농장,한우,경상북도 예천군 지보면 도화리,350,2026-01-14
재0축산,육우,경상북도 예천군 풍양면 흥천리,1800,2026-01-14
문0농장,한우,경상북도 예천군 예천읍 청복리,832,2026-01-14
영0농장,한우,경상북도 예천군 감천면 미석리,450,2026-01-14
청0농장,한우,경상북도 예천군 풍양면 청곡리,512.5,2026-01-14
효0농장,한우,경상북도 예천군 예천읍 통명리,769.5,2026-01-14
아0지 제2농장,한우,경상북도 예천군 감천면 덕율리,768,2026-01-14
구0축사,한우,경상북도 예천군 지보면 신풍리,478,2026-01-14
SM0장,육계,경상북도 예천군 개포면 우감리,3371.81,2026-01-14
3탄0장,한우,경상북도 예천군 풍양면 낙상리,316,2026-01-14
준0농장,한우,경상북도 예천군 개포면 금리,2777,2026-01-14
돈0농장,한우,경상북도 예천군 감천면 돈산리,500,2026-01-14
오0농장,한우,경상북도 예천군 풍양면 와룡리,2676,2026-01-14
중0농장,한우,경상북도 예천군 용문면 성현리,800,2026-01-14
종0농장,한우,경상북도 예천군 호명읍 종산리,1166.4,2026-01-14
선0농장,한우,경상북도 예천군 감천면 돈산리,1153.5,2026-01-14
장0골농장,한우,경상북도 예천군 보문면 수계리,384,2026-01-14
월0농장,한우,경상북도 예천군 호명읍 월포리,1395,2026-01-14
가0제2축산,한우,경상북도 예천군 유천면 가리,2329,2026-01-14
대0축산,한우,경상북도 예천군 호명읍 황지리,640,2026-01-14
송0농장,한우,경상북도 예천군 호명읍 직산리,369,2026-01-14
사0농장,한우,경상북도 예천군 개포면 동송리,1768,2026-01-14
우0제2농장,한우,경상북도 예천군 용궁면 금남리,749.06,2026-01-14
백0축산,한우,경상북도 예천군 풍양면 우망리,1904,2026-01-14
순0농장,한우,경상북도 예천군 감천면 덕율리,448,2026-01-14
대0농장,한우,경상북도 예천군 예천읍 석정리,2049.9,2026-01-14
금0축산,한우,경상북도 예천군 용문면 방송리,224,2026-01-14
성0농장,한우,경상북도 예천군 감천면 현내리,368.5,2026-01-14
동0축산,한우,경상북도 예천군 지보면 신풍리,702.5,2026-01-14
권0훈농장,한우,경상북도 예천군 풍양면 우망리,266,2026-01-14
석0농장,한우,경상북도 예천군 감천면 천향리,320,2026-01-14
명0농장,한우,경상북도 예천군 개포면 금리,1036.8,2026-01-14
왕0농장,한우,경상북도 예천군 감천면 돈산리,526.5,2026-01-14
추0농장,한우,경상북도 예천군 감천면 유리,320,2026-01-14
다0농장,한우,경상북도 예천군 예천읍 고평리,350,2026-01-14
일0농장,한우,경상북도 예천군 감천면 유리,704,2026-01-14
미0목장,한우,경상북도 예천군 지보면 만화리,320,2026-01-14
준0농장,한우,경상북도 예천군 풍양면 낙상리,224,2026-01-14
순0농장,한우,경상북도 예천군 풍양면 낙상리,432,2026-01-14
미0농장,한우,경상북도 예천군 풍양면 우망리,314,2026-01-14
연0골농장,한우,경상북도 예천군 은풍면 율곡리,1112,2026-01-14
청0농장,한우,경상북도 예천군 풍양면 청운리,256,2026-01-14
주0농장,한우,경상북도 예천군 용문면 선리,306,2026-01-14
청0축산,한우,경상북도 예천군 풍양면 청곡리,472,2026-01-14
문0축산,한우,경상북도 예천군 호명읍 본포리,384,2026-01-14
마0제2농장,한우,경상북도 예천군 유천면 마천리,972,2026-01-14
수0농장,한우,경상북도 예천군 개포면 가곡리,1539,2026-01-14
홍0축사,한우,경상북도 예천군 유천면 고림리,1272.59,2026-01-14
광0농장,한우,경상북도 예천군 지보면 지보리,640,2026-01-14
無0축산,한우,경상북도 예천군 풍양면 고산리,1238,2026-01-14
유0네 농장,한우,경상북도 예천군 유천면 율현리,304,2026-01-14
밤0개 농장,한우,경상북도 예천군 유천면 율현리,729,2026-01-14
영0축산,한우,경상북도 예천군 유천면 율현리,1578,2026-01-14
청0농장,한우,경상북도 예천군 예천읍 생천리,384,2026-01-14
장0농장,한우,경상북도 예천군 유천면 가리,372,2026-01-14
구0농장,한우,경상북도 예천군 용문면 구계리,320,2026-01-14
희0농장,한우,경상북도 예천군 유천면 화지리,480,2026-01-14
덕0축산,한우,경상북도 예천군 풍양면 공덕리,768,2026-01-14
보0농장,한우,경상북도 예천군 보문면 신월리,384,2026-01-14
섬0농장,한우,경상북도 예천군 개포면 신음리,768,2026-01-14
대0농장,한우,경상북도 예천군 유천면 고산리,1542,2026-01-14
버0네 농장,한우,경상북도 예천군 유천면 매산리,512,2026-01-14
이0호 축사,한우,경상북도 예천군 지보면 소화리,1000,2026-01-14
대0제2농장,한우,경상북도 예천군 풍양면 흔효리,900.2,2026-01-14
미0한우농장,한우,경상북도 예천군 유천면 율현리,405,2026-01-14
부0농장,한우,경상북도 예천군 유천면 고산리,328,2026-01-14
태0농장,한우,경상북도 예천군 지보면 신풍리,550,2026-01-14
유0축산,한우,경상북도 예천군 개포면 황산리,320,2026-01-14
산0농원,한우,경상북도 예천군 감천면 유리,643,2026-01-14
두0봉축산,한우,경상북도 예천군 유천면 수심리,352,2026-01-14
제0농장,한우,경상북도 예천군 감천면 유리,1012.8,2026-01-14
부0농장,오리,경상북도 예천군 예천읍 고평리,4456,2026-01-14
승0농원,한우,경상북도 예천군 은풍면 우곡리,1083,2026-01-14
세0농장,한우,경상북도 예천군 호명읍 종산리,320,2026-01-14
지0농장,한우,경상북도 예천군 예천읍 지내리,704,2026-01-14
성0농장,한우,경상북도 예천군 감천면 현내리,2412,2026-01-14
진0은정농장,한우,경상북도 예천군 보문면 신월리,556,2026-01-14
수0농장,한우,경상북도 예천군 지보면 소화리,364.5,2026-01-14
중0농장,한우,경상북도 예천군 용궁면 대은리,448,2026-01-14
가0농장,한우,경상북도 예천군 유천면 화지리,704,2026-01-14
오0농장,한우,경상북도 예천군 지보면 송평리,350,2026-01-14
원0농장,한우,경상북도 예천군 용궁면 산택리,512,2026-01-14
삼0농장,한우,경상북도 예천군 용문면 하학리,320,2026-01-14
송0네 농장,한우,경상북도 예천군 예천읍 생천리,384,2026-01-14
용0농원,오리,경상북도 예천군 용궁면 덕계리,3427.5,2026-01-14
학0농장,한우,경상북도 예천군 보문면 수계리,300,2026-01-14
승0농장,한우,경상북도 예천군 보문면 승본리,832,2026-01-14
사0농장,한우,경상북도 예천군 유천면 사곡리,320,2026-01-14
재0농장,한우,경상북도 예천군 용궁면 금남리,320,2026-01-14
우0농원,한우,경상북도 예천군 용문면 사부리,800,2026-01-14
윤0농장,한우,경상북도 예천군 풍양면 낙상리,480,2026-01-14
진0농장,한우,경상북도 예천군 예천읍 생천리,320,2026-01-14
진0농장,한우,경상북도 예천군 보문면 신월리,320,2026-01-14
제0농장,한우,경상북도 예천군 풍양면 흔효리,192,2026-01-14
시0농장,한우,경상북도 예천군 풍양면 청곡리,1056,2026-01-14
진0농장,한우,경상북도 예천군 지보면 매창리,240,2026-01-14
갑0농장,한우,경상북도 예천군 지보면 매창리,576,2026-01-14
민0농장,한우,경상북도 예천군 풍양면 공덕리,512,2026-01-14
재0농장,한우,경상북도 예천군 감천면 돈산리,384,2026-01-14
수0농장,한우,경상북도 예천군 유천면 가리,256,2026-01-14
정0한우 제2농장,한우,경상북도 예천군 보문면 승본리,384,2026-01-14
남0농장,한우,경상북도 예천군 유천면 광전리,953,2026-01-14
거0농장,한우,경상북도 예천군 효자면 두성리,512,2026-01-14
카0농장,한우,경상북도 예천군 감천면 유리,1467.5,2026-01-14
초0농장,한우,경상북도 예천군 유천면 초적리,160,2026-01-14
휘0농장,한우,경상북도 예천군 유천면 수심리,300,2026-01-14
코0소농장,한우,경상북도 예천군 풍양면 낙상리,1021.5,2026-01-14
해0미농장,한우,경상북도 예천군 예천읍 상동리,750,2026-01-14
하0농장,한우,경상북도 예천군 지보면 송평리,512,2026-01-14
예0농원,육계,경상북도 예천군 풍양면 청곡리,3364,2026-01-14
예0홍삼유황오리 농장,오리,경상북도 예천군 호명읍 직산리,3976,2026-01-14
경0농장,한우,경상북도 예천군 용궁면 송암리,336,2026-01-14
새0을축산,한우,경상북도 예천군 예천읍 고평리,640,2026-01-14
큰0늘 농장,한우,경상북도 예천군 지보면 도장리,512,2026-01-14
그0한우농장,한우,경상북도 예천군 감천면 덕율리,1437,2026-01-14
신0제2목장,육우,경상북도 예천군 예천읍 동본리,96,2026-01-14
그0농장,한우,경상북도 예천군 감천면 덕율리,812,2026-01-14
누0농장,한우,경상북도 예천군 개포면 갈마리,384,2026-01-14
양0목장,한우,경상북도 예천군 지보면 마전리,640,2026-01-14
성0축산,한우,경상북도 예천군 풍양면 오지리,655,2026-01-14
산0농장,한우,경상북도 예천군 보문면 산성리,550,2026-01-14
석0네 한우농장,한우,경상북도 예천군 감천면 장산리,1260,2026-01-14
주0농장,한우,경상북도 예천군 감천면 증거리,135,2026-01-14
은0농장,한우,경상북도 예천군 감천면 유리,360,2026-01-14
정0영농장,한우,경상북도 예천군 지보면 도장리,416,2026-01-14
야0조수인공사육장,한우,경상북도 예천군 예천읍 청복리,330,2026-01-14
승0농장,한우,경상북도 예천군 지보면 수월리,256,2026-01-14
코0아축산,한우,경상북도 예천군 호명읍 종산리,630,2026-01-14
덕0농원,오리,경상북도 예천군 용궁면 덕계리,3672,2026-01-14
통0농장,한우,경상북도 예천군 예천읍 통명리,567,2026-01-14
광0농장,한우,경상북도 예천군 호명읍 종산리,316,2026-01-14
가0목장,젖소,경상북도 예천군 감천면 수한리,1192.04,2026-01-14
풀0농장,육계,경상북도 예천군 풍양면 흔효리,3958.5,2026-01-14
상0농장,오리,경상북도 예천군 용궁면 월오리,2760,2026-01-14
율0농장,한우,경상북도 예천군 은풍면 율곡리,210,2026-01-14
목0태산,한우,경상북도 예천군 용궁면 금남리,384,2026-01-14
황0농장,한우,경상북도 예천군 풍양면 괴당리,384,2026-01-14
봉0농장,한우,경상북도 예천군 호명읍 금능리,750,2026-01-14
지0농장,한우,경상북도 예천군 호명읍 금능리,1125,2026-01-14
(주0올케어코리아,오리,경상북도 예천군 예천읍 고평리,2848,2026-01-14
보0골농원,한우,경상북도 예천군 감천면 포리,198.4,2026-01-14
대0농장,한우,경상북도 예천군 호명읍 산합리,208,2026-01-14
동0축산,한우,경상북도 예천군 용궁면 대은리,576,2026-01-14
한0축사,한우,경상북도 예천군 용문면 내지리,96,2026-01-14
한0농장,한우,경상북도 예천군 개포면 황산리,648,2026-01-14
창0농장,한우,경상북도 예천군 감천면 현내리,768,2026-01-14
선0농장,한우,경상북도 예천군 호명읍 금능리,422,2026-01-14
단0농장,한우,경상북도 예천군 감천면 현내리,1600,2026-01-14
고0농장,한우,경상북도 예천군 예천읍 고평리,47.04,2026-01-14
산0병대농장,한우,경상북도 예천군 보문면 산성길,600,2026-01-14
대0축산,한우,경상북도 예천군 지보면 마전리,1585.37,2026-01-14
영0농장,한우,경상북도 예천군 풍양면 와룡리,1650,2026-01-14
감0농장,육계,경상북도 예천군 감천면 포리,2447,2026-01-14
직0농장,한우,경상북도 예천군 호명읍 직산리,384,2026-01-14
옥0농장,한우,경상북도 예천군 보문면 옥천리,340,2026-01-14
동0농장,한우,경상북도 예천군 보문면 독양리,160.8,2026-01-14
마02농장,한우,경상북도 예천군 감천면 마촌리,1248,2026-01-14
희0농장,한우,경상북도 예천군 지보면 마전리,320,2026-01-14
어0성농장,한우,경상북도 예천군 은풍면 오류리,448,2026-01-14
우0농장,한우,경상북도 예천군 풍양면 낙상리,192,2026-01-14
덕0농장,한우,경상북도 예천군 호명읍 본리,263.2,2026-01-14
팜0스,한우,경상북도 예천군 유천면 광전리,1752,2026-01-14
창0농장,한우,경상북도 예천군 지보면 암천리,160,2026-01-14
오0농장,한우,경상북도 예천군 유천면 용암리,48.5,2026-01-14
송0농장,한우,경상북도 예천군 용문면 내지리,660,2026-01-14
명0농장,한우,경상북도 예천군 용궁면 무이리,768.3,2026-01-14
한0농장,한우,경상북도 예천군 용궁면 월오리,609.86,2026-01-14
문0농장,한우,경상북도 예천군 용궁면 금남리,648,2026-01-14
교0농장,한우,경상북도 예천군 유천면 손기리,384,2026-01-14
동0농장,한우,경상북도 예천군 예천읍 지내리,256,2026-01-14
순0농장,한우,경상북도 예천군 감천면 돈산리,1088,2026-01-14
조0길농장,한우,경상북도 예천군 지보면 도화리,256,2026-01-14
유0농장,한우,경상북도 예천군 지보면 도화리,128,2026-01-14
천0농장,한우,경상북도 예천군 지보면 매창리,300,2026-01-14
본0농장,한우,경상북도 예천군 감천면 유리,387,2026-01-14
청0농장,한우,경상북도 예천군 감천면 마촌리,1820.65,2026-01-14
월0농장,한우,경상북도 예천군 감천면 현내리,192,2026-01-14
직0농장,한우,경상북도 예천군 호명읍 직산리,370,2026-01-14
우0농장,한우,경상북도 예천군 호명읍 직산리,226,2026-01-14
창0농장,한우,경상북도 예천군 용궁면 대은리,83,2026-01-14
재0농장,한우,경상북도 예천군 용궁면 금남리,320,2026-01-14
가0농장,한우,경상북도 예천군 감천면 현내리,1139.5,2026-01-14
오0농장,한우,경상북도 예천군 감천면 천향리,160,2026-01-14
건0농장,한우,경상북도 예천군 예천읍 청복리,324,2026-01-14
능0농장,한우,경상북도 예천군 용문면 능천리,576,2026-01-14
황0농장,한우,경상북도 예천군 감천면 마촌리,384,2026-01-14
희0농장,한우,경상북도 예천군 감천면 포리,283,2026-01-14
재0농장,한우,경상북도 예천군 호명읍 산합리,1385.1,2026-01-14
우0농장,한우,경상북도 예천군 은풍면 율곡리,420,2026-01-14
우0농장,한우,경상북도 예천군 은풍면 우곡리,256,2026-01-14
혈0농장,한우,경상북도 예천군 지보면 송평리,2850,2026-01-14
재0농장,한우,경상북도 예천군 예천읍 대심리,110,2026-01-14
원0농장,한우,경상북도 예천군 예천읍 통명리,192,2026-01-14
상0농장,한우,경상북도 예천군 예천읍 갈구리,33,2026-01-14
준0농장,한우,경상북도 예천군 유천면 화전리,66,2026-01-14
두0농장,한우,경상북도 예천군 유천면 사곡리,736,2026-01-14
태0농장,한우,경상북도 예천군 유천면 용암리,21,2026-01-14
이0농장,한우,경상북도 예천군 유천면 연천리,23,2026-01-14
진0농장,한우,경상북도 예천군 유천면 연천리,20,2026-01-14
종0농장,한우,경상북도 예천군 유천면 율현리,30,2026-01-14
영0농장,한우,경상북도 예천군 유천면 율현리,151,2026-01-14
재0농장,한우,경상북도 예천군 유천면 중평리,56,2026-01-14
두0농장,한우,경상북도 예천군 유천면 중평리,99,2026-01-14
세0농장,한우,경상북도 예천군 유천면 손기리,26,2026-01-14
종0농장,한우,경상북도 예천군 효자면 백석리,180,2026-01-14
기0농장,한우,경상북도 예천군 보문면 간방리,42,2026-01-14
성0농장,한우,경상북도 예천군 보문면 간방리,140,2026-01-14
시0농장,한우,경상북도 예천군 보문면 미호리,20,2026-01-14
시0농장,한우,경상북도 예천군 보문면 미호리,33,2026-01-14
규0농장,한우,경상북도 예천군 보문면 미호리,164,2026-01-14
창0농장,한우,경상북도 예천군 보문면 작곡리,43.68,2026-01-14
두0농장,한우,경상북도 예천군 보문면 작곡리,40,2026-01-14
규0농장,한우,경상북도 예천군 보문면 작곡리,30,2026-01-14
재0농장,한우,경상북도 예천군 보문면 수계리,132,2026-01-14
정0농장,한우,경상북도 예천군 보문면 수계리,50,2026-01-14
정0농장,한우,경상북도 예천군 보문면 수계리,199,2026-01-14
명0농장,한우,경상북도 예천군 예천읍 청복리,120,2026-01-14
시0농장,한우,경상북도 예천군 예천읍 동본리,99,2026-01-14
영0농장,한우,경상북도 예천군 유천면 고산리,17,2026-01-14
영0농장,한우,경상북도 예천군 유천면 성평리,448,2026-01-14
덕0농장,한우,경상북도 예천군 유천면 가리,30,2026-01-14
사0농장,한우,경상북도 예천군 풍양면 청운리,250.26,2026-01-14
남0농장,한우,경상북도 예천군 풍양면 청운리,230,2026-01-14
차0농장,한우,경상북도 예천군 풍양면 흥천리,900,2026-01-14
창0농장,한우,경상북도 예천군 풍양면 청운리,180,2026-01-14
재0농장,한우,경상북도 예천군 풍양면 삼강리,186,2026-01-14
보0농장,한우,경상북도 예천군 풍양면 삼강리,221,2026-01-14
수0농장,한우,경상북도 예천군 풍양면 삼강리,44,2026-01-14
위0농장,한우,경상북도 예천군 보문면 승본리,36,2026-01-14
경0농장,한우,경상북도 예천군 보문면 승본리,240,2026-01-14
시0농장,한우,경상북도 예천군 보문면 승본리,190,2026-01-14
태0농장,한우,경상북도 예천군 보문면 승본리,272,2026-01-14
단0농장,한우,경상북도 예천군 보문면 독양리,132,2026-01-14
동0농장,한우,경상북도 예천군 보문면 독양리,184.32,2026-01-14
영0농장,한우,경상북도 예천군 보문면 수계리,35,2026-01-14
성0농장,한우,경상북도 예천군 보문면 오암리,30,2026-01-14
상0농장,한우,경상북도 예천군 보문면 오암리,60,2026-01-14
점0농장,한우,경상북도 예천군 보문면 신월리,130,2026-01-14
종0농장,한우,경상북도 예천군 보문면 신월리,50,2026-01-14
대0농장,한우,경상북도 예천군 보문면 승본리,448,2026-01-14
영0농장,한우,경상북도 예천군 예천읍 왕신리,148,2026-01-14
기0농장,한우,경상북도 예천군 예천읍 대심리,60,2026-01-14
손0자연농원,염소,경상북도 예천군 유천면 손기리,190,2026-01-14
수0농장,한우,경상북도 예천군 유천면 수심리,83,2026-01-14
용0농장,한우,경상북도 예천군 유천면 가리,26,2026-01-14
상0농장,한우,경상북도 예천군 유천면 가리,10,2026-01-14
진0농장,한우,경상북도 예천군 유천면 가리,40,2026-01-14
병0농장,한우,경상북도 예천군 유천면 가리,30,2026-01-14
재0농장,한우,경상북도 예천군 지보면 마산리,120,2026-01-14
석0농장,한우,경상북도 예천군 지보면 마전리,16,2026-01-14
익0농장,한우,경상북도 예천군 보문면 승본리,30,2026-01-14
옥0농장,한우,경상북도 예천군 보문면 승본리,30,2026-01-14
두0농장,한우,경상북도 예천군 보문면 승본리,256,2026-01-14
종0농장,한우,경상북도 예천군 보문면 승본리,97.78,2026-01-14
춘0농장,한우,경상북도 예천군 보문면 신월리,66,2026-01-14
홍0농장,한우,경상북도 예천군 보문면 신월리,33,2026-01-14
창0농장,한우,경상북도 예천군 보문면 신월리,66,2026-01-14
염0쟁이농장,염소,경상북도 예천군 지보면 마전리,161,2026-01-14
백0농장,한우,경상북도 예천군 개포면 황산리,483,2026-01-14
버0내농장,한우,경상북도 예천군 유천면 율현리,324,2026-01-14
민0농장,한우,경상북도 예천군 보문면 승본리,142,2026-01-14
복0농장,한우,경상북도 예천군 보문면 독양리,661,2026-01-14
창0농장,한우,경상북도 예천군 보문면 독양리,32,2026-01-14
경0농장,한우,경상북도 예천군 보문면 독양리,56,2026-01-14
재0농장,한우,경상북도 예천군 보문면 독양리,42,2026-01-14
병0농장,한우,경상북도 예천군 보문면 독양리,37,2026-01-14
영0농장,한우,경상북도 예천군 보문면 독양리,376,2026-01-14
윤0농장,한우,경상북도 예천군 보문면 독양리,45,2026-01-14
정0농장,한우,경상북도 예천군 보문면 독양리,46,2026-01-14
백0농장,한우,경상북도 예천군 보문면 독양리,35,2026-01-14
익0농장,한우,경상북도 예천군 지보면 상월리,43,2026-01-14
현0농장,한우,경상북도 예천군 지보면 지보리,96,2026-01-14
병0농장,한우,경상북도 예천군 풍양면 청운리,640,2026-01-14
병0농장,한우,경상북도 예천군 유천면 율현리,107,2026-01-14
재0농장,한우,경상북도 예천군 예천읍 대심리,53,2026-01-14
갈0농장,한우,경상북도 예천군 예천읍 갈구리,180,2026-01-14
도0농장,한우,경상북도 예천군 예천읍 갈구리,640,2026-01-14
영0농장,한우,경상북도 예천군 예천읍 통명리,120,2026-01-14
주0농장,한우,경상북도 예천군 예천읍 대심리,53,2026-01-14
찬0농장,한우,경상북도 예천군 유천면 고림리,33,2026-01-14
경0농장,한우,경상북도 예천군 개포면 황산리,223,2026-01-14
도0농장,한우,경상북도 예천군 용문면 방송리,50,2026-01-14
군0농장,한우,경상북도 예천군 용문면 하금곡,33,2026-01-14
우0농장,한우,경상북도 예천군 용문면 하금곡,56,2026-01-14
병0농장,한우,경상북도 예천군 효자면 고항리,30,2026-01-14
철0농장,한우,경상북도 예천군 효자면 고항리,21,2026-01-14
종0농장,한우,경상북도 예천군 효자면 백석리,328,2026-01-14
강0농장,한우,경상북도 예천군 효자면 백석리,40,2026-01-14
보0농장,한우,경상북도 예천군 효자면 백석리,576,2026-01-14
진0농장,염소,경상북도 예천군 보문면 간방리,198,2026-01-14
오0농장,한우,경상북도 예천군 예천읍 왕신리,150,2026-01-14
홍0농장,한우,경상북도 예천군 감천면 장산리,269,2026-01-14
주0농장,한우,경상북도 예천군 감천면 포리,227,2026-01-14
정0농장,한우,경상북도 예천군 감천면 포리,40,2026-01-14
재0농장,한우,경상북도 예천군 개포면 우감리,228,2026-01-14
창0농장,한우,경상북도 예천군 지보면 만화리,90,2026-01-14
언0농장,한우,경상북도 예천군 풍양면 오지리,640,2026-01-14
화0농장,한우,경상북도 예천군 지보면 상월리,120,2026-01-14
박0락축사,한우,경상북도 예천군 지보면 마산리,364,2026-01-14
종0농장,한우,경상북도 예천군 지보면 마산리,108,2026-01-14
해0농장,한우,경상북도 예천군 지보면 마전리,300,2026-01-14
동0농장,한우,경상북도 예천군 지보면 암천리,40,2026-01-14
규0농장,한우,경상북도 예천군 감천면 천향리,50,2026-01-14
세0농장,한우,경상북도 예천군 개포면 황산리,57,2026-01-14
형0농장,한우,경상북도 예천군 개포면 입암리,28,2026-01-14
수0농장,한우,경상북도 예천군 개포면 입암리,20,2026-01-14
갑0농장,한우,경상북도 예천군 유천면 죽안리,10,2026-01-14
구0농장,한우,경상북도 예천군 유천면 죽안리,60,2026-01-14
진0농장,한우,경상북도 예천군 유천면 죽안리,10,2026-01-14
태0농장,한우,경상북도 예천군 유천면 화전리,40,2026-01-14
순0농장,한우,경상북도 예천군 지보면 지보리,192,2026-01-14
중0농장,한우,경상북도 예천군 지보면 만화리,38,2026-01-14
성0농장,한우,경상북도 예천군 지보면 만화리,99,2026-01-14
병0농장,한우,경상북도 예천군 지보면 만화리,50,2026-01-14
위0농장,한우,경상북도 예천군 지보면 만화리,69,2026-01-14
현0농장,한우,경상북도 예천군 지보면 도장리,33,2026-01-14
경0농장,한우,경상북도 예천군 지보면 도장리,120,2026-01-14
병0농장,한우,경상북도 예천군 지보면 만화리,10,2026-01-14
덕0농장,한우,경상북도 예천군 개포면 신음리,83,2026-01-14
상0농장,한우,경상북도 예천군 개포면 동송리,600,2026-01-14
정0농장,한우,경상북도 예천군 개포면 동송리,148,2026-01-14
동0농장,한우,경상북도 예천군 개포면 금리,35,2026-01-14
종0농장,한우,경상북도 예천군 개포면 가곡리,160,2026-01-14
순0농장,한우,경상북도 예천군 개포면 가곡리,864,2026-01-14
을0농장,염소,경상북도 예천군 개포면 풍정리,30,2026-01-14
호0농장,한우,경상북도 예천군 개포면 황산리,32,2026-01-14
윤0농장,한우,경상북도 예천군 효자면 고항리,112,2026-01-14
영0농장,한우,경상북도 예천군 효자면 두성리,11.1,2026-01-14
학0농장,한우,경상북도 예천군 효자면 두성리,20,2026-01-14
배0농장,한우,경상북도 예천군 효자면 도촌리,200,2026-01-14
숙0농장,한우,경상북도 예천군 효자면 도촌리,20,2026-01-14
경0농장,한우,경상북도 예천군 효자면 고항리,100,2026-01-14
덕0농장,한우,경상북도 예천군 용문면 덕신리,384,2026-01-14
건0농장,한우,경상북도 예천군 용문면 덕신리,288,2026-01-14
영0농장,한우,경상북도 예천군 호명읍 황지리,330,2026-01-14
준0농장,한우,경상북도 예천군 호명읍 종산리,343,2026-01-14
창0농장,한우,경상북도 예천군 호명읍 원곡리,66,2026-01-14
신0농장,한우,경상북도 예천군 호명읍 원곡리,165,2026-01-14
모0농장,한우,경상북도 예천군 호명읍 원곡리,66,2026-01-14
하0농장,한우,경상북도 예천군 호명읍 원곡리,79,2026-01-14
덕0농장,한우,경상북도 예천군 호명읍 송곡리,33,2026-01-14
연0농장,한우,경상북도 예천군 호명읍 송곡리,99,2026-01-14
송0농장,한우,경상북도 예천군 호명읍 송곡리,26,2026-01-14
의0농장,종계/산란계,경상북도 예천군 개포면 경진리,42,2026-01-14
호0농장,염소,경상북도 예천군 개포면 우감리,200,2026-01-14
영0농장,염소,경상북도 예천군 개포면 가곡리,330,2026-01-14
영0농장,한우,경상북도 예천군 개포면 가곡리,686,2026-01-14
진0농장,한우,경상북도 예천군 개포면 가곡리,27,2026-01-14
조0골 농장,한우,경상북도 예천군 개포면 장송리,320,2026-01-14
상0농장,한우,경상북도 예천군 효자면 초항리,60,2026-01-14
영0농장,한우,경상북도 예천군 효자면 사곡리,26,2026-01-14
성0농장,한우,경상북도 예천군 용문면 제곡리,33,2026-01-14
유0농장,한우,경상북도 예천군 용문면 하금곡,58,2026-01-14
기0농장,한우,경상북도 예천군 용문면 대제리,33,2026-01-14
남0농장,한우,경상북도 예천군 용문면 노사리,32,2026-01-14
정0농장,한우,경상북도 예천군 용문면 사부리,200.03,2026-01-14
종0농장,한우,경상북도 예천군 용문면 성현리,99,2026-01-14
종0농장,한우,경상북도 예천군 용문면 성현리,49,2026-01-14
종0농장,한우,경상북도 예천군 용문면 대제리,33,2026-01-14
귀0농장,한우,경상북도 예천군 예천읍 생천리,528,2026-01-14
고0농장,한우,경상북도 예천군 예천읍 고평리,209,2026-01-14
영0농장,한우,경상북도 예천군 예천읍 고평리,30,2026-01-14
귀0농장,한우,경상북도 예천군 효자면 용두리,180,2026-01-14
영0농장,한우,경상북도 예천군 효자면 용두리,67.23,2026-01-14
대0농장,한우,경상북도 예천군 효자면 용두리,47,2026-01-14
재0농장,한우,경상북도 예천군 효자면 용두리,21,2026-01-14
성0농장,한우,경상북도 예천군 효자면 도촌리,41,2026-01-14
종0농장,한우,경상북도 예천군 효자면 백석리,198,2026-01-14
영0농장,한우,경상북도 예천군 효자면 백석리,72.27,2026-01-14
선0농장,한우,경상북도 예천군 효자면 백석리,132,2026-01-14
외0농장,한우,경상북도 예천군 효자면 석묘리,54,2026-01-14
주0농장,한우,경상북도 예천군 효자면 석묘리,65,2026-01-14
주0농장,한우,경상북도 예천군 효자면 석묘리,65,2026-01-14
수0농장,한우,경상북도 예천군 예천읍 고평리,150,2026-01-14
창0농장,한우,경상북도 예천군 용문면 대제리,18,2026-01-14
상0농장,한우,경상북도 예천군 용문면 방송리,99,2026-01-14
병0농장,한우,경상북도 예천군 용문면 방송리,162.63,2026-01-14
상0농장,한우,경상북도 예천군 용문면 덕신리,33,2026-01-14
성0농장,한우,경상북도 예천군 용문면 상금곡,608,2026-01-14
영0농장,한우,경상북도 예천군 용문면 상금곡,66,2026-01-14
장0농장,한우,경상북도 예천군 용문면 방송리,436.8,2026-01-14
희0농장,한우,경상북도 예천군 용문면 상금곡,33,2026-01-14
희0농장,한우,경상북도 예천군 용문면 상금곡,66,2026-01-14
기0농장,한우,경상북도 예천군 호명읍 오천리,384,2026-01-14
종0농장,한우,경상북도 예천군 호명읍 담암리,396,2026-01-14
윤0농장,한우,경상북도 예천군 호명읍 직산리,60,2026-01-14
교0농장,한우,경상북도 예천군 호명읍 한어리,99,2026-01-14
영0농장,한우,경상북도 예천군 호명읍 한어리,132,2026-01-14
영0농장,한우,경상북도 예천군 호명읍 한어리,33,2026-01-14
성0농장,한우,경상북도 예천군 호명읍 본포리,20,2026-01-14
중0시장,한우,경상북도 예천군 호명읍 본포리,33,2026-01-14
동0농장,한우,경상북도 예천군 호명읍 본포리,66,2026-01-14
대0농장,한우,경상북도 예천군 용문면 원류리,123,2026-01-14
중0농장,한우,경상북도 예천군 예천읍 갈구리,13,2026-01-14
영0농장,한우,경상북도 예천군 예천읍 갈구리,200,2026-01-14
혁0농장,사슴,경상북도 예천군 예천읍 갈구리,50,2026-01-14
운0농장,한우,경상북도 예천군 예천읍 갈구리,15,2026-01-14
노0농장,한우,경상북도 예천군 감천면 덕율리,448,2026-01-14
병0농장,한우,경상북도 예천군 예천읍 청복리,528,2026-01-14
재0농장,한우,경상북도 예천군 예천읍 청복리,66,2026-01-14
남0농장,한우,경상북도 예천군 예천읍 청복리,429,2026-01-14
재0농장,한우,경상북도 예천군 예천읍 왕신리,80,2026-01-14
재0농장,한우,경상북도 예천군 예천읍 왕신리,70,2026-01-14
정0농장,한우,경상북도 예천군 예천읍 왕신리,60,2026-01-14
영0농장,한우,경상북도 예천군 예천읍 왕신리,300,2026-01-14
진0농장,한우,경상북도 예천군 예천읍 왕신리,84,2026-01-14
홍0농장,한우,경상북도 예천군 예천읍 왕신리,40,2026-01-14
김0록농장,한우,경상북도 예천군 예천읍 왕신리,335,2026-01-14
지0농장,한우,경상북도 예천군 용궁면 향석리,400,2026-01-14
운0농장,한우,경상북도 예천군 지보면 도화리,32,2026-01-14
공0농장,한우,경상북도 예천군 지보면 도화리,90,2026-01-14
재0농장,한우,경상북도 예천군 지보면 도화리,33,2026-01-14
상0농장,한우,경상북도 예천군 지보면 수월리,50,2026-01-14
영0농장,한우,경상북도 예천군 지보면 수월리,99,2026-01-14
재0농장,한우,경상북도 예천군 지보면 송평리,23,2026-01-14
명0농장,한우,경상북도 예천군 지보면 도화리,33,2026-01-14
기0농장,한우,경상북도 예천군 지보면 신풍리,300,2026-01-14
신0농장,한우,경상북도 예천군 풍양면 흥천리,231,2026-01-14
원0농장,한우,경상북도 예천군 예천읍 석정리,448,2026-01-14
재0농장,한우,경상북도 예천군 예천읍 석정리,384,2026-01-14
이0농장,한우,경상북도 예천군 예천읍 고평리,60,2026-01-14
기0농장,한우,경상북도 예천군 예천읍 통명리,60,2026-01-14
재0농장,한우,경상북도 예천군 예천읍 고평리,60,2026-01-14
상0농장,한우,경상북도 예천군 예천읍 동본리,18,2026-01-14
한0농장,한우,경상북도 예천군 예천읍 대심리,40,2026-01-14
성0농장,한우,경상북도 예천군 예천읍 통명리,330,2026-01-14
현0농장,한우,경상북도 예천군 예천읍 대심리,240,2026-01-14
운0농장,한우,경상북도 예천군 예천읍 대심리,131.2,2026-01-14
태0농장,한우,경상북도 예천군 예천읍 동본리,304,2026-01-14
장0농장,한우,경상북도 예천군 예천읍 우계리,713.26,2026-01-14
승0농장,한우,경상북도 예천군 예천읍 갈구리,260,2026-01-14
윤0농장,한우,경상북도 예천군 은풍면 우곡리,97.75,2026-01-14
혁0농장,한우,경상북도 예천군 은풍면 우곡리,157,2026-01-14
병0농장,한우,경상북도 예천군 은풍면 우곡리,50,2026-01-14
시0농장,한우,경상북도 예천군 은풍면 우곡리,165,2026-01-14
정0농장,한우,경상북도 예천군 은풍면 탑리,99.19,2026-01-14
명0농장,한우,경상북도 예천군 은풍면 송월리,160,2026-01-14
용0농장,한우,경상북도 예천군 은풍면 송월리,165,2026-01-14
인0농장,한우,경상북도 예천군 은풍면 송월리,50,2026-01-14
종0농장,한우,경상북도 예천군 은풍면 오류리,264,2026-01-14
대0농장,한우,경상북도 예천군 예천읍 지내리,224,2026-01-14
재0농장,한우,경상북도 예천군 예천읍 상동리,330,2026-01-14
영0농장,한우,경상북도 예천군 예천읍 왕신리,99,2026-01-14
승0농장,한우,경상북도 예천군 예천읍 청복리,680,2026-01-14
철0농장,한우,경상북도 예천군 예천읍 통명리,263,2026-01-14
병0농장,한우,경상북도 예천군 예천읍 대심리,60,2026-01-14
득0농장,한우,경상북도 예천군 예천읍 동본리,704,2026-01-14
이0옥1농장,한우,경상북도 예천군 예천읍 왕신리,192,2026-01-14
경0농장,한우,경상북도 예천군 예천읍 용산리,15,2026-01-14
재0농장,한우,경상북도 예천군 예천읍 대심리,30,2026-01-14
덕0농장,한우,경상북도 예천군 예천읍 통명리,12,2026-01-14
금0농장,한우,경상북도 예천군 예천읍 용산리,50,2026-01-14
노0농장,한우,경상북도 예천군 예천읍 갈구리,120,2026-01-14
규0농장,한우,경상북도 예천군 감천면 천향리,198,2026-01-14
도0농장,한우,경상북도 예천군 감천면 증거리,132,2026-01-14
점0농장,한우,경상북도 예천군 감천면 현내리,165,2026-01-14
부0농장,한우,경상북도 예천군 감천면 대맥리,99,2026-01-14
종0농장,한우,경상북도 예천군 감천면 포리,99,2026-01-14
숙0농장,한우,경상북도 예천군 감천면 덕율리,64,2026-01-14
기0농장,한우,경상북도 예천군 감천면 미석리,264,2026-01-14
욱0농장,한우,경상북도 예천군 감천면 대맥리,82,2026-01-14
영0농장,한우,경상북도 예천군 감천면 대맥리,49,2026-01-14
종0농장,한우,경상북도 예천군 감천면 유리,66,2026-01-14
인0농장,한우,경상북도 예천군 감천면 증거리,264,2026-01-14
성0농장,한우,경상북도 예천군 감천면 포리,264,2026-01-14
영0농장,한우,경상북도 예천군 감천면 포리,283,2026-01-14
기0농장,한우,경상북도 예천군 감천면 포리,198,2026-01-14
세0농장,한우,경상북도 예천군 감천면 포리,198,2026-01-14
동0농장,한우,경상북도 예천군 감천면 유리,320,2026-01-14
필0농장,한우,경상북도 예천군 감천면 진평리,99,2026-01-14
복0농장,한우,경상북도 예천군 감천면 포리,132,2026-01-14
성0농장,한우,경상북도 예천군 감천면 천향리,436,2026-01-14
홍0농장,한우,경상북도 예천군 감천면 미석리,332,2026-01-14
승0농장,한우,경상북도 예천군 감천면 수한리,66,2026-01-14
성0농장,한우,경상북도 예천군 용문면 두천리,33,2026-01-14
우0농장,한우,경상북도 예천군 용문면 구계리,47,2026-01-14
우0농장,한우,경상북도 예천군 용문면 구계리,99.5,2026-01-14
현0농장,한우,경상북도 예천군 용문면 덕신리,33,2026-01-14
병0농장,한우,경상북도 예천군 용문면 두천리,245,2026-01-14
창0농장,한우,경상북도 예천군 용문면 두천리,83,2026-01-14
오0농장,한우,경상북도 예천군 용문면 구계리,576,2026-01-14
성0농장,한우,경상북도 예천군 용문면 능천리,90,2026-01-14
원0농장,한우,경상북도 예천군 용문면 하학리,130,2026-01-14
종0농장,한우,경상북도 예천군 용문면 상금곡,33,2026-01-14
강0농장,한우,경상북도 예천군 용문면 사부리,66,2026-01-14
군0농장,한우,경상북도 예천군 용문면 하금곡,33,2026-01-14
규0농장,한우,경상북도 예천군 용문면 덕신리,59,2026-01-14
재0농장,한우,경상북도 예천군 용문면 하금곡,66,2026-01-14
춘0농장,한우,경상북도 예천군 용문면 하금곡,66,2026-01-14
홍0농장,한우,경상북도 예천군 용문면 능천리,33,2026-01-14
보0농장,한우,경상북도 예천군 용문면 두천리,810,2026-01-14
익0농장,한우,경상북도 예천군 용문면 선리,66,2026-01-14
성0농장,한우,경상북도 예천군 용문면 하금곡,33,2026-01-14
연0농장,한우,경상북도 예천군 용문면 성현리,33,2026-01-14
인0농장,한우,경상북도 예천군 용문면 방송리,66,2026-01-14
창0농장,한우,경상북도 예천군 용문면 방송리,33,2026-01-14
덕0농장,한우,경상북도 예천군 용문면 하금곡,33,2026-01-14
귀0농장,한우,경상북도 예천군 용문면 선리,11,2026-01-14
수0농장,한우,경상북도 예천군 용문면 상금곡,49,2026-01-14
장0농장,한우,경상북도 예천군 용문면 방송리,33,2026-01-14
영0농장,한우,경상북도 예천군 용문면 상금곡,33,2026-01-14
철0농장,한우,경상북도 예천군 용문면 능천리,66,2026-01-14
상0농장,한우,경상북도 예천군 용문면 능천리,33,2026-01-14
윤0농장,한우,경상북도 예천군 용문면 능천리,49,2026-01-14
종0농장,한우,경상북도 예천군 용문면 선리,198,2026-01-14
용0농장,한우,경상북도 예천군 용문면 제곡리,16,2026-01-14
대0농장,한우,경상북도 예천군 용문면 노사리,33,2026-01-14
병0농장,한우,경상북도 예천군 용문면 노사리,33,2026-01-14
병0농장,한우,경상북도 예천군 용문면 노사리,157,2026-01-14
영0농장,한우,경상북도 예천군 용문면 노사리,66,2026-01-14
유0농장,한우,경상북도 예천군 용문면 노사리,33,2026-01-14
강0농장,한우,경상북도 예천군 효자면 백석리,40,2026-01-14
상0농장,한우,경상북도 예천군 은풍면 오류리,60,2026-01-14
도0농장,한우,경상북도 예천군 은풍면 율곡리,132,2026-01-14
학0농장,한우,경상북도 예천군 은풍면 율곡리,90,2026-01-14
경0농장,한우,경상북도 예천군 은풍면 율곡리,132,2026-01-14
태0농장,한우,경상북도 예천군 은풍면 율곡리,165,2026-01-14
부0농장,한우,경상북도 예천군 지보면 상월리,50,2026-01-14
한0농장,한우,경상북도 예천군 지보면 상월리,50,2026-01-14
순0농장,한우,경상북도 예천군 지보면 마전리,264,2026-01-14
종0농장,한우,경상북도 예천군 지보면 마전리,70,2026-01-14
동0농장,한우,경상북도 예천군 지보면 신풍리,66,2026-01-14
을0농장,한우,경상북도 예천군 지보면 신풍리,99,2026-01-14
지0농장,한우,경상북도 예천군 예천읍 고평리,1382,2026-01-14
광0농장,한우,경상북도 예천군 예천읍 청복리,30,2026-01-14
위0농장,한우,경상북도 예천군 예천읍 청복리,96,2026-01-14
병0농장,한우,경상북도 예천군 예천읍 청복리,23,2026-01-14
해0농장,한우,경상북도 예천군 예천읍 청복리,380,2026-01-14
재0농장,한우,경상북도 예천군 감천면 현내리,84,2026-01-14
지0농장,한우,경상북도 예천군 감천면 포리,129,2026-01-14
규0농장,한우,경상북도 예천군 감천면 천향리,486,2026-01-14
산0루농장,한우,경상북도 예천군 용궁면 월오리,2027.5,2026-01-14
태0농장,염소,경상북도 예천군 감천면 진평리,583,2026-01-14
상0농장,한우,경상북도 예천군 호명읍 백송리,20,2026-01-14
금0농장,한우,경상북도 예천군 호명읍 직산리,33,2026-01-14
재0농장,한우,경상북도 예천군 호명읍 직산리,23,2026-01-14
영0농장,한우,경상북도 예천군 호명읍 담암리,33,2026-01-14
행0농장,한우,경상북도 예천군 호명읍 담암리,77,2026-01-14
경0농장,한우,경상북도 예천군 지보면 매창리,165,2026-01-14
춘0농장,한우,경상북도 예천군 지보면 매창리,60,2026-01-14
태0농장,한우,경상북도 예천군 지보면 매창리,17,2026-01-14
현0농장,한우,경상북도 예천군 지보면 매창리,33,2026-01-14
성0농장,한우,경상북도 예천군 지보면 도화리,33,2026-01-14
재0농장,한우,경상북도 예천군 지보면 도화리,33,2026-01-14
중0농장,한우,경상북도 예천군 지보면 도화리,228,2026-01-14
병0농장,한우,경상북도 예천군 예천읍 청복리,66,2026-01-14
화0농장,한우,경상북도 예천군 지보면 소화리,60,2026-01-14
정0농장,한우,경상북도 예천군 지보면 소화리,27,2026-01-14
재0농장,한우,경상북도 예천군 지보면 소화리,27,2026-01-14
병0농장,한우,경상북도 예천군 지보면 도화리,132,2026-01-14
택0농장,한우,경상북도 예천군 풍양면 흔효리,160,2026-01-14
장0농장,한우,경상북도 예천군 감천면 대맥리,224,2026-01-14
대0농장,염소,경상북도 예천군 용궁면 송암리,1093.5,2026-01-14
대0농장,한우,경상북도 예천군 풍양면 와룡리,2660,2026-01-14
상0농장,한우,경상북도 예천군 유천면 율현리,1838,2026-01-14
인0농장,한우,경상북도 예천군 감천면 현내리,230,2026-01-14
장0농장,한우,경상북도 예천군 감천면 포리,132,2026-01-14
기0농장,한우,경상북도 예천군 감천면 대맥리,66,2026-01-14
찬0농장,한우,경상북도 예천군 감천면 포리,264,2026-01-14
삼0농장,한우,경상북도 예천군 감천면 대맥리,99,2026-01-14
순0농장,한우,경상북도 예천군 감천면 유리,270.48,2026-01-14
맹0농장,한우,경상북도 예천군 감천면 유리,216,2026-01-14
복0농장,한우,경상북도 예천군 감천면 포리,33,2026-01-14
청0농장,한우,경상북도 예천군 풍양면 우망리,590,2026-01-14
산0농장,한우,경상북도 예천군 호명읍 산합리,576,2026-01-14
재0농장,한우,경상북도 예천군 용궁면 대은리,50,2026-01-14
용0농장,한우,경상북도 예천군 용문면 사부리,320,2026-01-14
청0목장,한우,경상북도 예천군 예천읍 우계리,933.6,2026-01-14
정0농장,한우,경상북도 예천군 감천면 포리,655,2026-01-14
샘0농장,한우,경상북도 예천군 풍양면 오지리,91.9,2026-01-14
흑0농장,한우,경상북도 예천군 예천읍 대심리,376,2026-01-14
천0농장,한우,경상북도 예천군 보문면 옥천리,793.38,2026-01-14
중0농장,한우,경상북도 예천군 유천면 송전리,286,2026-01-14
서0농장,한우,경상북도 예천군 풍양면 와룡리,386,2026-01-14
효0축산,한우,경상북도 예천군 풍양면 흔효리,631.46,2026-01-14
싸0골농장,한우,경상북도 예천군 은풍면 송월리,81,2026-01-14
싸0골농장,한우,경상북도 예천군 은풍면 송월리,226.44,2026-01-14
순0네농장,돼지,경상북도 예천군 예천읍 동본리,1207.97,2026-01-14
종0농장,한우,경상북도 예천군 감천면 포리,250,2026-01-14
오0골농장,한우,경상북도 예천군 감천면 천향리,750,2026-01-14
예0농장,종계/산란계,경상북도 예천군 지보면 소화리,350,2026-01-14
태0농장,한우,경상북도 예천군 호명읍 직산리,2301,2026-01-14
에0농장,한우,경상북도 예천군 감천면 현내리,324,2026-01-14
우0농원,한우,경상북도 예천군 개포면 우감리,480,2026-01-14
원0농장,염소,경상북도 예천군 감천면 미석리,30,2026-01-14
조0농장,한우,경상북도 예천군 감천면 유리,390,2026-01-14
국0골양봉농원,염소,경상북도 예천군 유천면 화전리,126,2026-01-14
예0팜,염소,경상북도 예천군 개포면 이사리,189,2026-01-14
농0회사법인 (주)에버그린 예천지점,메추리,경상북도 예천군 감천면 미석리,7227.04,2026-01-14
청0농장3,한우,경상북도 예천군 예천읍 고평리,968,2026-01-14
종0농장,한우,경상북도 예천군 보문면 간방리,640,2026-01-14
영0농장,한우,경상북도 예천군 효자면 도촌리,640,2026-01-14
종0농장,한우,경상북도 예천군 은풍면 동사리,324,2026-01-14
내0농장,한우,경상북도 예천군 호명읍 내신리,502.4,2026-01-14
학0농장,한우,경상북도 예천군 보문면 신월리,264,2026-01-14
현0농장,한우,경상북도 예천군 예천읍 용산리,192,2026-01-14
삼0농장,한우,경상북도 예천군 예천읍 용산리,634,2026-01-14
수0농장,한우,경상북도 예천군 은풍면 금곡리,267.12,2026-01-14
명0농장,한우,경상북도 예천군 용문면 노사리,650,2026-01-14
석0농장,한우,경상북도 예천군 용문면 성현리,617.27,2026-01-14
두0농장,한우,경상북도 예천군 예천읍 용산리,315,2026-01-14
일0목업,염소,경상북도 예천군 풍양면 고산리,656,2026-01-14
동0농장,한우,경상북도 예천군 보문면 산성리,155,2026-01-14
신0농장,한우,경상북도 예천군 개포면 신음리,288,2026-01-14
호0농장,한우,경상북도 예천군 예천읍 서본리,1024,2026-01-14
용0농장,한우,경상북도 예천군 용궁면 가야리,192,2026-01-14
원0농장,염소,경상북도 예천군 지보면 도화리,33,2026-01-14
현0농장,한우,경상북도 예천군 감천면 마촌리,960,2026-01-14
진0농장,한우,경상북도 예천군 감천면 덕율리,800,2026-01-14
인0농장,한우,경상북도 예천군 예천읍 청복리,1268,2026-01-14
상0농장,한우,경상북도 예천군 예천읍 상동리,759,2026-01-14
성0농장,한우,경상북도 예천군 호명읍 황지리,352,2026-01-14
광0농장,염소,경상북도 예천군 예천읍 왕신리,66,2026-01-14
와0농장,한우,경상북도 예천군 풍양면 와룡리,1230,2026-01-14
원0농장,한우,경상북도 예천군 용궁면 무이리,873,2026-01-14
덕0농장,한우,경상북도 예천군 예천읍 청복리,680,2026-01-14
그0농장,종계/산란계,경상북도 예천군 지보면 만화리,900,2026-01-14
검0우농장,한우,경상북도 예천군 개포면 경진리,256,2026-01-14
농0회사법인주식회사풍년축산,돼지,경상북도 예천군 예천읍 용산리,2895.55,2026-01-14
준0축산,한우,경상북도 예천군 풍양면 청곡리,1024,2026-01-14
석0농장,한우,경상북도 예천군 예천읍 용산리,128,2026-01-14
백0농장,한우,경상북도 예천군 풍양면 우망리,1646,2026-01-14
용0농장,한우,경상북도 예천군 예천읍 용산리,48,2026-01-14
용0생축장,한우,경상북도 예천군 용문면 능천리,1784,2026-01-14
만0생축장,한우,경상북도 예천군 지보면 만화리,994.2,2026-01-14
상0농장,한우,경상북도 예천군 호명읍 직산리,192,2026-01-14
정0농장,한우,경상북도 예천군 호명읍 본리,480,2026-01-14
단0농장,한우,경상북도 예천군 감천면 유리,389,2026-01-14
덕0농장,한우,경상북도 예천군 예천읍 생천리,42,2026-01-14
심0택 농장,한우,경상북도 예천군 용궁면 산택리,352,2026-01-14
대0민국농장,한우,경상북도 예천군 지보면 신풍리,200,2026-01-14
기0농장,한우,경상북도 예천군 개포면 예지로,70,2026-01-14
재0농장,한우,경상북도 예천군 효자면 고항리,258,2026-01-14
철0농장,한우,경상북도 예천군 예천읍 고평리,768,2026-01-14
송0농장,한우,경상북도 예천군 용문면 제곡리,688,2026-01-14
상0농장,한우,경상북도 예천군 용궁면 무지리,320,2026-01-14
수0농장,종계/산란계,경상북도 예천군 감천면 덕율리,231.4,2026-01-14
두0농장,한우,경상북도 예천군 감천면 미석리,71,2026-01-14
찬0네 농장,염소,경상북도 예천군 예천읍 구남골길,204.42,2026-01-14
홍0농장,한우,경상북도 예천군 개포면 황산리,946.56,2026-01-14
석0농장,한우,경상북도 예천군 은풍면 동사리,1008.75,2026-01-14
지0농장,한우,경상북도 예천군 예천읍 석정리,867,2026-01-14
학0농장,한우,경상북도 예천군 개포면 황산리,320,2026-01-14
목0태산,한우,경상북도 예천군 용궁면 금남리,324,2026-01-14
원0농장,한우,경상북도 예천군 용문면 제곡리,130.2,2026-01-14
덕02농장,한우,경상북도 예천군 용문면 방송리,1288,2026-01-14
덕0농장,한우,경상북도 예천군 용문면 구계리,1140.11,2026-01-14
수0농장,한우,경상북도 예천군 용문면 성현리,448,2026-01-14
만0농장,한우,경상북도 예천군 효자면 은풍로,90.26,2026-01-14
자0농원,종계/산란계,경상북도 예천군 풍양면 삼강리,49,2026-01-14
재0농장,한우,경상북도 예천군 용궁면 강당길,45,2026-01-14
종0농장,한우,경상북도 예천군 호명읍 담암리,880,2026-01-14
재0농장,한우,경상북도 예천군 용문면 사부리,15,2026-01-14
김0환농장,한우,경상북도 예천군 용문면 방송리,1186,2026-01-14
택0농장,한우,경상북도 예천군 용문면 덕신리,40,2026-01-14
동0농장,한우,경상북도 예천군 용문면 선리,45,2026-01-14
장0농장,한우,경상북도 예천군 용문면 하금곡,50,2026-01-14
범0농장,한우,경상북도 예천군 용궁면 무동길,43.68,2026-01-14
용0농장,한우,경상북도 예천군 용궁면 읍부2길,32,2026-01-14
택0농장,한우,경상북도 예천군 예천읍 석정리,768,2026-01-14
정0농장,한우,경상북도 예천군 개포면 황산리,300,2026-01-14
진0농장,한우,경상북도 예천군 예천읍 지내리,24,2026-01-14
미0농장,한우,경상북도 예천군 용문면 하학리,15,2026-01-14
재0농장,한우,경상북도 예천군 용문면 상금곡,50,2026-01-14
대0연 축산,한우,경상북도 예천군 감천면 미석리,1300,2026-01-14
두0농장,한우,경상북도 예천군 효자면 백석리,35,2026-01-14
철0농장,한우,경상북도 예천군 예천읍 지내길,28,2026-01-14
재0농장,한우,경상북도 예천군 효자면 도촌길,44.4,2026-01-14
택0농장,한우,경상북도 예천군 용문면 덕신길,20,2026-01-14
진0농장2,종계/산란계,경상북도 예천군 예천읍 상동리,25,2026-01-14
김0균의 정석돼지,돼지,경상북도 예천군 용문면 성현리,938,2026-01-14
영0장,한우,경상북도 예천군 지보면 매창리,917.28,2026-01-14
모0농장,한우,경상북도 예천군 보문면 신월리,99,2026-01-14
찬0농장,한우,경상북도 예천군 유천면 매산리,320,2026-01-14
순0농장,한우,경상북도 예천군 감천면 유리,396,2026-01-14
대0농장,한우,경상북도 예천군 은풍면 은풍로,384,2026-01-14
태0농장,한우,경상북도 예천군 효자면 도촌리,199.45,2026-01-14
재0농장,한우,경상북도 예천군 용문면 제곡리,240,2026-01-14
희0농장,한우,경상북도 예천군 용문면 원류리,100,2026-01-14
부0농장,한우,경상북도 예천군 용문면 능천리,230,2026-01-14
진0농장,한우,경상북도 예천군 예천읍 상동리,167,2026-01-14
금0농장,한우,경상북도 예천군 예천읍 생천리,384,2026-01-14
중0농장,한우,경상북도 예천군 용궁면 덕계2길,40,2026-01-14
하0목장,한우,경상북도 예천군 감천면 수한리,677,2026-01-14
자0목장,젖소,경상북도 예천군 풍양면 공덕리,2710.64,2026-01-14
웰0농장,돼지,경상북도 예천군 유천면 가리,1073.66,2026-01-14
SM0장,한우,경상북도 예천군 감천면 대맥리,1100,2026-01-14
원0농장,오리,경상북도 예천군 예천읍 대심리,90,2026-01-14
수0농장,한우,경상북도 예천군 예천읍 우계리,224,2026-01-14
정0농장,한우,경상북도 예천군 예천읍 고평리,512,2026-01-14
반0불농장,한우,경상북도 예천군 용문면 노사리,320,2026-01-14
일0농장,한우,경상북도 예천군 지보면 만화리,1400,2026-01-14
영0농장,한우,경상북도 예천군 유천면 광전리,16,2026-01-14
다0농장,염소,경상북도 예천군 지보면 어신리,136.97,2026-01-14
오0골 농장,종계/산란계,경상북도 예천군 감천면 천향리,40,2026-01-14
우0골 사슴농장,사슴,경상북도 예천군 감천면 미석리,130,2026-01-14
현0농장,한우,경상북도 예천군 예천읍 청복리,49,2026-01-14
금0농장,염소,경상북도 예천군 예천읍 갈구리,50,2026-01-14
명0농장,종계/산란계,경상북도 예천군 예천읍 백전리,98,2026-01-14
도0농장,한우,경상북도 예천군 지보면 도장리,280,2026-01-14
창0농장,한우,경상북도 예천군 예천읍 고평리,1100,2026-01-14
소0농장,육계,경상북도 예천군 예천읍 갈구리,5504.18,2026-01-14
안0농장,한우,경상북도 예천군 유천면 가리,512,2026-01-14
광0농장,한우,경상북도 예천군 예천읍 통명리,344.79,2026-01-14
옥0농장,한우,경상북도 예천군 호명읍 종산리,390,2026-01-14
삼0농장,한우,경상북도 예천군 호명읍 직산리,160,2026-01-14
부0농장,한우,경상북도 예천군 지보면 도화리,902,2026-01-14
승0농장,한우,경상북도 예천군 보문면 승본리,300,2026-01-14
재0농장,한우,경상북도 예천군 용궁면 대은리,128,2026-01-14
원0농장,한우,경상북도 예천군 호명읍 원곡리,160,2026-01-14
종0농장,한우,경상북도 예천군 예천읍 고평리,1000,2026-01-14
성0농장,한우,경상북도 예천군 보문면 간방리,729,2026-01-14
고0농장,한우,경상북도 예천군 풍양면 고산리,165.12,2026-01-14
윤0훈농장,한우,경상북도 예천군 개포면 황산리,448,2026-01-14
창0농장,한우,경상북도 예천군 호명읍 한어리,75,2026-01-14
홍0농장,한우,경상북도 예천군 예천읍 왕신리,165,2026-01-14
홍0농장,염소,경상북도 예천군 예천읍 왕신리,100,2026-01-14
두0농장,종계/산란계,경상북도 예천군 호명읍 본리,48,2026-01-14
덕0농장,한우,경상북도 예천군 호명읍 한어리,105,2026-01-14
명0농장,한우,경상북도 예천군 호명읍 본포리,49,2026-01-14
재0농장,한우,경상북도 예천군 예천읍 생천리,45,2026-01-14
준0농장,한우,경상북도 예천군 유천면 화지리,21,2026-01-14
응0농장,한우,경상북도 예천군 지보면 신풍리,33,2026-01-14
행0농장,종계/산란계,경상북도 예천군 예천읍 왕신리,30,2026-01-14
주0농장,한우,경상북도 예천군 호명읍 한어리,40,2026-01-14
도0농장,염소,경상북도 예천군 호명읍 송곡리,18,2026-01-14
해0농장,한우,경상북도 예천군 호명읍 본포리,36,2026-01-14
윤0농장,한우,경상북도 예천군 호명읍 송곡리,35,2026-01-14
택0농장,한우,경상북도 예천군 지보면 소화리,40,2026-01-14
청0농장,기러기,경상북도 예천군 보문면 옥천리,59,2026-01-14
찬0농장,한우,경상북도 예천군 예천읍 생천리,44,2026-01-14
옥0농장,한우,경상북도 예천군 호명읍 직산리,48,2026-01-14
종0농장,한우,경상북도 예천군 호명읍 직산리,44,2026-01-14
원0농장,한우,경상북도 예천군 호명읍 직산리,16,2026-01-14
동0농장,한우,경상북도 예천군 호명읍 백송리,25,2026-01-14
매0축사,한우,경상북도 예천군 지보면 매창리,486.25,2026-01-14
홍0농장,한우,경상북도 예천군 감천면 포리,66,2026-01-14
조0대 농장,한우,경상북도 예천군 용궁면 대은리,60,2026-01-14
황0농장,한우,경상북도 예천군 용궁면 무지리,369,2026-01-14
이0무농장,한우,경상북도 예천군 용궁면 무이리,256,2026-01-14
상0농장,한우,경상북도 예천군 유천면 수심리,193.2,2026-01-14
유0남농장,한우,경상북도 예천군 용궁면 무이리,324,2026-01-14
정0길농장,한우,경상북도 예천군 용궁면 향석리,72.5,2026-01-14
광0토농장,돼지,경상북도 예천군 예천읍 고평리,1808.8,2026-01-14
만0농장,한우,경상북도 예천군 유천면 성평리,20,2026-01-14
도0농장,한우,경상북도 예천군 유천면 송지리,38,2026-01-14
진0농장,한우,경상북도 예천군 유천면 성평리,25,2026-01-14
영0농장,한우,경상북도 예천군 유천면 송지리,15,2026-01-14
위0농장,한우,경상북도 예천군 유천면 성평리,30,2026-01-14
경0농장,한우,경상북도 예천군 유천면 성평리,25,2026-01-14
동0농장,한우,경상북도 예천군 유천면 성평리,48,2026-01-14
삼0농장,한우,경상북도 예천군 유천면 송지리,38,2026-01-14
태0농장,한우,경상북도 예천군 유천면 송지리,45,2026-01-14
기0농장,한우,경상북도 예천군 유천면 성평리,45,2026-01-14
덕0농장,한우,경상북도 예천군 유천면 성평리,43,2026-01-14
민0네농장,한우,경상북도 예천군 용궁면 월오리,192,2026-01-14
승0농장,한우,경상북도 예천군 유천면 율현리,243,2026-01-14
광0농장,한우,경상북도 예천군 유천면 매산리,616.92,2026-01-14
나0농장,한우,경상북도 예천군 용궁면 월오리,320,2026-01-14
이0선농장,한우,경상북도 예천군 용궁면 월오리,192,2026-01-14
박0순농장,한우,경상북도 예천군 용궁면 산택리,100,2026-01-14
원0농장,한우,경상북도 예천군 용궁면 산택리,128,2026-01-14
종0농장,한우,경상북도 예천군 용궁면 향석리,224,2026-01-14
규0농장,한우,경상북도 예천군 용궁면 가야리,152,2026-01-14
명0농장,한우,경상북도 예천군 감천면 유리,640,2026-01-14
오0네 농장,한우,경상북도 예천군 감천면 덕율리,768,2026-01-14
경0농장,한우,경상북도 예천군 예천읍 왕신리,128,2026-01-14
안0식 농장,한우,경상북도 예천군 용궁면 월오리,576,2026-01-14
김0현농장,한우,경상북도 예천군 감천면 천향리,320,2026-01-14
희0농장,한우,경상북도 예천군 풍양면 고산리,768,2026-01-14
수0골농장,한우,경상북도 예천군 감천면 덕율리,114.95,2026-01-14
김0진농장,한우,경상북도 예천군 용궁면 대은리,30,2026-01-14
고0월 농장,한우,경상북도 예천군 유천면 화지리,68,2026-01-14
샛0농장,염소,경상북도 예천군 유천면 화지리,26,2026-01-14
영0농장,한우,경상북도 예천군 유천면 성평리,45,2026-01-14
정0농장,한우,경상북도 예천군 감천면 포리,15,2026-01-14
이0규농장,한우,경상북도 예천군 용궁면 월오리,49,2026-01-14
이0복농장,한우,경상북도 예천군 용궁면 무지리,32,2026-01-14
박0복농장,한우,경상북도 예천군 용궁면 대은리,42,2026-01-14
박0우농장,한우,경상북도 예천군 용궁면 무이리,45.44,2026-01-14
최0수농장,한우,경상북도 예천군 풍양면 고산리,1600,2026-01-14
대0농장,한우,경상북도 예천군 감천면 대맥리,192,2026-01-14
성0농장,한우,경상북도 예천군 감천면 유리,259.37,2026-01-14
영0농장,한우,경상북도 예천군 유천면 가리,589.74,2026-01-14
용0농장,한우,경상북도 예천군 유천면 광전리,685,2026-01-14
부0농장,한우,경상북도 예천군 풍양면 청곡리,128,2026-01-14
승0농장,한우,경상북도 예천군 감천면 덕율리,92.94,2026-01-14
정0농장,염소,경상북도 예천군 개포면 가곡리,200,2026-01-14
희0농장,한우,경상북도 예천군 예천읍 지내리,940.5,2026-01-14
사0농장,한우,경상북도 예천군 효자면 사곡리,256,2026-01-14
기0농장,한우,경상북도 예천군 예천읍 통명리,960,2026-01-14
희0농장,한우,경상북도 예천군 유천면 고산리,352,2026-01-14
종0농장,한우,경상북도 예천군 보문면 승본리,390.6,2026-01-14
미0농장,한우,경상북도 예천군 예천읍 고평리,972,2026-01-14
고0농장,한우,경상북도 예천군 유천면 고산리,95.11,2026-01-14
무0농장,한우,경상북도 예천군 지보면 어신리,198,2026-01-14
솔0농장,한우,경상북도 예천군 지보면 어신리,320,2026-01-14
병0농장,종계/산란계,경상북도 예천군 예천읍 석정리,44,2026-01-14
윤0수농장,한우,경상북도 예천군 용궁면 대은리,48,2026-01-14
성0농장,한우,경상북도 예천군 용궁면 무지리,36,2026-01-14
윤0한농장,한우,경상북도 예천군 용궁면 대은리,44,2026-01-14
남0순농장,한우,경상북도 예천군 용궁면 대은리,48,2026-01-14
괴0농장,한우,경상북도 예천군 풍양면 괴당리,391.2,2026-01-14
윤0희농장,한우,경상북도 예천군 용궁면 가야리,352,2026-01-14
전0석농장,한우,경상북도 예천군 용궁면 가야리,350,2026-01-14
단0농장,한우,경상북도 예천군 감천면 현내리,256,2026-01-14
순0농장,한우,경상북도 예천군 유천면 송전리,30,2026-01-14
한0수농장,한우,경상북도 예천군 용궁면 송암리,24,2026-01-14
김0인농장,한우,경상북도 예천군 용궁면 송암리,21,2026-01-14
김0욱농장,한우,경상북도 예천군 용궁면 송암리,35,2026-01-14
김0진농장,한우,경상북도 예천군 용궁면 대은리,50,2026-01-14
가0축산,한우,경상북도 예천군 용궁면 가야리,972,2026-01-14
이0현 농장,한우,경상북도 예천군 용궁면 향석리,192,2026-01-14
소0농장,한우,경상북도 예천군 풍양면 고산리,880,2026-01-14
제0축사,한우,경상북도 예천군 풍양면 오지리,194,2026-01-14
칠0농장,한우,경상북도 예천군 풍양면 낙상리,432,2026-01-14
대0농장,한우,경상북도 예천군 예천읍 왕신리,271.08,2026-01-14
봉0농장,한우,경상북도 예천군 용궁면 무이리,80,2026-01-14
봉0농장,한우,경상북도 예천군 풍양면 공덕리,704,2026-01-14
영0농장,한우,경상북도 예천군 풍양면 흔효리,672,2026-01-14
우0농장,한우,경상북도 예천군 풍양면 청곡리,198,2026-01-14
진0이네 농장,한우,경상북도 예천군 풍양면 오지리,672,2026-01-14
성0농장,한우,경상북도 예천군 풍양면 공덕리,46,2026-01-14
오0농장,한우,경상북도 예천군 풍양면 오지리,46,2026-01-14
성0농장,한우,경상북도 예천군 풍양면 공덕리,49,2026-01-14
현0농장,한우,경상북도 예천군 감천면 진평리,33,2026-01-14
대0농장,한우,경상북도 예천군 풍양면 와룡리,40,2026-01-14
철0네 농장,한우,경상북도 예천군 감천면 장산리,98,2026-01-14
정0농장,한우,경상북도 예천군 감천면 현내리,800,2026-01-14
준0농장,한우,경상북도 예천군 감천면 증거리,160,2026-01-14
한0농장,한우,경상북도 예천군 용궁면 대은리,256,2026-01-14
영0농장,한우,경상북도 예천군 예천읍 용산리,187.8,2026-01-14
창0농장,한우,경상북도 예천군 감천면 수한리,512,2026-01-14
영0농장,한우,경상북도 예천군 호명읍 담암리,567,2026-01-14
찬0농장,한우,경상북도 예천군 감천면 포리,350,2026-01-14
채0준농장,육계,경상북도 예천군 용궁면 대은리,4860,2026-01-14
대0농장,한우,경상북도 예천군 예천읍 석정리,670,2026-01-14
현0장,한우,경상북도 예천군 풍양면 청운리,436.8,2026-01-14
대0골농장,육계,경상북도 예천군 보문면 신월리,396,2026-01-14
지0농장,염소,경상북도 예천군 효자면 용두리,133,2026-01-14
병0농장,염소,경상북도 예천군 효자면 보곡리,95,2026-01-14
석0농장,한우,경상북도 예천군 감천면 천향리,384,2026-01-14
광0농장,한우,경상북도 예천군 유천면 광전리,444,2026-01-14
태0농장,염소,경상북도 예천군 호명읍 본리 산,25,2026-01-14
형0농장,종계/산란계,경상북도 예천군 호명읍 금능리,33,2026-01-14
규0농장,염소,경상북도 예천군 효자면 도촌리,85.2,2026-01-14
수0농장,염소,경상북도 예천군 효자면 고항리,97,2026-01-14
상0농장,염소,경상북도 예천군 은풍면 동사리,33,2026-01-14
형0농장,염소,경상북도 예천군 호명읍 송곡리,7,2026-01-14
청0농장,염소,경상북도 예천군 호명읍 직산리,164,2026-01-14
윤0농장,한우,경상북도 예천군 용궁면 산택리,461.42,2026-01-14
지0농장,염소,경상북도 예천군 용문면 성현리,192,2026-01-14
효0축산,염소,경상북도 예천군 풍양면 효갈리,196.8,2026-01-14
김0정농장,한우,경상북도 예천군 용궁면 대은리,40,2026-01-14
초0염소농장,염소,경상북도 예천군 감천면 진평리,331.56,2026-01-14
예0농장,한우,경상북도 예천군 유천면 손기리,972,2026-01-14
기0농장,한우,경상북도 예천군 감천면 마촌리,260,2026-01-14
원0농장,한우,경상북도 예천군 용궁면 산택리,1972,2026-01-14
깃0농장,한우,경상북도 예천군 예천읍 통명리,640,2026-01-14
하0농장,한우,경상북도 예천군 용문면 방송리,82.6,2026-01-14
규0농장,한우,경상북도 예천군 감천면 천향리,237,2026-01-14
주0농장,육우,경상북도 예천군 감천면 돈산리,850,2026-01-14
우0농장,한우,경상북도 예천군 감천면 천향리,20,2026-01-14
숙0농장,한우,경상북도 예천군 예천읍 왕신리,46,2026-01-14
수0농장,한우,경상북도 예천군 예천읍 상동리,12,2026-01-14
영0농장,염소,경상북도 예천군 유천면 송전리,33,2026-01-14
산0물 염소 농장,염소,경상북도 예천군 개포면 황산리,412,2026-01-14
예0흑염소 농장,염소,경상북도 예천군 예천읍 생천리,779,2026-01-14
기0농장,한우,경상북도 예천군 용문면 사부리,50,2026-01-14
상0농장,염소,경상북도 예천군 용문면 능천리,10,2026-01-14
태0농장,한우,경상북도 예천군 풍양면 청운리,50,2026-01-14
성0농장,염소,경상북도 예천군 효자면 백석리,40,2026-01-14
할0축사,한우,경상북도 예천군 풍양면 오지리,50,2026-01-14
재0농장,염소,경상북도 예천군 용문면 선리,15,2026-01-14
현0농장,염소,경상북도 예천군 용문면 직리,371,2026-01-14
희0농장,종계/산란계,경상북도 예천군 효자면 고항리,12.5,2026-01-14
예0수농장,한우,경상북도 예천군 지보면 수월리,384,2026-01-14
정0농장,한우,경상북도 예천군 유천면 마천리,230.1,2026-01-14
분0농장,한우,경상북도 예천군 풍양면 청운리,90,2026-01-14
희0농장,한우,경상북도 예천군 유천면 광전리,244,2026-01-14
상0농장,한우,경상북도 예천군 예천읍 용산리,95,2026-01-14
조0농장,한우,경상북도 예천군 감천면 유리,192,2026-01-14
솔0네농장,한우,경상북도 예천군 호명읍 한어리,769,2026-01-14
석0농장,한우,경상북도 예천군 감천면 현내리,132,2026-01-14
현0농장,한우,경상북도 예천군 용문면 직리,1134,2026-01-14
신0농장,한우,경상북도 예천군 용문면 상금곡,445.5,2026-01-14
주0염소농장,염소,경상북도 예천군 예천읍 갈구리,196,2026-01-14
상0농장,한우,경상북도 예천군 감천면 돈산리,33,2026-01-14
주0산수목농장,염소,경상북도 예천군 감천면 유리,384,2026-01-14
동0농장,염소,경상북도 예천군 보문면 독양리,150,2026-01-14
용0농장,한우,경상북도 예천군 호명읍 본리,1000,2026-01-14
예0청계토종닭농장,종계/산란계,경상북도 예천군 지보면 대죽리,623.7,2026-01-14
상0농장,한우,경상북도 예천군 호명읍 종산리,96,2026-01-14
승0농장,한우,경상북도 예천군 예천읍 통명리,600,2026-01-14
이0목장,한우,경상북도 예천군 용궁면 금남리,1215,2026-01-14
승0농장,한우,경상북도 예천군 예천읍 통명리,90,2026-01-14
이0화농장,한우,경상북도 예천군 용궁면 무지리,405,2026-01-14
덕0농장,육계,경상북도 예천군 용궁면 대은리,1430,2026-01-14
SJ0,육우,경상북도 예천군 풍양면 공덕리,1344,2026-01-14
재0농장,한우,경상북도 예천군 보문면 간방리,680.64,2026-01-14
상0농장,한우,경상북도 예천군 감천면 덕율리,350,2026-01-14
대0농장,한우,경상북도 예천군 감천면 유리,660,2026-01-14
병0농장,한우,경상북도 예천군 호명읍 황지리,1400,2026-01-14
텃0농장,한우,경상북도 예천군 보문면 기곡리,576,2026-01-14
진0농장,한우,경상북도 예천군 풍양면 우망리,395.5,2026-01-14
강0농장,한우,경상북도 예천군 감천면 포리,576,2026-01-14
청0농장,한우,경상북도 예천군 풍양면 청곡리,216,2026-01-14
수0농장,한우,경상북도 예천군 풍양면 고산리,660,2026-01-14
신0농장,육우,경상북도 예천군 호명읍 금능리,1000,2026-01-14
윤0팜,한우,경상북도 예천군 호명읍 한어리,640,2026-01-14
기0농장,한우,경상북도 예천군 호명읍 오천리,640,2026-01-14
예0농장,한우,경상북도 예천군 감천면 천향리,320,2026-01-14
소0농장,한우,경상북도 예천군 풍양면 삼강리,43.56,2026-01-14
와0농장,한우,경상북도 예천군 풍양면 와룡리,33,2026-01-14
만0농장,한우,경상북도 예천군 은풍면 동사리,350,2026-01-14
김0기농장,한우,경상북도 예천군 지보면 도화리,320,2026-01-14
태0농장,한우,경상북도 예천군 용궁면 무지리,648,2026-01-14
창0농장,한우,경상북도 예천군 보문면 작곡리,192,2026-01-14
영0농장,한우,경상북도 예천군 풍양면 낙상리,192,2026-01-14
우0농장,한우,경상북도 예천군 지보면 매창리,768,2026-01-14
근0농장,한우,경상북도 예천군 감천면 덕율리,640,2026-01-14
재0농장,한우,경상북도 예천군 지보면 송평리,729,2026-01-14
재0목장,한우,경상북도 예천군 보문면 승본리,760,2026-01-14
채0농장,한우,경상북도 예천군 풍양면 풍신리,1200,2026-01-14
덕0농장2,육계,경상북도 예천군 용궁면 대은리,1625,2026-01-14
수0골한우농장,한우,경상북도 예천군 감천면 덕율리,1233,2026-01-14
우02농장,한우,경상북도 예천군 감천면 미석리,1200,2026-01-14
성0농장,한우,경상북도 예천군 감천면 미석리,1200,2026-01-14
임0이 농장,한우,경상북도 예천군 지보면 암천리,448,2026-01-14
무0개농장,한우,경상북도 예천군 풍양면 와룡리,900,2026-01-14
현0농장,한우,경상북도 예천군 풍양면 우망리,1276,2026-01-14
재0농장,한우,경상북도 예천군 지보면 소화리,324,2026-01-14
백0산농장,한우,경상북도 예천군 효자면 백석리,957.4,2026-01-14
대0농장,한우,경상북도 예천군 풍양면 괴당리,432,2026-01-14
풍0농장,한우,경상북도 예천군 감천면 진평리,160,2026-01-14
다0농장,한우,경상북도 예천군 풍양면 흥천리,596.43,2026-01-14
재0농장,한우,경상북도 예천군 용문면 덕신리,576,2026-01-14
준0농장,한우,경상북도 예천군 지보면 도화리,464,2026-01-14
율0농장,한우,경상북도 예천군 풍양면 우망리,1444,2026-01-14
풍0농장,한우,경상북도 예천군 풍양면 풍신리,1120,2026-01-14
주0농장,돼지,경상북도 예천군 감천면 현내리,2828.8,2026-01-14
신0농장,한우,경상북도 예천군 예천읍 왕신리,448,2026-01-14
유0농장,육우,경상북도 예천군 감천면 유리,1720,2026-01-14
유0농장,한우,경상북도 예천군 감천면 유리,800,2026-01-14
유0농장,한우,경상북도 예천군 감천면 현내리,405,2026-01-14
천0농장2,한우,경상북도 예천군 지보면 매창리,336,2026-01-14
아0농장,한우,경상북도 예천군 감천면 장산리,700,2026-01-14
준0농장,한우,경상북도 예천군 용문면 방송리,810,2026-01-14
미0농장,한우,경상북도 예천군 예천읍 지내리,512,2026-01-14
혜0농장,한우,경상북도 예천군 풍양면 와룡리,2016,2026-01-14
증0농장,한우,경상북도 예천군 감천면 증거리,648,2026-01-14
하0농장,한우,경상북도 예천군 지보면 어신리,704,2026-01-14
경0농장,한우,경상북도 예천군 개포면 경진리,416,2026-01-14
종0농장,한우,경상북도 예천군 유천면 고림리,800,2026-01-14
달0농장,한우,경상북도 예천군 보문면 신월리,350,2026-01-14
새0농장,한우,경상북도 예천군 개포면 금리,1732,2026-01-14
용0목장,육우,경상북도 예천군 용궁면 금남리,1700,2026-01-14
누0소 농장,한우,경상북도 예천군 보문면 승본리,1467,2026-01-14
덕0농장,한우,경상북도 예천군 용문면 내지리,99,2026-01-14
영0농장,한우,경상북도 예천군 감천면 덕율리,567,2026-01-14
주0농장,한우,경상북도 예천군 개포면 경진리,192,2026-01-14
주0농장,한우,경상북도 예천군 감천면 증거리,350,2026-01-14
석0축산,한우,경상북도 예천군 호명읍 담암리,1006.5,2026-01-14
철0농장,한우,경상북도 예천군 용문면 구계리,906.8,2026-01-14
박0우농장,한우,경상북도 예천군 유천면 매산리,384,2026-01-14
혁0농장,한우,경상북도 예천군 감천면 현내리,896,2026-01-14
갑0농장,한우,경상북도 예천군 호명읍 직산리,364.5,2026-01-14
행0농장,한우,경상북도 예천군 풍양면 우망리,1152,2026-01-14
솔0농장,한우,경상북도 예천군 감천면 미석리,296,2026-01-14
위02농장,돼지,경상북도 예천군 용궁면 월오리,2051.65,2026-01-14
비0농장,한우,경상북도 예천군 풍양면 공덕리,3400,2026-01-14
주0농장2,한우,경상북도 예천군 감천면 증거리,320,2026-01-14
부0실농장,한우,경상북도 예천군 예천읍 고평리,832,2026-01-14
경0축산 제2농장,한우,경상북도 예천군 감천면 마촌리,576,2026-01-14
SH0RM,한우,경상북도 예천군 용문면 능천리,889.48,2026-01-14
중0농장,한우,경상북도 예천군 지보면 도화리,512,2026-01-14
과0농장,한우,경상북도 예천군 은풍면 우곡리,170.95,2026-01-14
진0농장,한우,경상북도 예천군 용궁면 무이리,648,2026-01-14
지0이농장,한우,경상북도 예천군 감천면 덕율리,304,2026-01-14
채0민2농장,육계,경상북도 예천군 용궁면 대은리,3515,2026-01-14
대0축산,한우,경상북도 예천군 풍양면 흔효리,192,2026-01-14
창0농장,한우,경상북도 예천군 풍양면 낙상리,1000,2026-01-14
우0농장,한우,경상북도 예천군 감천면 포리,1200,2026-01-14
정0농장,한우,경상북도 예천군 감천면 현내리,1600,2026-01-14
기0농장,한우,경상북도 예천군 감천면 현내리,1000,2026-01-14
단0농장2,한우,경상북도 예천군 감천면 대맥리,950,2026-01-14
율0농장,한우,경상북도 예천군 은풍면 율곡리,607.5,2026-01-14
달0지FARM,한우,경상북도 예천군 유천면 사곡리,1144,2026-01-14
한0음농장,한우,경상북도 예천군 용궁면 산택리,92,2026-01-14
은0농장,한우,경상북도 예천군 용궁면 산택리,648,2026-01-14
피0골 사슴농장,사슴,경상북도 예천군 지보면 신풍리,99,2026-01-14
광0농장,한우,경상북도 예천군 용문면 제곡리,45.43,2026-01-14
박0희농장,한우,경상북도 예천군 용문면 덕신리,500,2026-01-14
우0농장,한우,경상북도 예천군 용문면 사부리,49.07,2026-01-14
의0농장,한우,경상북도 예천군 호명읍 송곡리,46,2026-01-14
병0농장,한우,경상북도 예천군 호명읍 직산리,48,2026-01-14
종0농장2,한우,경상북도 예천군 감천면 덕율리,768,2026-01-14
김0동농장,한우,경상북도 예천군 유천면 가리,768,2026-01-14
덕0농장,한우,경상북도 예천군 용궁면 읍부리,18,2026-01-14
하0스농장,한우,경상북도 예천군 용궁면 무이리,96,2026-01-14
손0장,염소,경상북도 예천군 풍양면 와룡리,64,2026-01-14
부0농장,한우,경상북도 예천군 풍양면 낙상리,49,2026-01-14
성0축산,한우,경상북도 예천군 풍양면 풍신리,16,2026-01-14
규0농장,한우,경상북도 예천군 풍양면 하풍리,45,2026-01-14
영0농장,한우,경상북도 예천군 풍양면 효갈리,49,2026-01-14
도0농장,한우,경상북도 예천군 풍양면 오지리,26.46,2026-01-14
남0농장,한우,경상북도 예천군 풍양면 청운리,49,2026-01-14
병0농장,한우,경상북도 예천군 풍양면 낙상리,49,2026-01-14
정0산,한우,경상북도 예천군 풍양면 하풍리,49,2026-01-14
영0농장,한우,경상북도 예천군 풍양면 흔효리,49,2026-01-14
종0농장,한우,경상북도 예천군 풍양면 효갈리,49,2026-01-14
승0농장,한우,경상북도 예천군 유천면 손기리,320,2026-01-14
승0농장,한우,경상북도 예천군 유천면 손기리,480,2026-01-14
신0축산,한우,경상북도 예천군 풍양면 청운리,640,2026-01-14
수0농장,한우,경상북도 예천군 풍양면 효갈리,186.12,2026-01-14
대0농장,한우,경상북도 예천군 풍양면 풍신리,124.8,2026-01-14
주0농장,한우,경상북도 예천군 감천면 현내리,400,2026-01-14
왕0농장,한우,경상북도 예천군 예천읍 왕신리,700,2026-01-14
장0농장,한우,경상북도 예천군 은풍면 금곡리,330,2026-01-14
부0봉농장,한우,경상북도 예천군 은풍면 시항리,98.7,2026-01-14
민0농장,한우,경상북도 예천군 유천면 중평리,250,2026-01-14
재0농장,한우,경상북도 예천군 풍양면 청곡리,99.9,2026-01-14
효0농장,한우,경상북도 예천군 풍양면 공덕리,606,2026-01-14
청0농장,한우,경상북도 예천군 풍양면 공덕리,396.8,2026-01-14
명0산,한우,경상북도 예천군 풍양면 흔효리,179.86,2026-01-14
영0농장,한우,경상북도 예천군 풍양면 공덕리,320,2026-01-14
형0농장,한우,경상북도 예천군 풍양면 효갈리,371.5,2026-01-14
재0농장,한우,경상북도 예천군 풍양면 와룡리,448,2026-01-14
정0농장,한우,경상북도 예천군 풍양면 우망리,1200,2026-01-14
사0농장,한우,경상북도 예천군 풍양면 청운리,720,2026-01-14
오0목장,한우,경상북도 예천군 풍양면 오지리,2080.35,2026-01-14
창0장,한우,경상북도 예천군 풍양면 풍신리,60,2026-01-14
종0농장,한우,경상북도 예천군 풍양면 공덕리,60,2026-01-14
태0농장,한우,경상북도 예천군 풍양면 낙상리,832,2026-01-14
손0미 농장,한우,경상북도 예천군 감천면 미석리,1487.5,2026-01-14
원0산,한우,경상북도 예천군 풍양면 흔효리,768,2026-01-14
방0농장,한우,경상북도 예천군 용문면 방송리,1000,2026-01-14
경0농장,한우,경상북도 예천군 예천읍 청복리,256,2026-01-14
산0농장,한우,경상북도 예천군 용문면 사부리,250,2026-01-14
만0농장,한우,경상북도 예천군 은풍면 송월리,1631.5,2026-01-14
권0농장,한우,경상북도 예천군 예천읍 왕신리,800,2026-01-14
우0농원,한우,경상북도 예천군 지보면 도화리,556.5,2026-01-14
대0연축산3,한우,경상북도 예천군 감천면 미석리,1850,2026-01-14
대0농장,한우,경상북도 예천군 감천면 덕율리,787.8,2026-01-14
택0농장,한우,경상북도 예천군 풍양면 흔효리,1088,2026-01-14
와0농장,한우,경상북도 예천군 풍양면 와룡리,322.56,2026-01-14
가0축산농장,한우,경상북도 예천군 개포면 금리,1040,2026-01-14
밝0농장,한우,경상북도 예천군 용문면 내지리,120.6,2026-01-14
정0숙 농장,한우,경상북도 예천군 예천읍 석정리,740,2026-01-14
성0골농장,염소,경상북도 예천군 풍양면 공덕리,27,2026-01-14
채0민 농장,육계,경상북도 예천군 용궁면 대은리,1305,2026-01-14
채0준 농장,육계,경상북도 예천군 용궁면 대은리,3090.1,2026-01-14
조0동 농장,한우,경상북도 예천군 용궁면 대은리,1701,2026-01-14
광0농장,한우,경상북도 예천군 예천읍 고평리,832,2026-01-14
현0섭 농장,한우,경상북도 예천군 지보면 마전리,1100,2026-01-14
서0숙 농장,한우,경상북도 예천군 예천읍 대심리,128,2026-01-14
숙0농장,한우,경상북도 예천군 풍양면 흥천리,40,2026-01-14
늘0농장,한우,경상북도 예천군 용문면 능천리,1150,2026-01-14
유0농장2,한우,경상북도 예천군 용궁면 송암리,518,2026-01-14
태0한우농장,한우,경상북도 예천군 감천면 증거리,1600,2026-01-14
상0농장,한우,경상북도 예천군 개포면 황산리,600,2026-01-14
풍0목장,한우,경상북도 예천군 감천면 미석리,2520,2026-01-14
기0농장,한우,경상북도 예천군 풍양면 낙상리,1344,2026-01-14
토0농장,한우,경상북도 예천군 감천면 현내리,600,2026-01-14
김0식 농장,한우,경상북도 예천군 풍양면 공덕리,746,2026-01-14
별0섯농장,염소,경상북도 예천군 용문면 대제리,50,2026-01-14
조0대 농장2,한우,경상북도 예천군 용궁면 대은리,576,2026-01-14
안0철 농장,한우,경상북도 예천군 지보면 매창리,704,2026-01-14
이0남 농장,한우,경상북도 예천군 지보면 만화리,544,2026-01-14
진0농장,한우,경상북도 예천군 유천면 사곡리,1200,2026-01-14
금0아지 농장,한우,경상북도 예천군 지보면 소화리,600,2026-01-14
권0식 농장,육우,경상북도 예천군 예천읍 고평리,800,2026-01-14
한0농장,한우,경상북도 예천군 예천읍 고평리,1088,2026-01-14
김0수 농장,한우,경상북도 예천군 예천읍 고평리,800,2026-01-14
일0네 농장,한우,경상북도 예천군 개포면 황산리,1053,2026-01-14
이0환 농장,한우,경상북도 예천군 풍양면 낙상리,2316,2026-01-14
정0영 농장,한우,경상북도 예천군 지보면 매창리,238,2026-01-14
엘0농장,한우,경상북도 예천군 용문면 선리,526.5,2026-01-14
다0농원,종계/산란계,경상북도 예천군 은풍면 오류리,48,2026-01-14
정0진 농장,한우,경상북도 예천군 풍양면 청운리,32,2026-01-14
김0기 농장,한우,경상북도 예천군 예천읍 생천리,648,2026-01-14
시0농장,한우,경상북도 예천군 용문면 덕신리,320,2026-01-14
김0현 농장,한우,경상북도 예천군 지보면 어신리,24,2026-01-14
박0호 농장,한우,경상북도 예천군 예천읍 갈구리,30,2026-01-14
황0훈 농장,한우,경상북도 예천군 예천읍 용산리,45,2026-01-14
정0주 농장,한우,경상북도 예천군 풍양면 풍신리,914,2026-01-14
황0주 농장,한우,경상북도 예천군 풍양면 와룡리,1700,2026-01-14
황0찬 농장,한우,경상북도 예천군 풍양면 와룡리,1700,2026-01-14
정0하 농장,한우,경상북도 예천군 풍양면 우망리,312,2026-01-14
손0원 농장,한우,경상북도 예천군 풍양면 효갈리,48,2026-01-14
상0농장,한우,경상북도 예천군 예천읍 왕신리,32,2026-01-14
두0농장,한우,경상북도 예천군 풍양면 낙상리,960,2026-01-14
정0수 농장,한우,경상북도 예천군 지보면 도화리,40,2026-01-14
정0도 농장,한우,경상북도 예천군 지보면 도화리,49,2026-01-14
덕0농장,염소,경상북도 예천군 유천면 송지리,1517,2026-01-14
청0농장,한우,경상북도 예천군 감천면 유리,1200,2026-01-14
동0농장,한우,경상북도 예천군 감천면 증거리,60,2026-01-14
유0농장,한우,경상북도 예천군 예천읍 고평리,550,2026-01-14
기0농장,한우,경상북도 예천군 지보면 마전리,160,2026-01-14
오0재흑염소,염소,경상북도 예천군 효자면 보곡리,4932,2026-01-14
한0축산,한우,경상북도 예천군 유천면 화지리,576,2026-01-14
강0진 농장,한우,경상북도 예천군 지보면 어신리,526,2026-01-14
이0호 농장,한우,경상북도 예천군 예천읍 생천리,450,2026-01-14
창0농장,한우,경상북도 예천군 지보면 암천리,800,2026-01-14
삼0농장,한우,경상북도 예천군 유천면 가리,1800,2026-01-14
태0농장,한우,경상북도 예천군 예천읍 지내리,448,2026-01-14
황0선 농장,한우,경상북도 예천군 용문면 노사리,1200,2026-01-14
황0정 농장,한우,경상북도 예천군 풍양면 흥천리,380,2026-01-14
정0수농장,한우,경상북도 예천군 예천읍 통명리,943,2026-01-14
권0한 농장,한우,경상북도 예천군 용문면 덕신리,648,2026-01-14
강0숙 농장,한우,경상북도 예천군 감천면 유리,2016,2026-01-14
현0농장,한우,경상북도 예천군 감천면 미석리,1446,2026-01-14
영0농장,한우,경상북도 예천군 감천면 장산리,96,2026-01-14
토0농장,종계/산란계,경상북도 예천군 개포면 금리,20,2026-01-14
성0종돈,돼지,경상북도 예천군 용궁면 무지리,4669.35,2026-01-14
지0농장,한우,경상북도 예천군 감천면 미석리,1330,2026-01-14
푸0농장,한우,경상북도 예천군 예천읍 고평리,1050,2026-01-14
김0수 농장,한우,경상북도 예천군 감천면 미석리,600,2026-01-14
희0농장,한우,경상북도 예천군 예천읍 통명리,484.4,2026-01-14
진0목장,한우,경상북도 예천군 유천면 연천리,384,2026-01-14
자0목장,한우,경상북도 예천군 풍양면 공덕리,1700,2026-01-14
공0농장,한우,경상북도 예천군 풍양면 공덕리,384,2026-01-14
신0농장,한우,경상북도 예천군 보문면 신월리,640,2026-01-14
한0리농장,한우,경상북도 예천군 유천면 사곡리,704,2026-01-14
최0종축사,한우,경상북도 예천군 개포면 신음리,386.4,2026-01-14
이0태 농장,한우,경상북도 예천군 지보면 대죽리,1300,2026-01-14
박0종 농장,한우,경상북도 예천군 지보면 대죽리,350,2026-01-14
최0경 농장,한우,경상북도 예천군 호명읍 담암리,650,2026-01-14
우0월드 예천1농장,돼지,경상북도 예천군 감천면 현내리,2737.17,2026-01-14
우0월드 예천2농장,돼지,경상북도 예천군 감천면 현내리,2826.8,2026-01-14
김0순 농장,한우,경상북도 예천군 호명읍 황지리,98.64,2026-01-14
백0농장,염소,경상북도 예천군 용문면 하학리,84,2026-01-14
김0진 농장,한우,경상북도 예천군 은풍면 송월리,98,2026-01-14
수0농장,한우,경상북도 예천군 예천읍 고평리,1444,2026-01-14
수0농장,한우,경상북도 예천군 은풍면 우곡리,695,2026-01-14
천0농장,한우,경상북도 예천군 보문면 작곡리,842.5,2026-01-14
김0경 농장,한우,경상북도 예천군 예천읍 고평리,800,2026-01-14
정0호 농장,한우,경상북도 예천군 풍양면 우망리,720,2026-01-14
거0농장,한우,경상북도 예천군 은풍면 우곡리,71.4,2026-01-14
정0한먹거리,염소,경상북도 예천군 용궁면 금남리,160,2026-01-14
은0농장,한우,경상북도 예천군 은풍면 우곡리,723.07,2026-01-14
은0농장,한우,경상북도 예천군 은풍면 우곡리,723.07,2026-01-14
문0실 농장,한우,경상북도 예천군 예천읍 통명리,650,2026-01-14
황0학 농장,한우,경상북도 예천군 풍양면 낙상리,1400,2026-01-14
강0경 농장,한우,경상북도 예천군 예천읍 통명리,600,2026-01-14
봉0농장,한우,경상북도 예천군 풍양면 괴당리,768,2026-01-14
금0농장,한우,경상북도 예천군 은풍면 금곡리,262.4,2026-01-14
자0농장,한우,경상북도 예천군 용문면 하금곡,1000,2026-01-14
자0농장2,한우,경상북도 예천군 용문면 하금곡,700,2026-01-14
김0구 농장,한우,경상북도 예천군 호명읍 담암리,800,2026-01-14
황0록 농장,한우,경상북도 예천군 효자면 백석리,304,2026-01-14
마0농장,한우,경상북도 예천군 예천읍 고평리,1500,2026-01-14
안0욱 농장,한우,경상북도 예천군 용궁면 월오리,202,2026-01-14
다0농원,한우,경상북도 예천군 풍양면 낙상리,2489.14,2026-01-14
정0수 농장,한우,경상북도 예천군 지보면 마전리,800,2026-01-14
강0미 농장,한우,경상북도 예천군 예천읍 석정리,900,2026-01-14
이0준 농장,한우,경상북도 예천군 예천읍 통명리,608,2026-01-14
이0준 농장2,한우,경상북도 예천군 예천읍 통명리,700,2026-01-14
유0애 농장,한우,경상북도 예천군 보문면 신월리,192,2026-01-14
강0호 농장,한우,경상북도 예천군 보문면 신월리,72,2026-01-14
황0영 농장,한우,경상북도 예천군 보문면 신월리,72,2026-01-14
신04호,한우,경상북도 예천군 보문면 신월리,192,2026-01-14
석0농장,한우,경상북도 예천군 감천면 유리,1400,2026-01-14
권0근 농장,한우,경상북도 예천군 감천면 현내리,884,2026-01-14
양0농장,한우,경상북도 예천군 호명읍 담암리,900,2026-01-14
박0호 농장,한우,경상북도 예천군 감천면 덕율리,139.2,2026-01-14
신0례 농장,한우,경상북도 예천군 감천면 미석리,1722,2026-01-14
연0수농장,한우,경상북도 예천군 풍양면 오지리,1200,2026-01-14
도0이 농장,한우,경상북도 예천군 예천읍 고평리,1050,2026-01-14
성0농장,한우,경상북도 예천군 감천면 마촌리,768,2026-01-14
이0영농장3,한우,경상북도 예천군 예천읍 고평리,1600,2026-01-14
윤0섭 축사,한우,경상북도 예천군 감천면 수한리,704,2026-01-14
혁0농장,한우,경상북도 예천군 예천읍 통명리,1760,2026-01-14
보0농장,한우,경상북도 예천군 풍양면 풍신리,1152,2026-01-14
금0농장,한우,경상북도 예천군 풍양면 청운리,1500,2026-01-14
권0희 농장,한우,경상북도 예천군 감천면 유리,1600,2026-01-14
권0락 농장,한우,경상북도 예천군 감천면 유리,1600,2026-01-14
행0하누,한우,경상북도 예천군 유천면 수심리,1300,2026-01-14
푸0농장,한우,경상북도 예천군 감천면 마촌리,624,2026-01-14
달0장,한우,경상북도 예천군 예천읍 백전리,96,2026-01-14
박0모 농장,한우,경상북도 예천군 용문면 성현리,567,2026-01-14
3탄0장,한우,경상북도 예천군 풍양면 와룡리,1400,2026-01-14
윤0수 농장,한우,경상북도 예천군 은풍면 율곡리,172,2026-01-14
광0농장,한우,경상북도 예천군 지보면 마전리,928,2026-01-14
도0농장,한우,경상북도 예천군 용궁면 무지리,1344,2026-01-14
초0집농장,한우,경상북도 예천군 용궁면 대은리,512,2026-01-14
이0진농장,한우,경상북도 예천군 지보면 소화리,864,2026-01-14
예0농장,한우,경상북도 예천군 용문면 방송리,512,2026-01-14
영0농장,한우,경상북도 예천군 예천읍 상동리,320,2026-01-14
박0용농장,한우,경상북도 예천군 은풍면 부초리,240,2026-01-14
정0농장,한우,경상북도 예천군 감천면 현내리,800,2026-01-14
은0농장,한우,경상북도 예천군 예천읍 고평리,1600,2026-01-14
윤0홍농장,한우,경상북도 예천군 용궁면 대은리,192,2026-01-14
와0축산,한우,경상북도 예천군 풍양면 낙상리,2112,2026-01-14
흥0농장,한우,경상북도 예천군 풍양면 공덕리,640,2026-01-14
김0태 농장,한우,경상북도 예천군 유천면 광전리,160,2026-01-14
채0근농장,한우,경상북도 예천군 용궁면 대은리,972,2026-01-14
대0농장,한우,경상북도 예천군 풍양면 풍신리,1200,2026-01-14
율02농장,한우,경상북도 예천군 예천읍 통명리,304,2026-01-14
오0농장,한우,경상북도 예천군 용문면 사부리,950,2026-01-14
중0농장,돼지,경상북도 예천군 용문면 상금곡,2277.35,2026-01-14
준0농장,한우,경상북도 예천군 보문면 독양리,486,2026-01-14
와0농장,한우,경상북도 예천군 풍양면 와룡리,1500,2026-01-14
휘0농장2,한우,경상북도 예천군 유천면 수심리,91.76,2026-01-14
종02농장,한우,경상북도 예천군 유천면 율현리,700,2026-01-14
대0농장,한우,경상북도 예천군 보문면 승본리,500,2026-01-14
비02농장,한우,경상북도 예천군 풍양면 공덕리,1650,2026-01-14
신0일농장,한우,경상북도 예천군 호명읍 담암리,1600,2026-01-14
가0농장,한우,경상북도 예천군 용궁면 가야리,688,2026-01-14
윤0한농장,한우,경상북도 예천군 감천면 대맥리,202,2026-01-14
김0만농장,한우,경상북도 예천군 호명읍 내신리,1050,2026-01-14
이0영축사,한우,경상북도 예천군 개포면 가곡리,1200,2026-01-14
미02농장,한우,경상북도 예천군 보문면 미호리,800,2026-01-14
두0농장,한우,경상북도 예천군 감천면 천향리,972,2026-01-14
제0축산,한우,경상북도 예천군 지보면 소화리,635.2,2026-01-14
임0하농장,한우,경상북도 예천군 용문면 내지리,49.35,2026-01-14
이0옥2농장,한우,경상북도 예천군 예천읍 왕신리,275,2026-01-14
한0농장,한우,경상북도 예천군 지보면 지보리,99.6,2026-01-14
중0농장,한우,경상북도 예천군 유천면 송전리,1200,2026-01-14
우0농장,한우,경상북도 예천군 풍양면 낙상리,897,2026-01-14
안0국농장,한우,경상북도 예천군 감천면 대맥리,384,2026-01-14
장0장,한우,경상북도 예천군 용문면 방송리,400,2026-01-14
윤0상농장,한우,경상북도 예천군 용궁면 읍부리,1600,2026-01-14
수0장,한우,경상북도 예천군 감천면 미석리,1800,2026-01-14
혁0농장,한우,경상북도 예천군 예천읍 고평리,700,2026-01-14
영0농장,한우,경상북도 예천군 효자면 석묘리,44,2026-01-14
송0익축사,한우,경상북도 예천군 감천면 유리,1122,2026-01-14
천0농장,한우,경상북도 예천군 보문면 옥천리,800,2026-01-14
신02농장,한우,경상북도 예천군 지보면 신풍리,800,2026-01-14
송0환축사,한우,경상북도 예천군 감천면 현내리,729,2026-01-14
행0농장,한우,경상북도 예천군 풍양면 우망리,1300,2026-01-14
해0농장,한우,경상북도 예천군 보문면 신월리,950,2026-01-14
한0환축사,한우,경상북도 예천군 개포면 경진리,1134,2026-01-14
우0하축사,한우,경상북도 예천군 예천읍 청복리,1900,2026-01-14
신0호농장,한우,경상북도 예천군 보문면 신월리,192,2026-01-14
윤0걸농장,한우,경상북도 예천군 감천면 덕율리,1350,2026-01-14
서0희농장,한우,경상북도 예천군 호명읍 담암리,1215,2026-01-14
선0농원,한우,경상북도 예천군 감천면 미석리,1300,2026-01-14
김0진농장,한우,경상북도 예천군 보문면 오신리,448,2026-01-14
대0농장,한우,경상북도 예천군 풍양면 흔효리,2780,2026-01-14
대0농장,한우,경상북도 예천군 풍양면 청운리,1400,2026-01-14
동03농장,한우,경상북도 예천군 감천면 덕율리,1600,2026-01-14
효0축사,한우,경상북도 예천군 풍양면 흔효리,1100,2026-01-14
햇0촌농장,한우,경상북도 예천군 감천면 덕율리,600,2026-01-14
부0축산,한우,경상북도 예천군 보문면 신월리,2000,2026-01-14
청0농장,한우,경상북도 예천군 예천읍 고평리,1400,2026-01-14
김0희농장,한우,경상북도 예천군 용궁면 무이리,972,2026-01-14
이0복농장,한우,경상북도 예천군 용궁면 금남리,264,2026-01-14
최0대농장,한우,경상북도 예천군 호명읍 본리,1000,2026-01-14
허0달농장,한우,경상북도 예천군 개포면 금리,660,2026-01-14
설0농장,한우,경상북도 예천군 감천면 덕율리,1088,2026-01-14
이0호농장,한우,경상북도 예천군 용문면 하금곡,450,2026-01-14
윤0민농장,한우,경상북도 예천군 용궁면 대은리,94.2,2026-01-14
김0윤농장,한우,경상북도 예천군 용궁면 산택리,99.6,2026-01-14
엄0두농장,한우,경상북도 예천군 예천읍 상동리,416,2026-01-14
신0수축사,한우,경상북도 예천군 감천면 미석리,1500,2026-01-14
청0농장,한우,경상북도 예천군 풍양면 청운리,448,2026-01-14
이0숙농장,한우,경상북도 예천군 풍양면 낙상리,214.86,2026-01-14
우0농장(우사),한우,경상북도 예천군 풍양면 풍신리,1200,2026-01-14
이0숙농장,한우,경상북도 예천군 풍양면 낙상리,2100,2026-01-14
혁0농장,한우,경상북도 예천군 풍양면 청운리,670,2026-01-14
한0제2농장,한우,경상북도 예천군 감천면 유리,1300,2026-01-14
박0우농장,한우,경상북도 예천군 감천면 덕율리,850,2026-01-14
준0농장,한우,경상북도 예천군 예천읍 고평리,640,2026-01-14
박0익축사,한우,경상북도 예천군 감천면 미석리,1200,2026-01-14
김0환농장,한우,경상북도 예천군 지보면 어신리,1344,2026-01-14
김0기농장,염소,경상북도 예천군 호명읍 종산리,652.2,2026-01-14
김0민축사,염소,경상북도 예천군 호명읍 종산리,268.8,2026-01-14
용0농장,한우,경상북도 예천군 감천면 포리,160,2026-01-14
엄0흠농장,한우,경상북도 예천군 용궁면 월오리,1159.2,2026-01-14
진0농장,한우,경상북도 예천군 유천면 손기리,1251.35,2026-01-14
손0리농장,한우,경상북도 예천군 유천면 손기리,1656,2026-01-14
아0지2농장,한우,경상북도 예천군 감천면 덕율리,569.4,2026-01-14
아0지1농장,한우,경상북도 예천군 감천면 덕율리,1000.8,2026-01-14
태0농장,한우,경상북도 예천군 감천면 미석리,1713.5,2026-01-14
한0농장2,한우,경상북도 예천군 예천읍 고평리,1600,2026-01-14
회0포농장,염소,경상북도 예천군 개포면 경진리,321,2026-01-14
태0농장,한우,경상북도 예천군 호명읍 금능리,750,2026-01-14
조0호농장,한우,경상북도 예천군 감천면 증거리,448,2026-01-14
혜0농장,종계/산란계,경상북도 예천군 지보면 소화리,199.2,2026-01-14
김0일축사,한우,경상북도 예천군 예천읍 동본리,160,2026-01-14
강0원축사,한우,경상북도 예천군 풍양면 흔효리,1500,2026-01-14
손0자연농원,한우,경상북도 예천군 유천면 손기리,44.1,2026-01-14
군0농장,한우,경상북도 예천군 용궁면 덕계리,2188,2026-01-14
훈0네농장,한우,경상북도 예천군 호명읍 담암리,1600,2026-01-14
전0한우농장,한우,경상북도 예천군 감천면 미석리,5000,2026-01-14
여0농장,한우,경상북도 예천군 풍양면 흔효리,640,2026-01-14
김0동농장,한우,경상북도 예천군 지보면 신풍리,128,2026-01-14
명0농장,육계,경상북도 예천군 풍양면 공덕리,3332,2026-01-14
김0기농장,한우,경상북도 예천군 감천면 증거리,972,2026-01-14
신0우축사,한우,경상북도 예천군 풍양면 낙상리,1745,2026-01-14
변0일농장,한우,경상북도 예천군 예천읍 통명리,936,2026-01-14
세0농장,한우,경상북도 예천군 예천읍 용산리,576,2026-01-14
도0농장,한우,경상북도 예천군 호명읍 종산리,880,2026-01-14
권0정농장,한우,경상북도 예천군 호명읍 황지리,1400,2026-01-14
담0농장,한우,경상북도 예천군 보문면 간방리,384,2026-01-14
마0농장,육계,경상북도 예천군 유천면 마천리,40.28,2026-01-14
손0혁농장,한우,경상북도 예천군 감천면 현내리,1230,2026-01-14
박0규농장,한우,경상북도 예천군 감천면 덕율리,2350,2026-01-14
권0목농장,한우,경상북도 예천군 지보면 도장리,512,2026-01-14
진0네농장,한우,경상북도 예천군 감천면 현내리,1440,2026-01-14
신0철농장,한우,경상북도 예천군 감천면 유리,2175,2026-01-14
안0국농장,한우,경상북도 예천군 예천읍 고평리,688.5,2026-01-14
팜0월드신희도농장,한우,경상북도 예천군 풍양면 괴당리,3600,2026-01-14
혜0농장,한우,경상북도 예천군 풍양면 풍신리,3000,2026-01-14
김0숙농장,한우,경상북도 예천군 용문면 두천리,721.6,2026-01-14
박0열우사,한우,경상북도 예천군 유천면 가리,640,2026-01-14
명0농장,한우,경상북도 예천군 감천면 현내리,810,2026-01-14
이0덕농장,한우,경상북도 예천군 호명읍 황지리,224,2026-01-14
우0농장,한우,경상북도 예천군 개포면 우감리,549,2026-01-14
금0농장,한우,경상북도 예천군 개포면 금리,704,2026-01-14
연0산농장,염소,경상북도 예천군 지보면 도장리,9.01,2026-01-14
창0농장,한우,경상북도 예천군 감천면 포리,810,2026-01-14
라0케이한우농업회사법인주식회사(안병진 위탁),한우,경상북도 예천군 예천읍 통명리,1500,2026-01-14
준0농장,염소,경상북도 예천군 호명읍 황지리,59.5,2026-01-14
박0서농장,한우,경상북도 예천군 감천면 미석리,2000,2026-01-14
남0우농장,한우,경상북도 예천군 은풍면 오류리,768,2026-01-14
베0팜,한우,경상북도 예천군 호명읍 내신리,193.79,2026-01-14
새0축산,한우,경상북도 예천군 풍양면 낙상리,512,2026-01-14
진0농장,한우,경상북도 예천군 감천면 장산리,800,2026-01-14
한0축사,한우,경상북도 예천군 풍양면 흔효리,896,2026-01-14
금02농장,한우,경상북도 예천군 호명읍 직산리,800,2026-01-14
이0창농장,한우,경상북도 예천군 유천면 고산리,648,2026-01-14
형0축사,한우,경상북도 예천군 용궁면 월오리,640,2026-01-14
갈0농장,한우,경상북도 예천군 감천면 덕율리,256,2026-01-14
김0열농장,한우,경상북도 예천군 감천면 현내리,700,2026-01-14
구0농장,한우,경상북도 예천군 감천면 유리,1000,2026-01-14
한0축산,한우,경상북도 예천군 풍양면 괴당리,2800,2026-01-14
이0농장,한우,경상북도 예천군 감천면 유리,1864,2026-01-14
김0규농장,한우,경상북도 예천군 호명읍 직산리,640,2026-01-14
풍0목장2,한우,경상북도 예천군 감천면 미석리,1000,2026-01-14
박0국농장,한우,경상북도 예천군 개포면 금리,2100,2026-01-14
웰0그 기훈농장,육우,경상북도 예천군 유천면 율현리,2800,2026-01-14
형02농장,한우,경상북도 예천군 풍양면 고산리,1600,2026-01-14
가0이농장,한우,경상북도 예천군 용궁면 대은리,200,2026-01-14
장0골팜스,한우,경상북도 예천군 호명읍 담암리,2600,2026-01-14
대02농장,한우,경상북도 예천군 풍양면 공덕리,850,2026-01-14
이0선2농장,한우,경상북도 예천군 용궁면 무지리,1150,2026-01-14
혁02,한우,경상북도 예천군 호명읍 내신리,1280,2026-01-14
풀0,한우,경상북도 예천군 풍양면 흔효리,2236,2026-01-14
보0농장,한우,경상북도 예천군 보문면 간방리,810,2026-01-14
정0자농장,한우,경상북도 예천군 감천면 돈산리,97.61,2026-01-14
송0농장,한우,경상북도 예천군 은풍면 우곡리,128,2026-01-14
재0농장,한우,경상북도 예천군 지보면 마산리,320,2026-01-14
석0농장,한우,경상북도 예천군 감천면 유리,1500,2026-01-14
재0농장,한우,경상북도 예천군 감천면 포리,704,2026-01-14
신0축산,한우,경상북도 예천군 풍양면 효갈리,2400,2026-01-14
오0,한우,경상북도 예천군 지보면 도장리,896,2026-01-14
신0축산(낙상2),육우,경상북도 예천군 풍양면 낙상리,1500,2026-01-14
동0농장,한우,경상북도 예천군 감천면 돈산리,648,2026-01-14
승0농장,한우,경상북도 예천군 감천면 돈산리,486,2026-01-14
보0농장,한우,경상북도 예천군 호명읍 내신리,1458,2026-01-14
시0농장,한우,경상북도 예천군 지보면 소화리,96,2026-01-14
한0농장,한우,경상북도 예천군 감천면 덕율리,96,2026-01-14
원0농장,한우,경상북도 예천군 지보면 도장리,49.4,2026-01-14
오0농장,한우,경상북도 예천군 지보면 지보리,495.5,2026-01-14
시0이농장,한우,경상북도 예천군 감천면 장산리,840,2026-01-14
황0농원,한우,경상북도 예천군 지보면 어신리,192,2026-01-14
소0농장,한우,경상북도 예천군 감천면 현내리,320,2026-01-14
나0미1농장,한우,경상북도 예천군 감천면 유리,1950,2026-01-14
나0미농장,한우,경상북도 예천군 감천면 유리,256,2026-01-14
안0만농장,한우,경상북도 예천군 풍양면 낙상리,1408,2026-01-14
명0농장,한우,경상북도 예천군 예천읍 백전리,320,2026-01-14
필0농장,한우,경상북도 예천군 유천면 고산리,1203.6,2026-01-14
병0농장,한우,경상북도 예천군 풍양면 낙상리,1826,2026-01-14
베0팜2,한우,경상북도 예천군 호명읍 내신리,1400,2026-01-14
대0농장,한우,경상북도 예천군 풍양면 청곡리,81.12,2026-01-14
김0환농장,한우,경상북도 예천군 감천면 포리,160,2026-01-14
준0농장,한우,경상북도 예천군 지보면 소화리,720,2026-01-14
서0농장,한우,경상북도 예천군 예천읍 통명리,1344,2026-01-14
우0농장,한우,경상북도 예천군 예천읍 통명리,1344,2026-01-14
효0농장,한우,경상북도 예천군 감천면 덕율리,36,2026-01-14
도0농장,한우,경상북도 예천군 유천면 고산리,850,2026-01-14
창0농장,육우,경상북도 예천군 풍양면 흥천리,2800,2026-01-14
서0농장,한우,경상북도 예천군 예천읍 고평리,1280,2026-01-14
죽0농장,한우,경상북도 예천군 예천읍 고평리,2150,2026-01-14
바0골,한우,경상북도 예천군 호명읍 황지리,1012.5,2026-01-14
술0농장2,한우,경상북도 예천군 호명읍 황지리,769.5,2026-01-14
도0농장,한우,경상북도 예천군 풍양면 청운리,640,2026-01-14
알0농장,한우,경상북도 예천군 감천면 미석리,1200,2026-01-14
소0농장,한우,경상북도 예천군 지보면 마전리,1200,2026-01-14
재0농장,한우,경상북도 예천군 호명읍 직산리,96,2026-01-14
재0축산,한우,경상북도 예천군 유천면 송전리,1000,2026-01-14
거0농장,한우,경상북도 예천군 예천읍 지내리,96,2026-01-14
수0농장,한우,경상북도 예천군 보문면 승본리,1100,2026-01-14
최0진 농장,염소,경상북도 예천군 효자면 사곡리,12.6,2026-01-14
호0농장,한우,경상북도 예천군 풍양면 우망리,48,2026-01-14
사0지민농장,한우,경상북도 예천군 호명읍 원곡리,640,2026-01-14
수0장,한우,경상북도 예천군 지보면 매창리,576,2026-01-14
이0농장,염소,경상북도 예천군 보문면 기곡리,131.1,2026-01-14
손0석 축사,한우,경상북도 예천군 풍양면 괴당리,350,2026-01-14
권0중 농장,염소,경상북도 예천군 예천읍 생천리,304,2026-01-14
초0염소농장,염소,경상북도 예천군 용문면 덕신리,1250,2026-01-14
칠0목업,염소,경상북도 예천군 풍양면 고산리,96,2026-01-14
예0약초염소농장,염소,경상북도 예천군 보문면 옥천리,184,2026-01-14
자0농장,한우,경상북도 예천군 지보면 수월리,160,2026-01-14
준0농장,한우,경상북도 예천군 풍양면 풍신리,1500,2026-01-14
경0농장,한우,경상북도 예천군 감천면 유리,1000,2026-01-14
확0농장,염소,경상북도 예천군 보문면 산성리,71.5,2026-01-14
최0진 농장,염소,경상북도 예천군 효자면 사곡리,211,2026-01-14
풍0농장,한우,경상북도 예천군 풍양면 괴당리,1400,2026-01-14
옥0농장,염소,경상북도 예천군 개포면 경진리,45,2026-01-14
혁0농장,한우,경상북도 예천군 예천읍 왕신리,1000,2026-01-14
들0길 농장,한우,경상북도 예천군 용궁면 월오리,2300,2026-01-14
한0농장,한우,경상북도 예천군 풍양면 오지리,3000,2026-01-14
소0유,한우,경상북도 예천군 개포면 동송리,1200,2026-01-14
재0농장,한우,경상북도 예천군 감천면 마촌리,1296,2026-01-14
이0농장,한우,경상북도 예천군 예천읍 청복리,595.2,2026-01-14
홍0흑염소,염소,경상북도 예천군 용문면 성현리,68.05,2026-01-14
최0일 축사,염소,경상북도 예천군 지보면 지보리,1650,2026-01-14
우0농장,염소,경상북도 예천군 호명읍 황지리,237.6,2026-01-14
대0연 축산3,한우,경상북도 예천군 감천면 미석리,1150,2026-01-14
제0농장,한우,경상북도 예천군 용궁면 무이리,1750,2026-01-14
농업회사법인 (주)에0그린 예천지점,메추리,경상북도 예천군 감천면 예영로,,2026-01-14
농업회사법인 주식회사 안0 예천지점,종계,경상북도 예천군 보문면 기곡리,4350,2026-01-14
농업회사법인 주식회사 안0 개포지점,종계,경상북도 예천군 개포면 가곡리,7586.3,2026-01-14
농업회사법인 주식회사 안0 지보지점,종계,경상북도 예천군 지보면 어신리,6818,2026-01-14
한0농장,종오리,경상북도 예천군 개포면 가곡리,4203.2,2026-01-14
성0종돈,종돈,경상북도 예천군 용궁면 무지리,4669.35,2026-01-14
우0월드 예천1농장,종돈,경상북도 예천군 감천면 현내리,2737.17,2026-01-14
우0월드 예천2농장,종돈,경상북도 예천군 감천면 현내리,2826.8,2026-01-14
미0농장,종오리,경상북도 예천군 보문면 미호리,2088,2026-01-14
