제조업체명,사료구분,생산사료명
(주)우성사료 경산공장,배합,"양축용 배합사료, 그 밖의 동물·어류용 배합사료"
(주)농협사료 경주배합사료공장,배합,양축용 배합사료
(주)팜스토리 서울사료 경산,배합,"양축용 배합사료, 그밖의 동물·어류용 배합사료"
주식회사 케이씨피드,배합,양축용 배합사료
강민산업(주),단미,"동물성/단백질류, 유지류"
주식회사 홍창엠앤티,단미,"동물성/단백질류, 무기물류, 유지류, 기타/유지류"
주식회사 렉셈,보조,"비단백태질소화합물, 규산염제"
(주) 농협사료 경북지사,배합,양축용 배합사료
주식회사 알파사료,배합,배합사료/섬유질
영산만산업(주),단미,남은음식물
클라리언트코리아 주식회사,보조,규산염제
다음사료 영농조합법인,배합,반추동물용 섬유질배합사료
우리숯농법영농조합,보조,"보존제/항응고제, 추출제/초목추출물"
(주) 하나사료,배합,반추동물용 섬유질배합사료
거여목초산업,보조,"보존제/항응고제, 추출제/초목추출물"
한국이엠산업(주),보조,미생물제(생균제)
대덕농산 주식회사,배합,반추동물용섬유질배합사료
(주)명광이엔에프,단미,남은음식물
주식회사 올품,단미,"동물성/단백질류, 유지류"
(주)크린랜드,보조,미생물제(생균제)/유익균
새천년미생물,보조,생균제
주식회사 경동물산,단미,동물성/단백질류
경북대구낙농협동조합,배합,반추동물용섬유질배합사료
맥섬석지엠(맥섬석GM)주식회사,보조,규산염제
뉴엘림락토,보조,생균제
(주)농업회사법인 명랑,배합,반추동물용섬유질 배합사료
아미코젠씨앤씨주식회사,보조,추출제(키토산)
구미시남은음식물사료화시설,단미,남은음식물
의성축산업협동조합,보조,향미제(마늘분말)
주식회사 앞선환경,단미,남은음식물
(주)대창그린,단미,남은음식물
주식회사 세아신소재,보조,기타규산염제
농업회사법인 합자회사 포발,배합,반추동물용섬유질배합사료
자옥산 맥반석,보조,보조사료/규산염제
농업회사법인 합자회사 포발,보조,미생물제(합제)
영농조합법인 안동민속티엠알,배합,반추동물용 섬유질 배합사료
(주)에스엔제이,보조,혼합제(올리고당+포도당)
웰빙은브레싱(주),단미,기타 식물성 박류
전진바이오팜(주),보조,"생균제, 아미노산제"
농업회사법인여물(주)상주TMR공장,배합,반추동물용 섬유질배합사료
(주)이창산업,단미,식물성/박류(단백질류)
우진에스에프(주),단미,"동물성-단백질류, 유지류"
(주)경동상사,단미,게분
세종사료,배합,
태승산업,단미,탄산칼슘
청도참다운한우영농조합법인,배합,반추동물용섬유질배합사료
우림사료,배합,반추동물용 섬유질배합사료
주식회사 동신에스앤에프,보조,생균제
봉화TMR사료,단미,식물성/섬유질류(섬유질가공·발효사료)
경주시종합자원화단지,단미,남은음식물
샤론통상,보조,생균제
영주축산연합영농조합법인,보조,생균제
김천양파포크영농조합법인,보조,생균제
주식회사 한국광물,보조,규산염제
주식회사 티앤엘,단미,식물성/섬유질류(가공·발효사료)
(주)케이알그린,보조,기타규산염제
주식회사 준화A&F,단미,우모분
(주)휴머스코리아,보조,기타규산염제
진성사료,단미,"제빵,제과,제면부산물"
경주시농업기술센터,보조,미생물제
명품 TMR 사료,배합,반추동물용섬유질배합사료
(주) 대승산업,단미,어즙흡착사료
한두교역,보조,규산염제(제오라이트)
(주) 진농산업,보조,"보조사료/규산염제, 혼합성 보조사료"
(주)대명오앤씨,단미,"동물성-단백질류, 유지류"
(주)그레니에 농업회사법인,배합,반추동물용 섬유질배합사료
영천생약영농조합법인,단미,섬유질사료
삼성바이오(주),보조,생균제
농업회사법인 대원바이오(주),배합,반추동물용섬유질 배합사료
예천생균제참우영농조합법인,보조,생균제
(주)보드레,보조,규산염제
경주TMF영농조합법인,배합,섬유질배합사료
(주)세아신소재,단미,다량광물질류(유황)
예천군농업기술센터,보조,"미생물제(유익균, 유익곰팡이, 유익효모, 합제)"
한국효모(주),단미,단세포단백질사료
영농조합법인 큰집한우,배합,반추동물섬유질배합사료
(주)세방에이에프,단미,식품가공부산물류(제과·제빵·제면부산물)
동해소재(주),보조,보조사료/규산염제
애닉스주식회사 농업회사법인,보조,"보조사료(규산염제, 비타민제, 혼합성보조사료, 보존제)"
동건산업,단미,인산염류 및 칼슘염류
B&K LAB,보조,보조사료(생균제)
애닉스주식회사 농업회사법인,보조,보조사료(미생물제)
의성군농업기술센터,보조,보조사료(생균제)
칠곡군농업기술센터,보조,보조사료/미생물제(생균제)
구미시농업기술센터,보조,생균제
비앤에이(주),보조,보조사료(기타규산염제)
영천시농업기술센터,보조,미생물제
토리네 수제간식,단미,애완견(간식용)
(주)오케이산업,단미,기타/남은음식물
(주)진성상사,단미,단미사료/제빵ㆍ제과ㆍ 제면부산물
(주)케이비친환경,단미,혼합성(혼합류)
울릉도 TMR사료공장,배합,배합사료/섬유질
애니서포트,보조,효소제
밀바이오 농업회사법인 주식회사,배합,반추동물용섬유질배합사료
농업회사법인 새얼바이오푸드(주),단미,식품가공부산물류(음료가공부산물)
한국킴스 중앙연구소,보조,생균제
문경축산농협 TMR사료사업소,배합,반추동물용섬유질배합사료
강아지맛집,단미,애완견 간식
영천축산농협 티엠에프(TMF) 사료사업소,배합,반추동물용섬유질배합사료
상주시농업기술센터,보조,미생물제(생균제)
안동봉화축협 생균제공장,보조,생균제
백광화학,보조,규산염제
천년한우TMF영농조합법인,보조,생균제
영덕군농업기술센터,보조,미생물제
(주)이앤바이오,보조,규산염제
도로시,단미,혼합성(애완견간식)
농업회사법인 대원바이오(주),단미,식물성/섬유질류-가공·발효사료
(주)성원,보조,미생물제
무을농협 발효사료(TMF),배합,반추동물용 섬유질배합사료
(주)풍국,배합,섬유질배합사료
금오산바이오영농조합법인,보조,보조사료/미생물제(생균제)
동우당제약(주),보조,추출제
SB-bio(에스비-바이오),보조,추출제
대구농산주식회사,단미,식물성(곡물부산물류)
(주)메나리,보조,규산염제
경산한우조사료사업단,단미,섬유질류(섬유질가공사료)
야이노마,단미,혼합제
(주)에스에이치바이오,보조,"혼합제, 아미노산제, 미생물제"
명성산업,보조,규산염제
야이노마,단미,동물성-단백질류
견을위해 자연을 담다,단미,혼합성
진성바이오,보조,생균제
신광식품,보조,미생물제/유익효모
경북친환경한돈영농조합법인,보조,미생물제(생균제)/유익균
고령군농업기술센터,보조,"보조사료/미생물제(생균제)-유익균, 유익효모"
주식회사 엘림에스앤와이,단미,식품가공부산물류
(주)케이와이환경,단미,기타-남은음식물
성주군농업기술센터,보조,미생물제(생균제)
(주)씨엔지,보조,혼합제
아쿠아플랜트디자인,배합,"배합사료/그밖의 동물·어류용-수산동물, 애완용동물"
씨지 컴퍼니,단미,"동물성/단백질류, 혼합성/혼합제"
주식회사 동산,보조,미생물제/합제
삼우화학,보조,규산염제
삼육네이처세븐,단미,식물성-식품가공부산물류
농업회사법인 자연환경기술,단미,혼합성-혼합제
제일양봉산업,배합,양축용배합사료
라이포,단미,혼합성-혼합제
(주)캣프렌즈,보조,보조사료-혼합제
(주)캣프렌즈,단미,단미사료/혼합성
농업회사법인 (주)한국팜,보조,"보조사료/규산염제, 미생물제"
멍미,단미,혼합성-혼합제
농업회사법인 농협티엠알 주식회사,배합,배합사료/섬유질
문경시농업기술센터,보조,미생물제
(주)엘림에스앤와이,보조,"추출제, 미생물제"
(주)영성바이오케미칼 포항제1공장지점,보조,규산염제
씨엠푸드,단미,단미/혼합성-혼합제
앙지스(ANGI'S),단미,단미사료/동물성-단백질류
(주)삼보나노소재,보조,보조사료/규산염제
헬시펫,단미,동물성단백질류
(주)미드미푸드,단미,"동물성-단백질류, 혼합성-혼합제"
청도군농업기술센터,보조,보조사료/미생물제
프롬벳,단미,단미사료/혼합성-혼합제
프롬벳,보조,보조사료/혼합제
동해화학공업(주),보조,보조사료/규산염제
동우당제약(주),단미,단미사료/혼합성-혼합제
개밥그릇,단미,혼합성 단미사료
(주)세운,배합,반추동물용 섬유질 배합사료
까까멍냥,단미,"단미사료/동물성-단백질류, 혼합성-혼합제"
(주)위즈바이오,보조,보조사료-혼합제
마리의냉장고,단미,"단미사료/동물성-단백질류, 혼합성-혼합제"
(주)씨엔지,보조,보조사료/미생물제
삼성축산,단미,단미사료/식물성-섬유질류
(주)풍원바이오,보조,보조사료-규산염제
(주)엘림에스앤와이,보조,보조사료-규산염제
(주)기술과창조,보조,보조사료-미생물제
현주팜,보조,"보조사료-규산염제, 혼합제"
(주)바이오피드,단미,단미사료/식물성-박류
동원엔에프,보조,보조사료/기타
상록농장,단미,남은음식물사료
(주)케이티앤에프,배합,그 밖의 동물·어류용 배합사료
(주)티피엘,단미,혼합성 단미사료
도꾸앤나비,단미,혼합성 단미사료
현주팜,단미,혼합성 단미사료
주식회사 현대그린텍,단미,남은음식물사료
주식회사 터틀바이오,단미,"혼합성 단미사료, 단세포단백질"
주식회사 휴먼바이오,보조,"산미제, 비타민제, 혼합제, 미생물제, 향미제, 올리고당"
삼해산업,단미,유도단백질
봉봉,단미,"육포, 혼합성단미사료"
청옥산분말,보조,세피올라이트
야미(YUMMY),단미,혼합성 단미사료
아토맘수제간식카페,단미,단미사료/동물성-단백질류
파피&덕(duck),단미,동물성 단백질류
진성산업,단미,식물성 박류
홍익테크,보조,보조사료/혼합제/혼합성보조사료
라이조프코리아,보조,키토산
주식회사 인리치바이오,단미,혈분
주식회사 슈퍼바이오,보조,미생물제
코리아히록스,보조,"미생물제(유익균,아미노산제제,비타민제합제), 혼합성 보조사료"
냠딱지개,단미,"단미사료(혼합성 혼합제, 동물성 단백질류)"
뚱독스 수제간식,단미,"동물성 단백질류, 식물성 채소류, 혼합성 혼합제"
멍슐리,단미,혼합성 단미사료
펫스미스,단미,혼합성 단미사료
펫스미스,배합,그 밖의 동물어류용 배합사료/애완용 동물
주식회사 서우,보조,혼합성 보조사료
군위군농업기술센터,보조,"보조사료/미생물제-유익균, 유익효모"
헬시펫,단미,혼합성 단미사료
(주)일성케미칼,보조,규산염제 합제
(주)글로벌시스템,단미,"동물성 단백질류, 혼합성 혼합제(애완동물용)"
멍짱,단미,
미코주식회사,단미,
(주)바론바이오,보조,"보조사료/아미노산제,비타민제,미생물제,향미제"
빛남매네 헬시푸드,단미,단미사료(혼합성 혼합제)
제일바이오펫,배합,"배합사료/그 밖의 동물,어류 등의 배합사료"
멍상궁,단미,단미사료(혼합성 혼합제)
도그리니,단미,혼합성 단미사료
(주)씨엔지,단미,혼합성 단미사료
프롬벳,배합,"배합사료/그 밖의 동물,어류 등의 배합사료-애완용동물"
왕짱,단미,혼합성 단미사료
코리아히록스,단미,단미사료(식물성-조류)
얌얌이푸드,단미,단미사료(동물성 단백질류)
펫밀리레스토랑,단미,"단미사료/혼합성 단미사료, 기타 동물성단백질류"
주식회사 휴먼바이오,단미,"혼합성혼합제, 혼합광물질류"
농업회사법인 성진팜 주식회사 칠곡지점,보조,보조사료/보존제 합제
(주)팜스코,배합,양축용 배합사료
동원엔에프,보조,"보조사료/미생물제, 기타"
오복누리,단미,혼합성 단미사료
오복누리,보조,혼합성 보조사료
진성바이오,보조,미생물제(생균제)
(주)티피엘,보조,혼합성 보조사료
(주)올품 상주사료공장,배합,양축용 배합사료
댕댕이푸드,단미,"혼합성 단미사료, 동물성 단백질류"
오슬로우,단미,혼합성 단미사료
농업회사법인 (주)시그널케어,단미,단미사료(혼합성 혼합제)
(주)에코아이엠,단미,혼합성 단미사료
(주)농업회사법인예승,배합,반추동물용섬유질배합사료
농업회사법인 (주)시그널케어,배합,배합사료/그밖의동물어류용 배합사료
멍상점,단미,혼합성 단미사료
(주)동우당제약,단미,단미사료/동물성-무기물류(패분)
오복누리,배합,배합사료/그밖의동물어류용 배합사료-애완용동물
시골어부협동조합,단미,혼합성 단미사료
(주)엠텍,보조,아미노산제
농업회사법인 파머스독,단미,"혼합성 단미사료, 동물성 단백질류"
(주)건영이앤씨,보조,미생물제 합제
(주)케이티앤에프,단미,동물성 단백질류
고르다 수제간식,단미,"동물성 단백질류, 혼합성 혼합제"
세컨드플로어,단미,"혼합성 단미사료, 동물성 단백질류"
(주)셀푸드인터내셔널,배합,그밖의동물어류용 배합사료-애완용동물
릴파머,단미,"혼합성 단미사료, 동물성 단백질류"
오마이러드,단미,"혼합성 단미사료, 동물성 단백질류"
(주)어바웃퍼피,단미,"단미사료/혼합성 단미사료, 기타 동물성단백질류"
쓰리데이즈,단미,"동물성 단백질류, 혼합성 혼합제"
쉬었다가개,단미,"혼합성 단미사료,동물성 단백질류"
까미네 아침밥상,단미,"혼합성 단미사료,동물성 단백질류"
대동테크,보조,"혼합제, 보존제, 미생물제, 비타민제"
소소아지,단미,"혼합성 단미사료,동물성 단백질류"
(주)인리치바이오,보조,아미노산제 합제
시원바이오텍,보조,규산염제
농업회사법인 파머스독,보조,키토산
주식회사 티에스케이제약,보조,"비타민제, 보존제, 추출제, 혼합제"
봉화연옥(주),보조,규산염제
(주)케이앤유 친환경농업연구센터,보조,"아미노산제, 미생물제"
농업회사법인 유한회사 아하,보조,"미생물제, 보존제"
개와집,단미,"기타 동물성단백질류, 혼합제(혼합성단미사료)"
댕댕농부,단미,"혼합제(혼합성단미사료), 기타 동물성단백질류"
농업회사법인 에코팜 주식회사,단미,단미사료/동물성-곤충류
진우바이오,보조,"보조사료/혼합제, 규산염제, 미생물제"
가가호호 오도독,단미,혼합성 단미사료
똑독독,단미,"단미사료/기타 동물성단백질류, 혼합성 단미사료"
띵.똥(DDing.DDong),단미,"단미사료/혼합제(혼합성 단미사료), 기타 동물성단백질류"
(주)펫풀,단미,"혼합제, 기타 동물성단백질류, 낙농가공부산물류"
(주)비비프렌드,단미,"기타 동물성단백질류, 곤충류"
멍냥플레이트,단미,"혼합성 단미사료, 기타 동물성단백질류"
왈왈상점,단미,"혼합제(혼합성단미사료), 기타 동물성단백질류"
도그몽 베이커리,단미,"혼합제(혼합성단미사료), 기타 동물성단백질류"
나니이모,단미,"혼합제(혼합성단미사료), 기타 동물성단백질류"
주식회사 피앤피드,보조,보조사료/미생물제
멍파티,단미,"혼합제(혼합성단미사료), 기타 동물성단백질류"
개옹 구미점,단미,혼합제(혼합성단미사료)
성주참외한우영농조합법인,배합,반추동물용 섬유질배합사료
개밥주는고양이,단미,"혼합제(혼합성단미사료), 기타 동물성단백질류"
금농산업사,보조,제올라이트
클레오브라인슈림프,단미,"동물성-플랑크톤류(브라인슈림프), 동물성-단백질류"
댕댕수라상,단미,"혼합제(혼합성단미사료), 기타 동물성단백질류"
영농조합법인 푸루른,단미,단미사료(동물성 단백질류)
대동테크 와촌공장,보조,"혼합제, 보존제, 미생물제, 비타민제"
아진 FnB,단미,"혼합제(혼합성단미사료), 기타 동물성단백질류"
한라식품,단미,동물성 단백질류(어분)
농업회사법인 제이헴프코리아 주식회사,단미,단미사료/식물성-유지류
읍부정미소,단미,단미사료/식물성-강피류
농업회사법인 주식회사 건양,단미,단미사료/식물성-강피류(미강)
두리영농조합법인,단미,단미사료/식물성-강피류(미강)
해평농업협동조합,단미,단미사료/식물성-강피류(미강)
선산농협미곡처리장,단미,단미사료/식물성-강피류(미강)
다사농협미곡종합처리장 분사,단미,단미사료/식물성-강피류(미강)
(주)한가위,단미,단미사료/식물성-강피류(미강)
안성정미소,단미,단미사료/식물성-강피류(미강)
농업회사법인 주식회사 안계미곡처리장,단미,단미사료/식물성-강피류(미강)
안계합동미곡종합처리장,단미,단미사료/식물성-강피류(미강)
남령정미소,단미,단미사료/식물성-강피류(미강)
삼안미곡종합처리장,단미,단미사료/식물성-강피류(미강)
읍부리정미소,단미,단미사료/식물성-강피류(미강)
오상정미소,단미,단미사료/식물성-강피류(미강)
서부정미소,단미,단미사료/식물성-강피류(미강)
현대정미소,단미,단미사료/식물성-강피류(미강)
산학정미소,단미,단미사료/식물성-강피류(미강)
맥섬석지엠(주),단미,동물성 단백질류(혈액가공품)
한울푸드,단미,식물성-서류
경주시농협쌀조합공동사업법인,단미,단미사료/식물성-강피류(미강)
신정정미소,단미,단미사료/식물성-강피류(미강)
동신영농(주),단미,단미사료/식물성-강피류(미강)
대한맥반석,보조,규산염제
예천군농협쌀조합공동사업법인,단미,단미사료/식물성-강피류(미강)
도그먼트,단미,"혼합제(혼합성단미사료), 기타 동물성단백질류"
의성군농협쌀조합공동사업법인,단미,단미사료/식물성-강피류(미강)
(주)유에이치에스,보조,보조사료 혼합제
몽냥이럽,단미,"혼합성 단미사료, 기타 동물성단백질류"
멍냥이네 구멍가게,단미,혼합성 단미사료
주식회사 순하라,단미,"혼합성 단미사료, 기타 동물성단백질류"
몽스어스,단미,"단미사료/기타 동물성단백질류, 혼합성 단미사료"
농협양곡(주) 안동라이스센터,단미,단미사료/식물성-강피류(미강)
안동농협 농산물유통센터,단미,단미사료/식물성-강피류(미강)
에이티 바이오,보조,보조사료/추출제-초목추출물
농업회사법인 (주)시그널케어,배합,배합사료/그밖의 동물·어류용 배합사료
멍이부뚜막,단미,"혼합성 단미사료, 기타 동물성단백질류"
주식회사 바이오텍,단미,"혼합광물질류, 칼슘염류, 다량광물질류"
주식회사 바이오텍,보조,규산염제
까까먹개,단미,"혼합성 단미사료, 기타 동물성단백질류"
조림이네,단미,"혼합제(혼합성단미사료), 기타 동물성단백질류"
멍잇츄,단미,"혼합제(혼합성단미사료), 기타 동물성단백질류"
해피왈츄,단미,"혼합제(혼합성단미사료), 기타 동물성단백질류"
플랜트 & 애니멀,보조,규산염제
브로콜리 펫푸드,단미,"혼합제(혼합성단미사료), 기타 동물성단백질류"
주식회사 멍서당,단미,"혼합제(혼합성단미사료), 기타 동물성단백질류"
멍하니,단미,"혼합제(혼합성단미사료), 기타 동물성단백질류"
케이비티(KBT),보조,아미노산제
퍼피엘르(PUPPIELLE),단미,혼합성 단미사료
위드어스 와이너리,단미,혼합성 단미사료
(주)에스앤에이치바이오텍,보조,"보조사료/혼합제, 향미제"
오복누리 군위공장,단미,혼합성 단미사료
오복누리 군위공장,보조,미생물제
오복누리 군위공장,배합,그밖의 동물어류용 배합사료-애완동물용
까까멍냐옹 수제간식,단미,"혼합제(혼합성 단미사료), 기타 동물성단백질류"
현대바이오,보조,"보조사료/미생물제, 비타민제"
상주양봉원,배합,배합사료/양축용 배합사료-꿀벌
상주중앙양봉원,배합,배합사료/양축용 배합사료-꿀벌
주식회사 쿠치올로,단미,"혼합성 단미사료, 기타 동물성단백질류"
오슬로우,배합,그 밖의 동물어류용 배합사료-애완용동물
킹스 메이커스,배합,배합사료/양축용배합사료-닭
기복이네,단미,"혼합제(혼합성 단미사료), 기타 동물성단백질류"
주식회사 아소,보조,아미노산제
마이리틀퍼피,단미,"단미사료/혼합성 단미사료, 기타 동물성단백질류"
와프와프,단미,"단미사료/혼합성 단미사료, 기타 동물성단백질류"
견생공방,단미,단미사료/혼합성단미사료
(주)유에이치에스,배합,배합사료/그밖의동물어류용 배합사료-애완용동물
(주)유에이치에스,단미,단미사료/혼합성단미사료
오뜨브라인슈림프,단미,단미사료/동물성-플랑크톤류
농업회사법인 (주)시그널케어,단미,"단미사료/혼합성-혼합제, 식물성-서류, 동물성-단백질류,곤충류"
오메가플러스,보조,"보조사료/규산염제, 혼합제"
칠곡양봉영농조합법인,배합,배합사료/양축용 배합사료-꿀벌
댕댕식당,단미,단미사료/혼합성단미사료
킹콩하우스 애견카페,단미,"단미사료/혼합성단미사료, 기타 동물성단백질류"
주인아 까까사줘,단미,"단미사료/혼합성 단미사료, 기타 동물성단백질류"
비바도기,단미,"단미사료/혼합성 단미사료, 기타 동물성단백질류"
멍 레스트 수제간식,단미,"단미사료/혼합성단미사료, 기타 동물성단백질류"
사람과 자연,단미,"단미사료/식물성-식품가공부산물류, 기타-남은음식물"
솜바지 다과점,단미,"단미사료/혼합성단미사료, 기타 동물성단백질류"
(주)청아바이오,보조,"보조사료/미생물제, 혼합성보조사료"
멍냥플레이트 경북도청점,단미,"단미사료/혼합성단미사료, 기타 동물성단백질류"
오위드,단미,"단미사료/혼합성단미사료, 기타 동물성단백질류"
올리데이,단미,"단미사료/혼합성 단미사료, 기타 동물성단백질류"
봉글봉글,단미,"단미사료/혼합성 단미사료, 기타 동물성단백질류"
한국와송산업,보조,보조사료/추출제
썬앤문바이오(주),보조,보조사료/미생물제
주식회사 우금,단미,"단미사료/식물성-박류, 혼합성단미사료"
송소담,단미,"단미사료/혼합성단미사료, 기타 동물성단백질류"
댕식당,단미,단미사료/혼합성단미사료
댕프레시,단미,"단미사료/혼합성단미사료, 기타 동물성단백질류"
우쭈쭈수제간식,단미,"단미사료/혼합성 단미사료, 기타 동물성단백질류"
농업회사법인 대원바이오(주),배합,배합사료/섬유질
그린독,단미,"단미사료/혼합성단미사료, 기타 동물성단백질류"
농업회사법인(주)류충현약용버섯,배합,배합사료/그밖의 동물·어류용
댕댕츄릅,단미,"단미사료/혼합성단미사료, 기타 동물성단백질류"
댕댕점빵,단미,"단미사료/혼합성단미사료, 기타 동물성단백질류"
한솔환경,보조,보조사료/규산염제
냠냠구하노,단미,"단미사료/혼합성 단미사료, 기타 동물성단백질류"
디저트댕,단미,"단미사료/혼합성단미사료, 기타 동물성단백질류"
패밀리 아쿠아,단미,단미사료/동물성-플랑크톤류
하이비오,단미,"단미사료/혼합성단미사료, 기타 동물성단백질류"
(주)홀썸바이오,단미,단미사료/혼합성단미사료
(주)홀썸바이오,보조,보조사료/혼합성 보조사료
(주)홀썸바이오,배합,배합사료/그밖의동물어류용-애완용동물
몽레브,단미,"단미사료/혼합성 단미사료, 기타 동물성단백질류"
까까주까,단미,"단미사료/혼합성 단미사료, 기타 동물성단백질류"
(유)축산냄새연구소,보조,"보조사료/ 미생물제, 올리고당"
주식회사 에이엠엘바이오,단미,단미사료/광물성-혼합광물질
한나상점,단미,"단미사료/혼합성 단미사료, 기타 동물성단백질류"
농업회사법인 주식회사 더팜스,단미,단미사료/식물성-식품가공부산물류
더 반,단미,"단미사료/혼합성 단미사료, 기타 동물성단백질류"
펫츠까까,단미,"단미사료/혼합성단미사료, 기타 동물성단백질류"
오해피댕,단미,"단미사료/혼합성단미사료, 기타 동물성단백질류"
안동봉화축협 벌꿀저온농축장,배합,배합사료/양축용-꿀벌
다그닥컴퍼니,단미,단미사료/혼합성단미사료
뚜드림 안동점,단미,"단미사료/혼합성 단미사료, 기타 동물성단백질류"
멍푸치노,단미,"단미사료/혼합성 단미사료, 기타 동물성단백질류"
마! 주인,단미,"단미사료/혼합성 단미사료, 기타 동물성단백질류"
웨이브독,단미,"단미사료/혼합성 단미사료, 기타 동물성단백질류"
와썹멍,단미,"단미사료/혼합성 단미사료, 기타 동물성단백질류"
(주)사조대림 영천공장,단미,단미사료/식물성-박류
프라독 쿡,단미,"단미사료/혼합성 단미사료, 기타 동물성단백질류"
멍더랜드,단미,"단미사료/혼합성 단미사료, 기타 동물성단백질류"
(주)비스,단미,"단미사료/혼합성단미사료, 혼합광물질류"
(주)비스,보조,"보존제,아미노산제,비타민제,효소제,미생물제,향미제,혼합제"
주식회사 에이치엔에프,단미,단미사료/동물성단백질류
주식회사 에이치엔에프,배합,배합사료/그밖의동물어류용-애완용동물
애니콩 주식회사 농업회사법인,단미,"단미사료/혼합성 단미사료, 기타 동물성단백질류"
농업회사법인 제이에이치바이오팜,단미,단미사료/혼합성단미사료
경주축산농협 TMR 사료공장,보조,"보조사료/혼합제, 미생물제"
경주축산농협 TMR 사료공장,배합,배합사료/섬유질
그린스웰 주식회사,보조,"보조사료/혼합제, 보존제, 미생물제"
꿀벌박사,배합,배합사료/양축용/꿀벌
한울푸드,단미,단미사료/혼합성 단미사료
멍멍하누,단미,"단미사료/혼합성 단미사료, 기타 동물성단백질류"
(주)엔바이오텍,단미,단미사료/단세포단백질
베프컴퍼니,단미,혼합성 단미사료
(주)에이트리에프앤비,배합,배합사료/그밖의동물어류용-애완용동물
댕댕벅스,단미,"단미사료/혼합성 단미사료, 기타 동물성단백질류"
현대바이오,보조,"보조사료/미생물제, 비타민제"
에코사료,단미,"식물성-박류, 식품가공부산물류, 섬유질사료"
오미원,단미,혼합성 단미사료
한울푸드,배합,배합사료/그밖의동물어류용
(주)위드벅스,단미,단미사료/동물성-곤충류
해버바잍,단미,단미사료/혼합성-혼합제
댕글로리,단미,"단미사료/혼합성 단미사료, 기타 동물성단백질류"
주식회사 민들레,단미,단미사료/광물성-인산염류 및 칼슘염류
안녕하새우,단미,단미사료/혼합성-혼합제
(주)동신,보조,보조사료/규산염제
금봉양돈,단미,"단미사료/식물성-곡류, 강피류"
버드시아,단미,"단미사료/동물성단백질류, 혼합성단미사료"
채릇채릇,배합,"배합사료/그 밖의 동물,어류용 배합사료"
농업회사법인 제이에이치바이오팜,배합,"배합사료/그 밖의 동물,어류용 배합사료"
농업회사법인 (주)시그널케어,배합,배합사료/그밖의동물어류용
더 마이무,단미,단미사료/혼합성 단미사료
맥섬석지엠(주),단미,단미사료/광물성-혼합광물질
해피 인 코리아,단미,"단미사료/동물성-낙농가공부산물류, 혼합성단미사료"
주식회사 미가푸드,단미,단미사료/혼합성단미사료
댕먹,단미,단미사료/혼합성 단미사료
주식회사 미미펫,배합,배합사료/그밖의동물어류용
해인수산,배합,배합사료/그밖의동물어류용
해인수산,단미,"기타 동물성단백질류, 혼합제, 식물성-콩류, 과실류, 채소류 등"
농업회사법인 (주)지오,단미,"단미사료/기타 동물성단백질류, 혼합성 단미사료"
멍멍이와 숲속에서,단미,"단미사료/동물성단백질류, 혼합성단미사료"
아우젠코리아 티케이,보조,보조사료/혼합제
주식회사 티웰 농업회사법인,배합,"배합사료/그 밖의 동물,어류용"
주식회사 티웰 농업회사법인,단미,"단미사료/혼합성 단미사료, 기타 동물성단백질류"
스윗댕(sweet daeng),단미,단미사료/혼합성 단미사료
주식회사 파브르푸드 농업회사법인,단미,"단미사료/동물성-곤충류, 혼합성 단미사료"
씨앤비(주),보조,보조사료/규산염제
주식회사 파브르푸드 농업회사법인,배합,"배합사료/양축용, 그 밖의 동물·어류용"
중독된냥,단미,"단미사료/혼합성 단미사료, 기타 동물성단백질류"
멍꾸기상점,단미,단미사료/혼합성-혼합제
주식회사 지키미,보조,보조사료/혼합제
애니베어,배합,"배합사료/그 밖의 동물, 어류용"
댕심당,단미,단미사료/혼합성 단미사료
견생멍컷,단미,단미사료/혼합성 단미사료
주식회사 스카이젠,배합,"배합사료/그 밖의 동물, 어류용 배합사료"
(주)네오켄바이오,배합,"배합사료/그 밖의 동물, 어류용"
환희네 꿀벌농원,배합,배합사료/양축용-꿀벌
대일알앤에프,단미,단미사료/동물성단백질류-어분
오야츠(OYATSU),단미,"단미사료/혼합성 단미사료, 기타 동물성단백질류"
주식회사 메디풀,단미,단미사료/광물성-미량광물질류
댕쉐프,단미,단미사료/혼합성 단미사료
피포하우스,단미,단미사료/혼합성-혼합제
애니베어,단미,단미사료/동물성-곤충류
애니베어,보조,"보조사료/비타민제, 혼합제"
애니콩 주식회사 농업회사법인,단미,"단미사료/혼합성 단미사료, 기타 동물성단백질류"
에이치지,단미,"단미사료/기타 동물성단백질류, 혼합성 단미사료"
체리쉬,단미,단미사료/식물성-식품가공부산물류
펫푸드포레,단미,단미사료/혼합성 단미사료
젤리점빵,단미,혼합성 단미사료
보리네 키친,단미,단미시료/혼합성 단미사료
(주)시그널케어 발효센터,배합,배합사료/양축용배합사료
산도리(Sandori),단미,혼합성 단미사료
소소보리,단미,혼합성 단미사료
(주)리뉴엘바이오,배합,그 밖의 동물·어류용 배합사료 / 애완동물용
(주)시그널케어 발효센터,단미,단미사료 / 혼합성-혼합제
(주)위즈바이오,배합,양축용 배합사료 / 그 밖의 동물·어류용 배합사료
로프티팩토리(주),배합,배합사료 / 그 밖의 동물·어류용 배합사료-애완용동물
