사업장명칭,사업장소재지(지번),주사육업종,사육두수,데이터기준일자
성재축산,전라남도 영암군 서호면 성재리 ,돼지,1000,2025-05-01
성일축산영농조합법인,전라남도 영암군 미암면 채지리 ,돼지,1600,2025-05-01
다울농장,전라남도 영암군 미암면 선황리 ,돼지,1079,2025-05-01
전일농장,전라남도 영암군 미암면 춘동리 ,돼지,1500,2025-05-01
창업축산,전라남도 영암군 미암면 신포리 ,돼지,4000,2025-05-01
이유농장,전라남도 영암군 학산면 묵동리 ,돼지,1900,2025-05-01
희망돈 농장,전라남도 영암군 군서면 마산리 ,돼지,1000,2025-05-01
칠봉농장,전라남도 영암군 덕진면 덕진리 ,돼지,2000,2025-05-01
에스엘축산영농조합법인,전라남도 영암군 미암면 춘동리 ,돼지,2200,2025-05-01
영호양돈축산영농조합법인,전라남도 영암군 도포면 영호리 ,돼지,1500,2025-05-01
김광동농장3,전라남도 영암군 도포면 영호리 ,돼지,500,2025-05-01
해누리팜,전라남도 영암군 도포면 영호리 ,돼지,2223,2025-05-01
정일농장,전라남도 영암군 학산면 묵동리 ,돼지,1500,2025-05-01
밤재농장,전라남도 영암군 학산면 묵동리 ,돼지,3000,2025-05-01
코리아축산,전라남도 영암군 도포면 수산리 ,돼지,1000,2025-05-01
동성농장,전라남도 영암군 금정면 청용리 ,돼지,150,2025-05-01
유진농장,전라남도 영암군 도포면 영호리 ,돼지,4,2025-05-01
봉학농장,전라남도 영암군 도포면 영호리 ,돼지,250,2025-05-01
구시월드 대양축산,전라남도 영암군 신북면 장산리 ,돼지,3800,2025-05-01
구시월드 구시GGP,전라남도 영암군 도포면 수산리 ,돼지,9000,2025-05-01
오선농장,전라남도 영암군 도포면 영호리 ,돼지,300,2025-05-01
송광농장,전라남도 영암군 도포면 성산리 ,돼지,1800,2025-05-01
우리손 영암농장,전라남도 영암군 도포면 영호리 ,돼지,5500,2025-05-01
농업회사법인 새유리,전라남도 영암군 도포면 수산리 ,돼지,7000,2025-05-01
우성축산,전라남도 영암군 서호면 금강리 ,돼지,19000,2025-05-01
서현농장,전라남도 영암군 학산면 묵동리 ,돼지,2108,2025-05-01
농업회사법인 팜돈(주),전라남도 영암군 시종면 와우리 ,돼지,10000,2025-05-01
낭주농장,전라남도 영암군 도포면 원항리 ,돼지,5,2025-05-01
늘행복한농장,전라남도 영암군 신북면 갈곡리 ,돼지,700,2025-05-01
진영축산,전라남도 영암군 덕진면 금강리 ,돼지,530,2025-05-01
농업회사법인 주식회사 올바른,전라남도 영암군 학산면 묵동리 ,돼지,12000,2025-05-01
김광동농장1,전라남도 영암군 도포면 영호리 ,돼지,500,2025-05-01
김광동농장2,전라남도 영암군 도포면 영호리 ,돼지,700,2025-05-01
미암메추리농장,전라남도 영암군 미암면 채지리 ,메추리,150000,2025-05-01
천수사슴목장,전라남도 영암군 덕진면 노송리 ,사슴,90,2025-05-01
태양농장,전라남도 영암군 삼호읍 동호리,산란계,64904,2025-05-01
참살이농장,전라남도 영암군 서호면 태백리,산란계,92000,2025-05-01
주안농장,전라남도 영암군 미암면 신한리,산란계,31320,2025-05-01
옥주농장,전라남도 영암군 삼호읍 난전리,산란계,36000,2025-05-01
또르래농장,전라남도 영암군 도포면 덕화리,산란계,25400,2025-05-01
다미농장,전라남도 영암군 시종면 신학리,산란계,26000,2025-05-01
농업회사법인 조인팜스㈜,전라남도 영암군 신북면 행정리,산란계,125400,2025-05-01
석산농장,전라남도 영암군 금정면 월평리 ,산양,200,2025-05-01
활성산흑염소목장,전라남도 영암군 금정면 연소리 ,산양,300,2025-05-01
동호농장,전라남도 영암군 시종면 내동리 ,산양,52,2025-05-01
기찬흑염소,전라남도 영암군 군서면 마산리 ,산양,130,2025-05-01
상월농장,전라남도 영암군 학산면 상월리 ,산양,8,2025-05-01
온누리흑염소농장,전라남도 영암군 신북면 월평리 ,산양,50,2025-05-01
흑염소농장 밤재,전라남도 영암군 학산면 묵동리 ,산양,22,2025-05-01
유산장농원,전라남도 영암군 미암면 채지리 ,오리,12000,2025-05-01
해종축산,전라남도 영암군 도포면 원항리 ,오리,15000,2025-05-01
범천농장,전라남도 영암군 도포면 영호리 ,오리,27000,2025-05-01
삼성농장,전라남도 영암군 군서면 도장리 ,오리,14000,2025-05-01
원앙골농장,전라남도 영암군 신북면 학동리 ,오리,28900,2025-05-01
허니농장,전라남도 영암군 신북면 월평리 ,오리,15500,2025-05-01
태평농장,전라남도 영암군 신북면 모산리 ,오리,18000,2025-05-01
낭주오리농장,전라남도 영암군 도포면 원항리 ,오리,15000,2025-05-01
희규축산,전라남도 영암군 군서면 도장리 ,오리,8000,2025-05-01
우리농장,전라남도 영암군 영암읍 송평리 ,오리,13500,2025-05-01
원광2농장,전라남도 영암군 신북면 월지리 ,오리,26130,2025-05-01
그린축산,전라남도 영암군 시종면 월롱리 ,오리,30000,2025-05-01
성진농장,전라남도 영암군 시종면 봉소리 ,오리,30000,2025-05-01
가나안 농장,전라남도 영암군 시종면 월롱리 ,오리,16000,2025-05-01
나영농장,전라남도 영암군 시종면 신흥리 ,오리,16807,2025-05-01
철진축산,전라남도 영암군 덕진면 금강리 ,오리,15000,2025-05-01
농업회사법인 주식회사 팜스,전라남도 영암군 덕진면 금강리 ,오리,6000,2025-05-01
일광농장,전라남도 영암군 신북면 월지리 ,오리,11000,2025-05-01
정미농장,전라남도 영암군 덕진면 노송리 ,오리,8100,2025-05-01
우송농장,전라남도 영암군 시종면 월롱리 ,오리,18000,2025-05-01
용현농장,전라남도 영암군 시종면 와우리 ,오리,18000,2025-05-01
겨레농장,전라남도 영암군 군서면 도장리 ,오리,25000,2025-05-01
새로나농장,전라남도 영암군 신북면 갈곡리 ,오리,40000,2025-05-01
희망농장,전라남도 영암군 도포면 원항리 ,오리,15000,2025-05-01
태광농장,전라남도 영암군 군서면 도장리 ,오리,20000,2025-05-01
코스모스농원,전라남도 영암군 학산면 묵동리 ,오리,10000,2025-05-01
우도농장,전라남도 영암군 덕진면 용산리 ,오리,35000,2025-05-01
오현농장,전라남도 영암군 신북면 월지리 ,오리,45000,2025-05-01
향월농장,전라남도 영암군 덕진면 장선리 ,오리,60000,2025-05-01
해랑농장,전라남도 영암군 신북면 모산리 ,오리,12000,2025-05-01
애경농장,전라남도 영암군 신북면 장산리 ,오리,18000,2025-05-01
건숙농장,전라남도 영암군 금정면 안노리 ,오리,17000,2025-05-01
알파덕,전라남도 영암군 신북면 양계리 ,오리,21000,2025-05-01
하은농장,전라남도 영암군 도포면 구학리 ,오리,25000,2025-05-01
진웅농장,전라남도 영암군 시종면 봉소리 ,오리,45565,2025-05-01
우주농장,전라남도 영암군 도포면 성산리 ,오리,30000,2025-05-01
태평농장,전라남도 영암군 시종면 신연리 ,오리,20000,2025-05-01
신흥농장,전라남도 영암군 시종면 신흥리 ,오리,15000,2025-05-01
희망축사,전라남도 영암군 시종면 신연리 ,오리,20000,2025-05-01
일광농장,전라남도 영암군 시종면 신연리 ,오리,35000,2025-05-01
하우리농장,전라남도 영암군 신북면 월지리 ,오리,38000,2025-05-01
성진농장,전라남도 영암군 신북면 행정리 ,오리,16000,2025-05-01
원광1농장,전라남도 영암군 신북면 월지리 ,오리,15000,2025-05-01
사랑농장,전라남도 영암군 도포면 구학리 ,오리,13900,2025-05-01
형암농장,전라남도 영암군 시종면 봉소리 ,오리,8000,2025-05-01
성현축산,전라남도 영암군 시종면 옥야리 ,오리,48000,2025-05-01
에덴농장,전라남도 영암군 시종면 신학리 ,오리,12000,2025-05-01
신연농장,전라남도 영암군 시종면 신연리 ,오리,10000,2025-05-01
선미농장,전라남도 영암군 덕진면 노송리 ,오리,13000,2025-05-01
오리천국,전라남도 영암군 시종면 신학리 ,오리,50000,2025-05-01
홍이농장,전라남도 영암군 신북면 월지리 ,오리,10000,2025-05-01
목림농장,전라남도 영암군 신북면 학동리 ,오리,17000,2025-05-01
월지농장,전라남도 영암군 신북면 월지리 ,오리,8500,2025-05-01
하정팜(farm),전라남도 영암군 시종면 신학리 ,오리,20000,2025-05-01
경균농장,전라남도 영암군 도포면 영호리 ,오리,25000,2025-05-01
성윤농장,전라남도 영암군 시종면 봉소리 ,오리,68900,2025-05-01
성환농장,전라남도 영암군 덕진면 노송리 ,오리,8000,2025-05-01
목원농장,전라남도 영암군 시종면 신학리 ,오리,18900,2025-05-01
선일농장,전라남도 영암군 덕진면 노송리 ,오리,14200,2025-05-01
영민농장,전라남도 영암군 영암읍 송평리 ,오리,8000,2025-05-01
연진농장,전라남도 영암군 신북면 학동리 ,오리,22000,2025-05-01
승준농장,전라남도 영암군 서호면 금강리 ,오리,14000,2025-05-01
하우리덕,전라남도 영암군 신북면 월지리 ,오리,30000,2025-05-01
주현농장,전라남도 영암군 덕진면 용산리 ,오리,15000,2025-05-01
학동농장,전라남도 영암군 신북면 학동리 ,오리,19300,2025-05-01
나주뜰오리,전라남도 영암군 신북면 월지리 ,오리,26000,2025-05-01
승승농장,전라남도 영암군 시종면 신학리 ,오리,9400,2025-05-01
영진농장,전라남도 영암군 신북면 월지리 ,오리,18000,2025-05-01
농업회사 법인 주식회사 은강,전라남도 영암군 군서면 양장리 ,오리,35000,2025-05-01
유피월롱농장,전라남도 영암군 시종면 월롱리 ,오리,23000,2025-05-01
상록농장,전라남도 영암군 도포면 성산리 ,오리,34000,2025-05-01
현수농장,전라남도 영암군 덕진면 노송리 ,오리,12000,2025-05-01
장수농장,전라남도 영암군 도포면 구학리 ,오리,34000,2025-05-01
덕진농장,전라남도 영암군 덕진면 장선리 ,오리,16000,2025-05-01
동산농장,전라남도 영암군 영암읍 망호리 ,오리,8000,2025-05-01
우리영농조합법인 농장,전라남도 영암군 시종면 신학리 ,오리,10000,2025-05-01
닭실털보농장,전라남도 영암군 신북면 유곡리 ,육계,55000,2025-05-01
장천양계장,전라남도 영암군 서호면 장천리 ,육계,70000,2025-05-01
민성양계장,전라남도 영암군 학산면 금계리 ,육계,55000,2025-05-01
진양계장,전라남도 영암군 군서면 양장리 ,육계,60000,2025-05-01
화산농장,전라남도 영암군 삼호읍 서창리 ,육계,41000,2025-05-01
지영농장,전라남도 영암군 시종면 신학리 ,육계,100000,2025-05-01
애니피아,전라남도 영암군 금정면 세류리 ,육계,45000,2025-05-01
부희축산,전라남도 영암군 학산면 묵동리 ,육계,90000,2025-05-01
이레농장,전라남도 영암군 시종면 와우리 ,육계,65000,2025-05-01
일움농장,전라남도 영암군 시종면 금지리 ,육계,67000,2025-05-01
남송농장,전라남도 영암군 금정면 남송리 ,육계,50000,2025-05-01
기를품은,전라남도 영암군 학산면 용산리 ,육계,120000,2025-05-01
박치완농장,전라남도 영암군 서호면 성재리 ,육계,50000,2025-05-01
귀봉농장,전라남도 영암군 서호면 성재리 ,육계,80000,2025-05-01
순광농장,전라남도 영암군 서호면 쌍풍리 ,육계,55020,2025-05-01
장구섬농장,전라남도 영암군 시종면 신학리 ,육계,140000,2025-05-01
김요한농장,전라남도 영암군 시종면 옥야리 ,육계,60000,2025-05-01
길록양계,전라남도 영암군 서호면 태백리 ,육계,57700,2025-05-01
성용농장,전라남도 영암군 서호면 소산리 ,육계,60020,2025-05-01
미담이네 농장1,전라남도 영암군 서호면 몽해리 ,육계,50000,2025-05-01
금강농장,전라남도 영암군 덕진면 금강리 ,육계,15000,2025-05-01
미담이네농장,전라남도 영암군 덕진면 장선리 ,육계,1650,2025-05-01
달농장,전라남도 영암군 도포면 원항리 ,육계,45000,2025-05-01
순화농장,전라남도 영암군 시종면 신학리 ,육계,70000,2025-05-01
달농장,전라남도 영암군 도포면 원항리 ,육계,85000,2025-05-01
코코농장 2,전라남도 영암군 시종면 신학리 ,육계,33000,2025-05-01
태흥농장,전라남도 영암군 신북면 월지리 ,육계,60000,2025-05-01
행복농장,전라남도 영암군 시종면 와우리 ,육계,25000,2025-05-01
우리농장,전라남도 영암군 도포면 구학리 ,육계,80000,2025-05-01
해맑은농장,전라남도 영암군 도포면 봉호리 ,육계,176224,2025-05-01
벧엘농장,전라남도 영암군 신북면 학동리 ,육계,90000,2025-05-01
낭주농장,전라남도 영암군 영암읍 송평리 ,육계,58000,2025-05-01
태성농장,전라남도 영암군 삼호읍 산호리 ,육계,500,2025-05-01
기포농장,전라남도 영암군 학산면 묵동리 ,육계,400,2025-05-01
벧엘농장,전라남도 영암군 시종면 월롱리 ,육계,150000,2025-05-01
평안농장,전라남도 영암군 삼호읍 삼포리 ,육계,150,2025-05-01
그린농장,전라남도 영암군 덕진면 노송리 ,육계,120000,2025-05-01
민우농장,전라남도 영암군 신북면 갈곡리 ,육계,70000,2025-05-01
형제농장,전라남도 영암군 도포면 구학리 ,육계,110000,2025-05-01
영신농장,전라남도 영암군 덕진면 노송리 ,육계,85000,2025-05-01
태산농장,전라남도 영암군 시종면 봉소리 ,육계,80000,2025-05-01
영신농장2,전라남도 영암군 덕진면 노송리 ,육계,70000,2025-05-01
민중농장,전라남도 영암군 시종면 봉소리 ,육계,27000,2025-05-01
햇살농장 태양광,전라남도 영암군 시종면 금지리 ,육계,100000,2025-05-01
수지농장,전라남도 영암군 시종면 만수리 ,육계,62000,2025-05-01
성실농장,전라남도 영암군 도포면 구학리 ,육계,160000,2025-05-01
든든농장,전라남도 영암군 덕진면 노송리 ,육계,76000,2025-05-01
태석농장,전라남도 영암군 영암읍 송평리 ,육계,70000,2025-05-01
코코농장 1,전라남도 영암군 시종면 신학리 ,육계,30000,2025-05-01
학산농장,전라남도 영암군 학산면 용산리 ,육계,60000,2025-05-01
형제농장,전라남도 영암군 시종면 신학리 ,육계,200000,2025-05-01
애니피아,전라남도 영암군 금정면 세류리 ,육계,95000,2025-05-01
삼성농장,전라남도 영암군 군서면 도장리 ,육계,14036,2025-05-01
유피갈곡농장,전라남도 영암군 신북면 갈곡리 ,육계,48000,2025-05-01
초계축산,전라남도 영암군 시종면 만수리 ,육계,60000,2025-05-01
화산농장,전라남도 영암군 삼호읍 서창리 ,육계,98000,2025-05-01
백호축산,전라남도 영암군 시종면 신학리 ,육계,30000,2025-05-01
주안농장,전라남도 영암군 시종면 신학리 ,육계,68000,2025-05-01
미암농장,전라남도 영암군 미암면 신포리 ,육계,10000,2025-05-01
월출농장,전라남도 영암군 시종면 신학리 ,육계,20000,2025-05-01
매일농장,전라남도 영암군 군서면 도장리 ,육계,185000,2025-05-01
신원농장,전라남도 영암군 덕진면 노송리 ,육계,150000,2025-05-01
승호농장,전라남도 영암군 시종면 옥야리 ,육계,100000,2025-05-01
성민농장,전라남도 영암군 신북면 학동리 ,육계,80000,2025-05-01
지명농장,전라남도 영암군 시종면 신학리 ,육계,69000,2025-05-01
금산농장,전라남도 영암군 시종면 신학리 ,육계,55000,2025-05-01
뿌리농장,전라남도 영암군 시종면 옥야리 ,육계,106000,2025-05-01
삼한농장,전라남도 영암군 신북면 월평리 ,육계,34000,2025-05-01
지훈농장,전라남도 영암군 시종면 신학리 ,육계,120000,2025-05-01
성산목장,전라남도 영암군 학산면 묵동리 ,젖소,150,2025-05-01
묵동목장,전라남도 영암군 학산면 묵동리 ,젖소,200,2025-05-01
한림목장,전라남도 영암군 시종면 만수리 ,젖소,112,2025-05-01
신원목장,전라남도 영암군 미암면 선황리 ,젖소,60,2025-05-01
일출목장,전라남도 영암군 도포면 구학리 ,젖소,80,2025-05-01
은혜목장,전라남도 영암군 미암면 두억리 ,젖소,120,2025-05-01
미인목장,전라남도 영암군 미암면 미암리 ,젖소,180,2025-05-01
대행목장,전라남도 영암군 미암면 두억리 ,젖소,120,2025-05-01
청해목장,전라남도 영암군 미암면 두억리 ,젖소,126,2025-05-01
제일목장,전라남도 영암군 미암면 춘동리 ,젖소,187,2025-05-01
효산목장,전라남도 영암군 학산면 묵동리 ,젖소,81,2025-05-01
월출목장,전라남도 영암군 미암면 두억리 ,젖소,110,2025-05-01
보림농장,전라남도 영암군 신북면 이천리 ,젖소,90,2025-05-01
천유목장,전라남도 영암군 신북면 양계리 ,젖소,70,2025-05-01
산장목장,전라남도 영암군 학산면 용산리 ,젖소,40,2025-05-01
지원목장,전라남도 영암군 서호면 몽해리 ,젖소,60,2025-05-01
성은목장,전라남도 영암군 학산면 묵동리 ,젖소,115,2025-05-01
한샘목장,전라남도 영암군 학산면 용산리 ,젖소,98,2025-05-01
만옥농장,전라남도 영암군 신북면 금수리 ,젖소,78,2025-05-01
은영목장,전라남도 영암군 신북면 금수리 ,젖소,60,2025-05-01
안산목장,전라남도 영암군 신북면 금수리 ,젖소,93,2025-05-01
세나목장,전라남도 영암군 신북면 금수리 ,젖소,130,2025-05-01
혜진목장,전라남도 영암군 신북면 갈곡리 ,젖소,30,2025-05-01
안성목장,전라남도 영암군 덕진면 장선리 ,젖소,120,2025-05-01
금호목장,전라남도 영암군 신북면 유곡리 ,젖소,70,2025-05-01
이천목장,전라남도 영암군 신북면 이천리 ,젖소,110,2025-05-01
봉소목장,전라남도 영암군 시종면 봉소리 ,젖소,80,2025-05-01
영생목장,전라남도 영암군 신북면 양계리 ,젖소,65,2025-05-01
화정목장,전라남도 영암군 신북면 금수리 ,젖소,100,2025-05-01
명성목장,전라남도 영암군 서호면 쌍풍리 ,젖소,72,2025-05-01
신일목장,전라남도 영암군 시종면 만수리 ,젖소,70,2025-05-01
영진농장,전라남도 영암군 학산면 용산리 ,젖소,80,2025-05-01
학산유천낙농영농조합법인,전라남도 영암군 학산면 상월리 ,젖소,100,2025-05-01
서호목장,전라남도 영암군 서호면 쌍풍리 ,젖소,28,2025-05-01
광산농장,전라남도 영암군 학산면 독천리 ,젖소,70,2025-05-01
화운목장,전라남도 영암군 시종면 금지리 ,젖소,85,2025-05-01
연원목장,전라남도 영암군 신북면 행정리 ,젖소,70,2025-05-01
청솔목장,전라남도 영암군 서호면 몽해리 ,젖소,250,2025-05-01
현재목장,전라남도 영암군 시종면 만수리 ,젖소,80,2025-05-01
성원목장,전라남도 영암군 학산면 용소리 ,젖소,45,2025-05-01
동식농장,전라남도 영암군 시종면 금지리 ,젖소,30,2025-05-01
몽해농장,전라남도 영암군 학산면 용산리 ,젖소,120,2025-05-01
명수목장,전라남도 영암군 신북면 금수리 ,젖소,60,2025-05-01
신애농장,전라남도 영암군 신북면 금수리 ,젖소,40,2025-05-01
대원목장,전라남도 영암군 학산면 용산리 ,젖소,167,2025-05-01
동화목장,전라남도 영암군 신북면 양계리 ,젖소,40,2025-05-01
영월목장,전라남도 영암군 영암읍 교동리 ,젖소,30,2025-05-01
보림목장,전라남도 영암군 신북면 행정리 ,젖소,100,2025-05-01
복현목장,전라남도 영암군 학산면 묵동리 ,젖소,110,2025-05-01
제일목장,전라남도 영암군 미암면 춘동리 ,젖소,50,2025-05-01
우정농축산,전라남도 영암군 신북면 갈곡리 ,한우,100,2025-05-01
광암축산,전라남도 영암군 학산면 학계리 ,한우,35,2025-05-01
서광축산,전라남도 영암군 군서면 동호리 ,한우,70,2025-05-01
한림목장,전라남도 영암군 시종면 만수리 ,한우,30,2025-05-01
건흥농장,전라남도 영암군 덕진면 백계리 ,한우,350,2025-05-01
성보축산,전라남도 영암군 덕진면 영등리 ,한우,170,2025-05-01
예주농장,전라남도 영암군 덕진면 백계리 ,한우,68,2025-05-01
금호축산,전라남도 영암군 덕진면 금강리 ,한우,500,2025-05-01
믿음농장,전라남도 영암군 덕진면 백계리 ,한우,200,2025-05-01
푸른농장,전라남도 영암군 미암면 신한리 ,한우,150,2025-05-01
덕화농장,전라남도 영암군 도포면 덕화리 ,한우,60,2025-05-01
백산농장,전라남도 영암군 서호면 장천리 ,한우,190,2025-05-01
해돋이농장,전라남도 영암군 서호면 쌍풍리 ,한우,170,2025-05-01
한길농장,전라남도 영암군 서호면 쌍풍리 ,한우,150,2025-05-01
희용농장,전라남도 영암군 도포면 수산리 ,한우,75,2025-05-01
학림축산,전라남도 영암군 도포면 수산리 ,한우,150,2025-05-01
청림농장,전라남도 영암군 덕진면 금강리 ,한우,80,2025-05-01
태호축산,전라남도 영암군 덕진면 노송리 ,한우,237,2025-05-01
인주농장,전라남도 영암군 덕진면 노송리 ,한우,40,2025-05-01
망호농장,전라남도 영암군 영암읍 망호리 ,한우,50,2025-05-01
진호농장,전라남도 영암군 도포면 봉호리 ,한우,65,2025-05-01
성우축산,전라남도 영암군 덕진면 노송리 ,한우,90,2025-05-01
대흥농장,전라남도 영암군 금정면 용흥리 ,한우,66,2025-05-01
금호축산,전라남도 영암군 덕진면 금강리 ,한우,130,2025-05-01
금호축산,전라남도 영암군 덕진면 금강리 ,한우,230,2025-05-01
송림축산,전라남도 영암군 덕진면 노송리 ,한우,100,2025-05-01
청용축산,전라남도 영암군 영암읍 학송리 ,한우,40,2025-05-01
복음농장,전라남도 영암군 서호면 성재리 ,한우,70,2025-05-01
원기축산,전라남도 영암군 서호면 청용리 ,한우,35,2025-05-01
서호농장,전라남도 영암군 서호면 금강리 ,한우,40,2025-05-01
유번농장,전라남도 영암군 학산면 용산리 ,한우,80,2025-05-01
영암미암한우영농조합법인,전라남도 영암군 미암면 호포리 ,한우,500,2025-05-01
부자축산,전라남도 영암군 서호면 소산리 ,한우,140,2025-05-01
아름다운농장,전라남도 영암군 도포면 수산리 ,한우,150,2025-05-01
소망농장,전라남도 영암군 도포면 수산리 ,한우,350,2025-05-01
비손축산,전라남도 영암군 덕진면 노송리 ,한우,37,2025-05-01
화산목장,전라남도 영암군 삼호읍 서창리 ,한우,30,2025-05-01
성훈농장,전라남도 영암군 학산면 독천리 ,한우,42,2025-05-01
환희농장,전라남도 영암군 영암읍 개신리 ,한우,30,2025-05-01
춘양농장,전라남도 영암군 영암읍 춘양리 ,한우,25,2025-05-01
광암축산,전라남도 영암군 신북면 행정리 ,한우,220,2025-05-01
금성농장,전라남도 영암군 도포면 영호리 ,한우,800,2025-05-01
금성농장,전라남도 영암군 도포면 영호리 ,한우,700,2025-05-01
춘우농장,전라남도 영암군 미암면 춘동리 ,한우,60,2025-05-01
아리랑축산,전라남도 영암군 미암면 춘동리 ,한우,52,2025-05-01
삼호축산,전라남도 영암군 미암면 신포리 ,한우,170,2025-05-01
성일농장,전라남도 영암군 미암면 호포리 ,한우,120,2025-05-01
성지축산,전라남도 영암군 미암면 채지리 ,한우,45,2025-05-01
소우축산,전라남도 영암군 금정면 안노리 ,한우,78,2025-05-01
갑산축산,전라남도 영암군 금정면 안노리 ,한우,40,2025-05-01
금오축산,전라남도 영암군 금정면 연소리 ,한우,34,2025-05-01
연지축산,전라남도 영암군 금정면 안노리 ,한우,21,2025-05-01
시목농장,전라남도 영암군 학산면 묵동리 ,한우,300,2025-05-01
용산축산,전라남도 영암군 신북면 용산리 ,한우,69,2025-05-01
송암축산,전라남도 영암군 신북면 행정리 ,한우,50,2025-05-01
골논축산,전라남도 영암군 학산면 묵동리 ,한우,24,2025-05-01
유명축산,전라남도 영암군 군서면 마산리 ,한우,90,2025-05-01
월출목장,전라남도 영암군 미암면 두억리 ,한우,110,2025-05-01
한중농장,전라남도 영암군 도포면 덕화리 ,한우,21,2025-05-01
기호농장,전라남도 영암군 도포면 수산리 ,한우,22,2025-05-01
상록수농장,전라남도 영암군 군서면 동호리 ,한우,35,2025-05-01
수산농장,전라남도 영암군 도포면 수산리 ,한우,55,2025-05-01
선경축산,전라남도 영암군 도포면 덕화리 ,한우,40,2025-05-01
백야축산,전라남도 영암군 삼호읍 동호리 ,한우,23,2025-05-01
조은농장,전라남도 영암군 삼호읍 용앙리 ,한우,30,2025-05-01
사랑농장,전라남도 영암군 삼호읍 서호리 ,한우,65,2025-05-01
오복축산,전라남도 영암군 삼호읍 망산리 ,한우,6,2025-05-01
군서농장,전라남도 영암군 군서면 도갑리 ,한우,67,2025-05-01
지남농장,전라남도 영암군 군서면 동호리 ,한우,56,2025-05-01
한임선한우농장,전라남도 영암군 군서면 동호리 ,한우,43,2025-05-01
동호농장,전라남도 영암군 군서면 동호리 ,한우,17,2025-05-01
청우농장,전라남도 영암군 군서면 마산리 ,한우,55,2025-05-01
복기농장,전라남도 영암군 군서면 마산리 ,한우,23,2025-05-01
오산농축산,전라남도 영암군 군서면 마산리 ,한우,40,2025-05-01
황소농장,전라남도 영암군 삼호읍 산호리 ,한우,35,2025-05-01
성촌축산,전라남도 영암군 영암읍 학송리 ,한우,36,2025-05-01
신정축산,전라남도 영암군 영암읍 농덕리 ,한우,31,2025-05-01
천유목장,전라남도 영암군 신북면 양계리 ,한우,70,2025-05-01
학동농장,전라남도 영암군 신북면 학동리 ,한우,15,2025-05-01
동호농장,전라남도 영암군 군서면 동호리 ,한우,26,2025-05-01
정일축산,전라남도 영암군 군서면 마산리 ,한우,63,2025-05-01
두영농장,전라남도 영암군 학산면 용산리 ,한우,14,2025-05-01
가람농장,전라남도 영암군 학산면 용산리 ,한우,18,2025-05-01
선재축산,전라남도 영암군 학산면 묵동리 ,한우,35,2025-05-01
종남축산,전라남도 영암군 도포면 덕화리 ,한우,60,2025-05-01
자림농장,전라남도 영암군 도포면 원항리 ,한우,70,2025-05-01
종남농장,전라남도 영암군 도포면 도포리 ,한우,50,2025-05-01
만성농장,전라남도 영암군 도포면 원항리 ,한우,30,2025-05-01
석중농장,전라남도 영암군 도포면 덕화리 ,한우,30,2025-05-01
최선철농장,전라남도 영암군 군서면 동호리 ,한우,51,2025-05-01
주안농장,전라남도 영암군 삼호읍 망산리 ,한우,140,2025-05-01
목삼농장,전라남도 영암군 삼호읍 난전리 ,한우,30,2025-05-01
장군농장,전라남도 영암군 학산면 용산리 ,한우,110,2025-05-01
용산축산,전라남도 영암군 학산면 용산리 ,한우,20,2025-05-01
산정축업,전라남도 영암군 신북면 용산리 ,한우,30,2025-05-01
남영축산,전라남도 영암군 서호면 화송리 ,한우,38,2025-05-01
용균축산,전라남도 영암군 시종면 봉소리 ,한우,15,2025-05-01
한울농장,전라남도 영암군 시종면 옥야리 ,한우,23,2025-05-01
최용출농장,전라남도 영암군 군서면 동호리 ,한우,15,2025-05-01
종만축산,전라남도 영암군 서호면 성재리 ,한우,34,2025-05-01
흥우농장,전라남도 영암군 도포면 수산리 ,한우,70,2025-05-01
희연축산,전라남도 영암군 신북면 월평리 ,한우,200,2025-05-01
한우리축산,전라남도 영암군 도포면 봉호리 ,한우,100,2025-05-01
연소목장,전라남도 영암군 시종면 신연리 ,한우,132,2025-05-01
영등축산,전라남도 영암군 덕진면 영등리 ,한우,21,2025-05-01
꿀산농장,전라남도 영암군 덕진면 금강리 ,한우,150,2025-05-01
황금축산,전라남도 영암군 덕진면 운암리 ,한우,1,2025-05-01
경호축산,전라남도 영암군 덕진면 장선리 ,한우,215,2025-05-01
수암농장,전라남도 영암군 덕진면 용산리 ,한우,13,2025-05-01
흥록축산,전라남도 영암군 학산면 금계리 ,한우,20,2025-05-01
현균농장,전라남도 영암군 금정면 월평리 ,한우,40,2025-05-01
봉황농장,전라남도 영암군 금정면 세류리 ,한우,36,2025-05-01
신동축산,전라남도 영암군 학산면 용산리 ,한우,100,2025-05-01
약수영농조합법인,전라남도 영암군 덕진면 노송리 ,한우,55,2025-05-01
성호농장,전라남도 영암군 삼호읍 난전리 ,한우,20,2025-05-01
서창농장,전라남도 영암군 삼호읍 서창리 ,한우,25,2025-05-01
갑연목장,전라남도 영암군 신북면 용산리 ,한우,108,2025-05-01
야곱농장,전라남도 영암군 신북면 양계리 ,한우,70,2025-05-01
덕실농장,전라남도 영암군 도포면 영호리 ,한우,40,2025-05-01
성산목장,전라남도 영암군 도포면 성산리 ,한우,40,2025-05-01
우정목장,전라남도 영암군 삼호읍 서창리 ,한우,100,2025-05-01
군서축산,전라남도 영암군 군서면 서구림리 ,한우,80,2025-05-01
삼휘축산,전라남도 영암군 삼호읍 망산리 ,한우,150,2025-05-01
월송농장,전라남도 영암군 시종면 월송리 ,한우,14,2025-05-01
쌍둥이축산,전라남도 영암군 신북면 유곡리 ,한우,70,2025-05-01
창구축산,전라남도 영암군 신북면 유곡리 ,한우,50,2025-05-01
원항농장,전라남도 영암군 도포면 원항리 ,한우,22,2025-05-01
성실농장,전라남도 영암군 도포면 구학리 ,한우,80,2025-05-01
정동축산,전라남도 영암군 시종면 신학리 ,한우,30,2025-05-01
황토한우영농조합법인,전라남도 영암군 도포면 영호리 ,한우,8,2025-05-01
종민농장,전라남도 영암군 도포면 영호리 ,한우,40,2025-05-01
광훈농장,전라남도 영암군 도포면 영호리 ,한우,52,2025-05-01
안산축산,전라남도 영암군 시종면 월악리 ,한우,90,2025-05-01
화산농장,전라남도 영암군 도포면 영호리 ,한우,40,2025-05-01
전원농장,전라남도 영암군 신북면 행정리 ,한우,270,2025-05-01
희연축산,전라남도 영암군 신북면 월평리 ,한우,80,2025-05-01
제일농장,전라남도 영암군 신북면 이천리 ,한우,40,2025-05-01
신북한우단지,전라남도 영암군 신북면 갈곡리 ,한우,600,2025-05-01
세진농장,전라남도 영암군 도포면 원항리 ,한우,40,2025-05-01
영재농장,전라남도 영암군 도포면 원항리 ,한우,20,2025-05-01
영암농장,전라남도 영암군 도포면 수산리 ,한우,28,2025-05-01
서율농장,전라남도 영암군 도포면 수산리 ,한우,90,2025-05-01
한아름농장,전라남도 영암군 도포면 수산리 ,한우,45,2025-05-01
목우천농장,전라남도 영암군 도포면 수산리 ,한우,20,2025-05-01
일선목장,전라남도 영암군 서호면 성재리 ,한우,25,2025-05-01
와우농장,전라남도 영암군 시종면 신학리 ,한우,70,2025-05-01
태매목장,전라남도 영암군 시종면 구산리 ,한우,100,2025-05-01
월악축산,전라남도 영암군 시종면 월악리 ,한우,67,2025-05-01
율태목장,전라남도 영암군 학산면 용산리 ,한우,12,2025-05-01
영우목장,전라남도 영암군 학산면 상월리 ,한우,80,2025-05-01
희석농장,전라남도 영암군 학산면 용산리 ,한우,11,2025-05-01
버들샘농장,전라남도 영암군 학산면 상월리 ,한우,50,2025-05-01
정동농장,전라남도 영암군 시종면 신학리 ,한우,42,2025-05-01
서울농장,전라남도 영암군 영암읍 망호리 ,한우,10,2025-05-01
정현농장,전라남도 영암군 시종면 신연리 ,한우,280,2025-05-01
영찬농장,전라남도 영암군 서호면 소산리 ,한우,32,2025-05-01
진흥축산,전라남도 영암군 덕진면 금강리 ,한우,253,2025-05-01
재학축산,전라남도 영암군 서호면 화송리 ,한우,45,2025-05-01
새터농장,전라남도 영암군 서호면 쌍풍리 ,한우,32,2025-05-01
밀양축산,전라남도 영암군 시종면 옥야리 ,한우,31,2025-05-01
서호축산,전라남도 영암군 서호면 몽해리 ,한우,14,2025-05-01
양지촌마을 농장,전라남도 영암군 군서면 성양리 ,한우,13,2025-05-01
우리목장,전라남도 영암군 시종면 월악리 ,한우,5,2025-05-01
청용축산,전라남도 영암군 서호면 청용리 ,한우,60,2025-05-01
영승농장,전라남도 영암군 영암읍 송평리 ,한우,30,2025-05-01
장천목장,전라남도 영암군 서호면 쌍풍리 ,한우,100,2025-05-01
서울축산,전라남도 영암군 덕진면 운암리 ,한우,63,2025-05-01
반석축산,전라남도 영암군 덕진면 노송리 ,한우,50,2025-05-01
도깨비농장,전라남도 영암군 덕진면 노송리 ,한우,13,2025-05-01
제일축산,전라남도 영암군 덕진면 덕진리 ,한우,124,2025-05-01
찬직축산,전라남도 영암군 덕진면 백계리 ,한우,20,2025-05-01
영화축산,전라남도 영암군 덕진면 장선리 ,한우,24,2025-05-01
혜진축산,전라남도 영암군 덕진면 운암리 ,한우,7,2025-05-01
두희농장,전라남도 영암군 덕진면 영등리 ,한우,50,2025-05-01
광산축산,전라남도 영암군 학산면 독천리 ,한우,40,2025-05-01
문일농장,전라남도 영암군 신북면 이천리 ,한우,10,2025-05-01
신덕축산,전라남도 영암군 학산면 신덕리 ,한우,210,2025-05-01
학산창업축산,전라남도 영암군 학산면 독천리 ,한우,15,2025-05-01
정수농장,전라남도 영암군 영암읍 망호리 ,한우,500,2025-05-01
순오농장,전라남도 영암군 서호면 금강리 ,한우,35,2025-05-01
청계축산,전라남도 영암군 덕진면 백계리 ,한우,23,2025-05-01
원희농장,전라남도 영암군 미암면 신포리 ,한우,47,2025-05-01
성림목장,전라남도 영암군 도포면 성산리 ,한우,30,2025-05-01
현재목장,전라남도 영암군 시종면 만수리 ,한우,50,2025-05-01
박윤재,전라남도 영암군 학산면 용소리 ,한우,40,2025-05-01
양장농장,전라남도 영암군 군서면 양장리 ,한우,170,2025-05-01
정관농장,전라남도 영암군 도포면 영호리 ,한우,30,2025-05-01
봉학농장,전라남도 영암군 도포면 영호리 ,한우,20,2025-05-01
한대축산,전라남도 영암군 영암읍 한대리 ,한우,5,2025-05-01
화헌농장,전라남도 영암군 삼호읍 서창리 ,한우,12,2025-05-01
에벤에셀농장,전라남도 영암군 도포면 봉호리 ,한우,150,2025-05-01
용호농장,전라남도 영암군 도포면 봉호리 ,한우,70,2025-05-01
성호축산,전라남도 영암군 학산면 용산리 ,한우,20,2025-05-01
정우축산,전라남도 영암군 시종면 신학리 ,한우,35,2025-05-01
동준축산,전라남도 영암군 도포면 원항리 ,한우,32,2025-05-01
석연농장,전라남도 영암군 도포면 영호리 ,한우,60,2025-05-01
만철축산,전라남도 영암군 도포면 원항리 ,한우,45,2025-05-01
구시농장,전라남도 영암군 도포면 영호리 ,한우,109,2025-05-01
성채축산,전라남도 영암군 도포면 수산리 ,한우,14,2025-05-01
희망농장,전라남도 영암군 덕진면 금강리 ,한우,60,2025-05-01
박종록농장,전라남도 영암군 도포면 영호리 ,한우,30,2025-05-01
이한우농장,전라남도 영암군 도포면 영호리 ,한우,15,2025-05-01
원우농장,전라남도 영암군 도포면 원항리 ,한우,132,2025-05-01
크로바농장,전라남도 영암군 시종면 구산리 ,한우,40,2025-05-01
손양순농장,전라남도 영암군 시종면 옥야리 ,한우,21,2025-05-01
종복농장,전라남도 영암군 시종면 신연리 ,한우,41,2025-05-01
자연축산,전라남도 영암군 시종면 월악리 ,한우,132,2025-05-01
홍연농장,전라남도 영암군 시종면 옥야리 ,한우,12,2025-05-01
광암농장,전라남도 영암군 서호면 화송리 ,한우,120,2025-05-01
선경농장,전라남도 영암군 도포면 성산리 ,한우,600,2025-05-01
푸른축산,전라남도 영암군 신북면 금수리 ,한우,300,2025-05-01
벧엘농장,전라남도 영암군 신북면 이천리 ,한우,15,2025-05-01
서호축산,전라남도 영암군 서호면 쌍풍리 ,한우,12,2025-05-01
대성농장,전라남도 영암군 신북면 학동리 ,한우,80,2025-05-01
풀잎목장,전라남도 영암군 삼호읍 동호리 ,한우,6,2025-05-01
청용농장,전라남도 영암군 신북면 모산리 ,한우,35,2025-05-01
유번농장,전라남도 영암군 학산면 용산리 ,한우,50,2025-05-01
송림축산영농법인,전라남도 영암군 덕진면 노송리 ,한우,120,2025-05-01
우리농장,전라남도 영암군 군서면 동호리 ,한우,38,2025-05-01
달맞이목장,전라남도 영암군 서호면 소산리 ,한우,110,2025-05-01
송원농장(松圓農場),전라남도 영암군 덕진면 노송리 ,한우,100,2025-05-01
농민축산,전라남도 영암군 도포면 수산리 ,한우,50,2025-05-01
황토축산,전라남도 영암군 도포면 영호리 ,한우,160,2025-05-01
황토축산,전라남도 영암군 도포면 영호리 ,한우,150,2025-05-01
영식농장,전라남도 영암군 도포면 봉호리 ,한우,20,2025-05-01
금호농장,전라남도 영암군 도포면 덕화리 ,한우,40,2025-05-01
오장성목장,전라남도 영암군 신북면 유곡리 ,한우,100,2025-05-01
유순농장,전라남도 영암군 삼호읍 망산리 ,한우,30,2025-05-01
부부농장,전라남도 영암군 도포면 원항리 ,한우,70,2025-05-01
미주목장,전라남도 영암군 신북면 학동리 ,한우,73,2025-05-01
잘크는농장,전라남도 영암군 군서면 동호리 ,한우,10,2025-05-01
우두농장,전라남도 영암군 군서면 동호리 ,한우,40,2025-05-01
신안농장,전라남도 영암군 학산면 용소리 ,한우,21,2025-05-01
황토축산,전라남도 영암군 도포면 영호리 ,한우,200,2025-05-01
홍갑표농장,전라남도 영암군 서호면 엄길리 ,한우,17,2025-05-01
오장성농장,전라남도 영암군 신북면 유곡리 ,한우,30,2025-05-01
영원농장,전라남도 영암군 도포면 영호리 ,한우,30,2025-05-01
이레농장,전라남도 영암군 미암면 신한리 ,한우,20,2025-05-01
상현농장,전라남도 영암군 시종면 신흥리 ,한우,25,2025-05-01
현민복합영농조합법인,전라남도 영암군 덕진면 노송리 ,한우,39,2025-05-01
선일농장,전라남도 영암군 서호면 화송리 ,한우,100,2025-05-01
농업경영인영암군농장,전라남도 영암군 미암면 남산리 ,한우,47,2025-05-01
대원농장,전라남도 영암군 영암읍 망호리 ,한우,74,2025-05-01
금수농장,전라남도 영암군 신북면 금수리 ,한우,30,2025-05-01
산아래농장,전라남도 영암군 학산면 용산리 ,한우,11,2025-05-01
선아농장,전라남도 영암군 덕진면 영보리 ,한우,12,2025-05-01
가정축산,전라남도 영암군 신북면 학동리 ,한우,10,2025-05-01
안기농장,전라남도 영암군 금정면 용흥리 ,한우,575,2025-05-01
형제농장,전라남도 영암군 도포면 수산리 ,한우,30,2025-05-01
영국2농장,전라남도 영암군 도포면 원항리 ,한우,30,2025-05-01
형민농장,전라남도 영암군 영암읍 망호리 ,한우,400,2025-05-01
천해농장,전라남도 영암군 학산면 용소리 ,한우,14,2025-05-01
사등농장,전라남도 영암군 학산면 금계리 ,한우,18,2025-05-01
삼동농장,전라남도 영암군 도포면 원항리 ,한우,9,2025-05-01
상이농장,전라남도 영암군 영암읍 망호리 ,한우,10,2025-05-01
건운축산,전라남도 영암군 학산면 용산리 ,한우,12,2025-05-01
순복농장,전라남도 영암군 덕진면 금강리 ,한우,10,2025-05-01
서진농장,전라남도 영암군 서호면 쌍풍리 ,한우,40,2025-05-01
대선농장,전라남도 영암군 금정면 용흥리 ,한우,14,2025-05-01
용훈농장,전라남도 영암군 도포면 봉호리 ,한우,35,2025-05-01
연지농장,전라남도 영암군 서호면 쌍풍리 ,한우,30,2025-05-01
성림농장,전라남도 영암군 덕진면 노송리 ,한우,75,2025-05-01
주호농장,전라남도 영암군 군서면 성양리 ,한우,8,2025-05-01
가온목장,전라남도 영암군 학산면 은곡리 ,한우,12,2025-05-01
해성농원,전라남도 영암군 덕진면 금강리 ,한우,40,2025-05-01
정호농장,전라남도 영암군 군서면 마산리 ,한우,15,2025-05-01
성신농장,전라남도 영암군 도포면 수산리 ,한우,50,2025-05-01
신영농장,전라남도 영암군 덕진면 백계리 ,한우,280,2025-05-01
경주농장,전라남도 영암군 신북면 장산리 ,한우,4,2025-05-01
창규농장,전라남도 영암군 군서면 모정리 ,한우,10,2025-05-01
우진농장,전라남도 영암군 금정면 연보리 ,한우,10,2025-05-01
해미축산,전라남도 영암군 학산면 신덕리 ,한우,9,2025-05-01
형심농장,전라남도 영암군 금정면 남송리 ,한우,7,2025-05-01
대산축산,전라남도 영암군 서호면 소산리 ,한우,23,2025-05-01
성재축산,전라남도 영암군 서호면 성재리 ,한우,16,2025-05-01
동춘농장,전라남도 영암군 금정면 용흥리 ,한우,10,2025-05-01
덕진농장,전라남도 영암군 덕진면 백계리 ,한우,26,2025-05-01
명동축사,전라남도 영암군 신북면 명동리 ,한우,7,2025-05-01
화정농장,전라남도 영암군 서호면 성재리 ,한우,11,2025-05-01
경진농장,전라남도 영암군 서호면 금강리 ,한우,20,2025-05-01
이슬목장,전라남도 영암군 서호면 몽해리 ,한우,74,2025-05-01
성산농장,전라남도 영암군 군서면 마산리 ,한우,20,2025-05-01
희호농장,전라남도 영암군 신북면 월평리 ,한우,83,2025-05-01
곽순자농장,전라남도 영암군 서호면 성재리 ,한우,13,2025-05-01
주인농장,전라남도 영암군 서호면 쌍풍리 ,한우,24,2025-05-01
샬롬농장,전라남도 영암군 도포면 성산리 ,한우,5,2025-05-01
동진농장,전라남도 영암군 신북면 금수리 ,한우,15,2025-05-01
청림농장,전라남도 영암군 덕진면 금강리 ,한우,190,2025-05-01
선현농장,전라남도 영암군 덕진면 금강리 ,한우,60,2025-05-01
우리농장,전라남도 영암군 삼호읍 서호리 ,한우,15,2025-05-01
숙용농장,전라남도 영암군 시종면 월송리 ,한우,15,2025-05-01
남송농장,전라남도 영암군 금정면 남송리 ,한우,11,2025-05-01
기선농장,전라남도 영암군 덕진면 운암리 ,한우,10,2025-05-01
길성농장,전라남도 영암군 덕진면 덕진리 ,한우,7,2025-05-01
한울농장,전라남도 영암군 미암면 채지리 ,한우,20,2025-05-01
대천농장,전라남도 영암군 시종면 신연리 ,한우,25,2025-05-01
양준농장,전라남도 영암군 시종면 옥야리 ,한우,25,2025-05-01
도윤농장,전라남도 영암군 학산면 금계리 ,한우,20,2025-05-01
명수축산,전라남도 영암군 미암면 호포리 ,한우,20,2025-05-01
영민축사,전라남도 영암군 도포면 수산리 ,한우,30,2025-05-01
대주축사,전라남도 영암군 도포면 원항리 ,한우,10,2025-05-01
영흥농장,전라남도 영암군 학산면 독천리 ,한우,24,2025-05-01
정자농장,전라남도 영암군 영암읍 송평리 ,한우,16,2025-05-01
경표농장,전라남도 영암군 시종면 금지리 ,한우,10,2025-05-01
재성농장,전라남도 영암군 서호면 장천리 ,한우,13,2025-05-01
용현농장,전라남도 영암군 학산면 금계리 ,한우,36,2025-05-01
정희농장,전라남도 영암군 신북면 이천리 ,한우,9,2025-05-01
경순농장,전라남도 영암군 도포면 구학리 ,한우,51,2025-05-01
세광농장,전라남도 영암군 학산면 독천리 ,한우,38,2025-05-01
광민농장,전라남도 영암군 학산면 상월리 ,한우,20,2025-05-01
송정농장,전라남도 영암군 서호면 화송리 ,한우,7,2025-05-01
신안농장,전라남도 영암군 서호면 소산리 ,한우,15,2025-05-01
신기한농장,전라남도 영암군 영암읍 망호리 ,한우,11,2025-05-01
영주농장,전라남도 영암군 영암읍 회문리 ,한우,13,2025-05-01
병호농장,전라남도 영암군 서호면 몽해리 ,한우,12,2025-05-01
성재축사,전라남도 영암군 서호면 성재리 ,한우,11,2025-05-01
운산농장,전라남도 영암군 도포면 봉호리 ,한우,28,2025-05-01
재국농장,전라남도 영암군 서호면 성재리 ,한우,4,2025-05-01
산골농장,전라남도 영암군 금정면 연소리 ,한우,15,2025-05-01
훈이네농장,전라남도 영암군 덕진면 운암리 ,한우,40,2025-05-01
청우축산,전라남도 영암군 도포면 수산리 ,한우,25,2025-05-01
헌호농장,전라남도 영암군 도포면 봉호리 ,한우,30,2025-05-01
방균농장,전라남도 영암군 덕진면 백계리 ,한우,12,2025-05-01
광태농장,전라남도 영암군 학산면 용산리 ,한우,7,2025-05-01
양빈네 농장,전라남도 영암군 서호면 소산리 ,한우,21,2025-05-01
오진농장,전라남도 영암군 덕진면 노송리 ,한우,18,2025-05-01
상희농장,전라남도 영암군 덕진면 운암리 ,한우,44,2025-05-01
종록농장,전라남도 영암군 도포면 원항리 ,한우,31,2025-05-01
영지축산,전라남도 영암군 시종면 구산리 ,한우,70,2025-05-01
안정축산,전라남도 영암군 금정면 용흥리 ,한우,14,2025-05-01
길용농장,전라남도 영암군 신북면 월지리 ,한우,39,2025-05-01
봉호농장,전라남도 영암군 도포면 봉호리 ,한우,48,2025-05-01
정림농장,전라남도 영암군 삼호읍 서창리 ,한우,50,2025-05-01
재출농장,전라남도 영암군 삼호읍 난전리 ,한우,25,2025-05-01
순기농장,전라남도 영암군 시종면 월악리 ,한우,24,2025-05-01
경관농장,전라남도 영암군 금정면 와운리 ,한우,19,2025-05-01
문화농장,전라남도 영암군 신북면 모산리 ,한우,8,2025-05-01
정우농장,전라남도 영암군 군서면 모정리 ,한우,13,2025-05-01
유촌축산,전라남도 영암군 도포면 덕화리 ,한우,10,2025-05-01
은준농장,전라남도 영암군 도포면 영호리 ,한우,60,2025-05-01
관승농장,전라남도 영암군 도포면 영호리 ,한우,45,2025-05-01
진열농장,전라남도 영암군 도포면 영호리 ,한우,37,2025-05-01
화재농장,전라남도 영암군 신북면 양계리 ,한우,7,2025-05-01
경석농장,전라남도 영암군 덕진면 노송리 ,한우,10,2025-05-01
광호농장,전라남도 영암군 학산면 독천리 ,한우,4,2025-05-01
오순희농장,전라남도 영암군 학산면 금계리 ,한우,90,2025-05-01
최창규 농장,전라남도 영암군 도포면 성산리 ,한우,20,2025-05-01
화자농장,전라남도 영암군 학산면 상월리 ,한우,6,2025-05-01
용소농장,전라남도 영암군 학산면 용소리 ,한우,5,2025-05-01
승현농장,전라남도 영암군 시종면 옥야리 ,한우,10,2025-05-01
만수농장,전라남도 영암군 시종면 만수리 ,한우,9,2025-05-01
만철농장,전라남도 영암군 서호면 금강리 ,한우,13,2025-05-01
낙안농장,전라남도 영암군 군서면 마산리 ,한우,130,2025-05-01
순향농장,전라남도 영암군 서호면 청용리 ,한우,30,2025-05-01
장산농장,전라남도 영암군 신북면 장산리 ,한우,41,2025-05-01
신덕농장,전라남도 영암군 군서면 해창리 ,한우,6,2025-05-01
박종복농장,전라남도 영암군 영암읍 교동리 ,한우,16,2025-05-01
영용농장,전라남도 영암군 군서면 해창리 ,한우,13,2025-05-01
원목농장,전라남도 영암군 도포면 원항리 ,한우,5,2025-05-01
꿀벌농장,전라남도 영암군 삼호읍 망산리 ,한우,4,2025-05-01
은순농장,전라남도 영암군 학산면 묵동리 ,한우,4,2025-05-01
주형농장,전라남도 영암군 영암읍 농덕리 ,한우,5,2025-05-01
계수농장,전라남도 영암군 신북면 이천리 ,한우,6,2025-05-01
영식농장,전라남도 영암군 도포면 영호리 ,한우,150,2025-05-01
양우농장,전라남도 영암군 군서면 마산리 ,한우,5,2025-05-01
참샘골농장,전라남도 영암군 서호면 장천리 ,한우,5,2025-05-01
호산농장,전라남도 영암군 신북면 이천리 ,한우,33,2025-05-01
성진농장,전라남도 영암군 시종면 봉소리 ,한우,20,2025-05-01
백두축산,전라남도 영암군 미암면 남산리 ,한우,11,2025-05-01
창수농장,전라남도 영암군 군서면 동호리 ,한우,4,2025-05-01
월암농장,전라남도 영암군 군서면 월곡리 ,한우,2,2025-05-01
서현농장,전라남도 영암군 도포면 성산리 ,한우,35,2025-05-01
청용축산,전라남도 영암군 서호면 청용리 ,한우,25,2025-05-01
봉영농장,전라남도 영암군 학산면 용산리 ,한우,9,2025-05-01
류홍기오농장,전라남도 영암군 도포면 성산리 ,한우,40,2025-05-01
소망농장,전라남도 영암군 영암읍 교동리 ,한우,15,2025-05-01
해석농장,전라남도 영암군 군서면 모정리 ,한우,7,2025-05-01
종일농장,전라남도 영암군 덕진면 금강리 ,한우,52,2025-05-01
명성농장,전라남도 영암군 미암면 신포리 ,한우,230,2025-05-01
성윤농장,전라남도 영암군 시종면 봉소리 ,한우,2,2025-05-01
금성농장,전라남도 영암군 도포면 영호리 ,한우,45,2025-05-01
한반동농장,전라남도 영암군 도포면 봉호리 ,한우,35,2025-05-01
성보축산,전라남도 영암군 덕진면 영등리 ,한우,80,2025-05-01
봉수농장,전라남도 영암군 미암면 호포리 ,한우,2,2025-05-01
광암축산,전라남도 영암군 신북면 행정리 ,한우,8,2025-05-01
광염농장,전라남도 영암군 도포면 구학리 ,한우,82,2025-05-01
서남열농장,전라남도 영암군 덕진면 덕진리 ,한우,10,2025-05-01
상현축산,전라남도 영암군 군서면 월곡리 ,한우,24,2025-05-01
샘골농장,전라남도 영암군 신북면 이천리 ,한우,10,2025-05-01
창원한우농장,전라남도 영암군 도포면 수산리 ,한우,62,2025-05-01
신한농장,전라남도 영암군 미암면 신한리 ,한우,40,2025-05-01
진서농장,전라남도 영암군 미암면 신한리 ,한우,30,2025-05-01
새별농장,전라남도 영암군 군서면 모정리 ,한우,5,2025-05-01
원일농장,전라남도 영암군 군서면 모정리 ,한우,3,2025-05-01
행운농장,전라남도 영암군 신북면 행정리 ,한우,18,2025-05-01
금성축산,전라남도 영암군 학산면 용산리 ,한우,16,2025-05-01
순곤농장,전라남도 영암군 학산면 용산리 ,한우,14,2025-05-01
다만축산,전라남도 영암군 서호면 쌍풍리 ,한우,11,2025-05-01
안우농장,전라남도 영암군 신북면 모산리 ,한우,46,2025-05-01
혜림축산,전라남도 영암군 신북면 월지리 ,한우,20,2025-05-01
유호정축산,전라남도 영암군 신북면 행정리 ,한우,12,2025-05-01
신기농장,전라남도 영암군 군서면 양장리 ,한우,12,2025-05-01
난전농장,전라남도 영암군 미암면 두억리 ,한우,46,2025-05-01
칠성목장,전라남도 영암군 신북면 행정리 ,한우,6,2025-05-01
고광율농장,전라남도 영암군 학산면 용산리 ,한우,2,2025-05-01
희망농장,전라남도 영암군 신북면 용산리 ,한우,8,2025-05-01
등너머농장,전라남도 영암군 미암면 호포리 ,한우,14,2025-05-01
호포농장,전라남도 영암군 미암면 호포리 ,한우,24,2025-05-01
고향농장,전라남도 영암군 삼호읍 망산리 ,한우,5,2025-05-01
성민축산,전라남도 영암군 신북면 유곡리 ,한우,15,2025-05-01
서현농장,전라남도 영암군 학산면 금계리 ,한우,10,2025-05-01
성재축산,전라남도 영암군 서호면 성재리 ,한우,6,2025-05-01
삼묵농장,전라남도 영암군 영암읍 용흥리 ,한우,9,2025-05-01
호범농장,전라남도 영암군 도포면 원항리 ,한우,23,2025-05-01
형임농장,전라남도 영암군 서호면 몽해리 ,한우,20,2025-05-01
영신축산,전라남도 영암군 금정면 아천리 ,한우,4,2025-05-01
형제농장,전라남도 영암군 덕진면 노송리 ,한우,140,2025-05-01
성화축산,전라남도 영암군 삼호읍 용앙리 ,한우,10,2025-05-01
윤남축산,전라남도 영암군 학산면 학계리 ,한우,240,2025-05-01
성산축산,전라남도 영암군 도포면 성산리 ,한우,19,2025-05-01
진주농장,전라남도 영암군 군서면 도갑리 ,한우,116,2025-05-01
남렬축산,전라남도 영암군 삼호읍 난전리 ,한우,8,2025-05-01
삼휘축산,전라남도 영암군 삼호읍 망산리 ,한우,130,2025-05-01
인성축산,전라남도 영암군 시종면 신흥리 ,한우,70,2025-05-01
대동산업영농조합법인,전라남도 영암군 덕진면 노송리 ,한우,455,2025-05-01
선산농장,전라남도 영암군 신북면 행정리 ,한우,52,2025-05-01
서해안농장,전라남도 영암군 삼호읍 용당리 ,한우,8,2025-05-01
솔안축산,전라남도 영암군 덕진면 노송리 ,한우,25,2025-05-01
상월농장,전라남도 영암군 학산면 상월리 ,한우,3,2025-05-01
성원축산,전라남도 영암군 군서면 도갑리 ,한우,18,2025-05-01
형제농장,전라남도 영암군 삼호읍 난전리 ,한우,6,2025-05-01
신월축산,전라남도 영암군 미암면 신포리 ,한우,12,2025-05-01
순화축산,전라남도 영암군 삼호읍 서호리 ,한우,6,2025-05-01
돈호농장,전라남도 영암군 미암면 선황리 ,한우,5,2025-05-01
영금농장,전라남도 영암군 덕진면 노송리 ,한우,19,2025-05-01
오진농장,전라남도 영암군 덕진면 노송리 ,한우,18,2025-05-01
동진축산,전라남도 영암군 삼호읍 난전리 ,한우,50,2025-05-01
기용축산,전라남도 영암군 덕진면 노송리 ,한우,28,2025-05-01
삼아농장,전라남도 영암군 학산면 묵동리 ,한우,10,2025-05-01
수정축산,전라남도 영암군 시종면 월롱리 ,한우,80,2025-05-01
성주농장,전라남도 영암군 학산면 용산리 ,한우,50,2025-05-01
달무리농장,전라남도 영암군 영암읍 망호리 ,한우,60,2025-05-01
광님축산,전라남도 영암군 덕진면 금강리 ,한우,50,2025-05-01
푸른축산,전라남도 영암군 신북면 금수리 ,한우,7,2025-05-01
기동축산,전라남도 영암군 군서면 모정리 ,한우,11,2025-05-01
송아네농장,전라남도 영암군 덕진면 백계리 ,한우,20,2025-05-01
믿음농장,전라남도 영암군 덕진면 백계리 ,한우,200,2025-05-01
불치목장,전라남도 영암군 영암읍 학송리 ,한우,120,2025-05-01
승철농장,전라남도 영암군 시종면 금지리 ,한우,50,2025-05-01
삼동축산,전라남도 영암군 서호면 화송리 ,한우,2,2025-05-01
성산축사,전라남도 영암군 도포면 성산리 ,한우,10,2025-05-01
신천농장,전라남도 영암군 서호면 화송리 ,한우,11,2025-05-01
한길농장,전라남도 영암군 서호면 쌍풍리 ,한우,30,2025-05-01
신우축산,전라남도 영암군 시종면 봉소리 ,한우,90,2025-05-01
창운축산,전라남도 영암군 학산면 용산리 ,한우,6,2025-05-01
구구축산,전라남도 영암군 덕진면 노송리 ,한우,130,2025-05-01
민석축산,전라남도 영암군 학산면 묵동리 ,한우,6,2025-05-01
일동농장,전라남도 영암군 군서면 마산리 ,한우,140,2025-05-01
매화농장,전라남도 영암군 미암면 호포리 ,한우,8,2025-05-01
지윤농장,전라남도 영암군 시종면 봉소리 ,한우,20,2025-05-01
준평농원,전라남도 영암군 삼호읍 동호리 ,한우,5,2025-05-01
기증축산,전라남도 영암군 학산면 독천리 ,한우,45,2025-05-01
거목축산,전라남도 영암군 서호면 몽해리 ,한우,70,2025-05-01
성자축산,전라남도 영암군 삼호읍 동호리 ,한우,11,2025-05-01
흥부농장,전라남도 영암군 도포면 수산리 ,한우,70,2025-05-01
부평농장,전라남도 영암군 도포면 영호리 ,한우,110,2025-05-01
광주농장,전라남도 영암군 시종면 구산리 ,한우,41,2025-05-01
매음농장,전라남도 영암군 서호면 쌍풍리 ,한우,6,2025-05-01
영풍농장,전라남도 영암군 서호면 쌍풍리 ,한우,8,2025-05-01
문찬농장,전라남도 영암군 군서면 해창리 ,한우,24,2025-05-01
용성농장,전라남도 영암군 군서면 월곡리 ,한우,100,2025-05-01
명당농장,전라남도 영암군 도포면 봉호리 ,한우,6,2025-05-01
해성목장,전라남도 영암군 학산면 용산리 ,한우,44,2025-05-01
우주농장,전라남도 영암군 덕진면 백계리 ,한우,70,2025-05-01
찬민농장,전라남도 영암군 군서면 해창리 ,한우,18,2025-05-01
금지농장,전라남도 영암군 시종면 금지리 ,한우,28,2025-05-01
혜인농장,전라남도 영암군 덕진면 노송리 ,한우,40,2025-05-01
창조영농조합법인,전라남도 영암군 신북면 유곡리 ,한우,24,2025-05-01
조귀일농장,전라남도 영암군 미암면 채지리 ,한우,45,2025-05-01
박학윤,전라남도 영암군 신북면 이천리 ,한우,6,2025-05-01
금수농장,전라남도 영암군 신북면 갈곡리 ,한우,70,2025-05-01
울타리영농조합법인,전라남도 영암군 학산면 신덕리 ,한우,73,2025-05-01
안산농장,전라남도 영암군 시종면 월악리 ,한우,168,2025-05-01
가나농장,전라남도 영암군 미암면 선황리 ,한우,170,2025-05-01
이레축산,전라남도 영암군 신북면 이천리 ,한우,213,2025-05-01
세빈농장,전라남도 영암군 시종면 옥야리 ,한우,80,2025-05-01
삼부자농장,전라남도 영암군 미암면 춘동리 ,한우,5,2025-05-01
태성농장,전라남도 영암군 덕진면 백계리 ,한우,23,2025-05-01
현대농장,전라남도 영암군 신북면 이천리 ,한우,20,2025-05-01
대성농장,전라남도 영암군 신북면 학동리 ,한우,100,2025-05-01
아름축산,전라남도 영암군 도포면 성산리 ,한우,14,2025-05-01
한샘농장,전라남도 영암군 학산면 용산리 ,한우,140,2025-05-01
은평농장,전라남도 영암군 서호면 금강리 ,한우,6,2025-05-01
행복농장,전라남도 영암군 군서면 동호리 ,한우,11,2025-05-01
오성농장,전라남도 영암군 학산면 용산리 ,한우,15,2025-05-01
BK농장,전라남도 영암군 덕진면 금강리 ,한우,10,2025-05-01
사랑의농장,전라남도 영암군 미암면 호포리 ,한우,5,2025-05-01
자연에축산,전라남도 영암군 학산면 용산리 ,한우,11,2025-05-01
길근농장,전라남도 영암군 서호면 쌍풍리 ,한우,10,2025-05-01
선룡축산,전라남도 영암군 서호면 엄길리 ,한우,20,2025-05-01
안기농장,전라남도 영암군 금정면 용흥리 ,한우,56,2025-05-01
성진농장,전라남도 영암군 신북면 행정리 ,한우,35,2025-05-01
청수축산,전라남도 영암군 미암면 채지리 ,한우,2,2025-05-01
푸른축산,전라남도 영암군 신북면 금수리 ,한우,4,2025-05-01
워낭축산,전라남도 영암군 서호면 엄길리 ,한우,65,2025-05-01
길손농장,전라남도 영암군 미암면 채지리 ,한우,20,2025-05-01
괴음축산,전라남도 영암군 서호면 장천리 ,한우,16,2025-05-01
부성축산,전라남도 영암군 덕진면 노송리 ,한우,9,2025-05-01
다올농장,전라남도 영암군 서호면 장천리 ,한우,72,2025-05-01
목동농장,전라남도 영암군 도포면 수산리 ,한우,39,2025-05-01
현수농장,전라남도 영암군 도포면 영호리 ,한우,100,2025-05-01
복음제2농장,전라남도 영암군 덕진면 백계리 ,한우,40,2025-05-01
믿음농장,전라남도 영암군 덕진면 백계리 ,한우,100,2025-05-01
성희농장,전라남도 영암군 서호면 몽해리 ,한우,16,2025-05-01
남규농장,전라남도 영암군 도포면 성산리 ,한우,350,2025-05-01
용민축사,전라남도 영암군 미암면 신한리 ,한우,19,2025-05-01
청우농장,전라남도 영암군 덕진면 백계리 ,한우,70,2025-05-01
금호축산,전라남도 영암군 영암읍 용흥리 ,한우,3,2025-05-01
하늘농장,전라남도 영암군 서호면 화송리 ,한우,22,2025-05-01
해성농원,전라남도 영암군 덕진면 금강리 ,한우,80,2025-05-01
영범농장,전라남도 영암군 덕진면 노송리 ,한우,3,2025-05-01
은우농장,전라남도 영암군 서호면 엄길리 ,한우,1,2025-05-01
기찬한우영농조합법인,전라남도 영암군 덕진면 영등리 ,한우,200,2025-05-01
안적동농장,전라남도 영암군 금정면 용흥리 ,한우,9,2025-05-01
해오름농장,전라남도 영암군 서호면 성재리 ,한우,34,2025-05-01
동현농장,전라남도 영암군 도포면 수산리 ,한우,8,2025-05-01
금옥농장,전라남도 영암군 삼호읍 서호리 ,한우,6,2025-05-01
형하농장,전라남도 영암군 덕진면 장선리 ,한우,5,2025-05-01
매월축산,전라남도 영암군 학산면 매월리 ,한우,7,2025-05-01
재우네목장,전라남도 영암군 삼호읍 망산리 ,한우,20,2025-05-01
사랑농장,전라남도 영암군 삼호읍 서창리 ,한우,18,2025-05-01
감치농장,전라남도 영암군 삼호읍 동호리 ,한우,3,2025-05-01
유영농장,전라남도 영암군 신북면 학동리 ,한우,14,2025-05-01
우리농장,전라남도 영암군 삼호읍 동호리 ,한우,5,2025-05-01
천하농장,전라남도 영암군 미암면 춘동리 ,한우,19,2025-05-01
연원목장,전라남도 영암군 신북면 행정리 ,한우,6,2025-05-01
인수농장,전라남도 영암군 시종면 신연리 ,한우,5,2025-05-01
충현농장,전라남도 영암군 시종면 신연리 ,한우,12,2025-05-01
일광농장,전라남도 영암군 신북면 월지리 ,한우,6042,2025-05-01
광주농장,전라남도 영암군 시종면 옥야리,한우,88,2025-05-01
신연농장,전라남도 영암군 시종면 신연리 ,한우,62,2025-05-01
성훈농장,전라남도 영암군 군서면 서구림리 ,한우,152,2025-05-01
서호아라리축산영농조합법인,전라남도 영암군 서호면 엄길리 ,한우,40,2025-05-01
신흥축산,전라남도 영암군 시종면 신흥리 ,한우,22,2025-05-01
광주농장,전라남도 영암군 삼호읍 서창리 ,한우,4,2025-05-01
와우축산,전라남도 영암군 시종면 와우리 ,한우,8,2025-05-01
신덕축산,전라남도 영암군 학산면 신덕리 ,한우,234,2025-05-01
광산농장,전라남도 영암군 학산면 독천리 ,한우,4,2025-05-01
광인농장,전라남도 영암군 학산면 용소리 ,한우,1,2025-05-01
선정목장,전라남도 영암군 서호면 화송리 ,한우,22,2025-05-01
메밀목장,전라남도 영암군 학산면 용산리 ,한우,3,2025-05-01
혜자농장,전라남도 영암군 학산면 상월리 ,한우,3,2025-05-01
임대길농장,전라남도 영암군 미암면 신포리 ,한우,4,2025-05-01
대진축산,전라남도 영암군 도포면 성산리 ,한우,4,2025-05-01
태정목장,전라남도 영암군 시종면 신연리 ,한우,30,2025-05-01
전일농장,전라남도 영암군 미암면 채지리 ,한우,8,2025-05-01
김철농장,전라남도 영암군 학산면 매월리 ,한우,9,2025-05-01
현우축산,전라남도 영암군 학산면 독천리 ,한우,4,2025-05-01
솔청농장,전라남도 영암군 학산면 독천리 ,한우,29,2025-05-01
건태농장,전라남도 영암군 학산면 신덕리 ,한우,30,2025-05-01
연진농장,전라남도 영암군 군서면 동호리 ,한우,7,2025-05-01
학파축산,전라남도 영암군 서호면 쌍풍리 ,한우,3,2025-05-01
믿음농장,전라남도 영암군 서호면 소산리 ,한우,9,2025-05-01
신포농장,전라남도 영암군 미암면 신한리 ,한우,12,2025-05-01
희망농장,전라남도 영암군 삼호읍 서창리 ,한우,42,2025-05-01
황도축산,전라남도 영암군 삼호읍 삼포리 ,한우,18,2025-05-01
상배농장,전라남도 영암군 신북면 행정리 ,한우,4,2025-05-01
수연농장,전라남도 영암군 미암면 두억리 ,한우,6,2025-05-01
소알목장,전라남도 영암군 학산면 상월리 ,한우,4,2025-05-01
용산축산,전라남도 영암군 학산면 용산리 ,한우,2,2025-05-01
용산미래농장,전라남도 영암군 학산면 용산리 ,한우,12,2025-05-01
백송농장,전라남도 영암군 미암면 채지리 ,한우,5,2025-05-01
민희농장,전라남도 영암군 덕진면 영등리 ,한우,64,2025-05-01
태호농장,전라남도 영암군 덕진면 노송리 ,한우,229,2025-05-01
충우농장,전라남도 영암군 서호면 금강리 ,한우,21,2025-05-01
문성축사,전라남도 영암군 서호면 금강리 ,한우,5,2025-05-01
성인축산,전라남도 영암군 서호면 성재리 ,한우,10,2025-05-01
월평농장,전라남도 영암군 서호면 쌍풍리 ,한우,19,2025-05-01
쌍흥농장,전라남도 영암군 서호면 쌍풍리 ,한우,4,2025-05-01
신풍농장,전라남도 영암군 서호면 쌍풍리 ,한우,18,2025-05-01
양동축산,전라남도 영암군 서호면 화송리 ,한우,2,2025-05-01
주홍농장,전라남도 영암군 서호면 화송리 ,한우,10,2025-05-01
향화농장,전라남도 영암군 서호면 화송리 ,한우,3,2025-05-01
용산농장,전라남도 영암군 덕진면 용산리 ,한우,16,2025-05-01
용흥농축산,전라남도 영암군 금정면 용흥리 ,한우,10,2025-05-01
배바우농장,전라남도 영암군 금정면 안노리 ,한우,10,2025-05-01
경용농장,전라남도 영암군 시종면 옥야리 ,한우,8,2025-05-01
산업농장,전라남도 영암군 군서면 해창리 ,한우,22,2025-05-01
주이농장,전라남도 영암군 군서면 모정리 ,한우,9,2025-05-01
민구농장,전라남도 영암군 군서면 모정리 ,한우,11,2025-05-01
토탈축산,전라남도 영암군 덕진면 금강리 ,한우,2,2025-05-01
주안농장,전라남도 영암군 도포면 영호리 ,한우,16,2025-05-01
경식농장,전라남도 영암군 시종면 월악리 ,한우,21,2025-05-01
유천농장,전라남도 영암군 학산면 상월리 ,한우,21,2025-05-01
성자농장,전라남도 영암군 도포면 원항리 ,한우,13,2025-05-01
전연익농장,전라남도 영암군 서호면 화송리 ,한우,2,2025-05-01
주원농장,전라남도 영암군 미암면 신한리 ,한우,2,2025-05-01
내호축산,전라남도 영암군 미암면 춘동리 ,한우,11,2025-05-01
지민농장,전라남도 영암군 미암면 선황리 ,한우,6,2025-05-01
화수농장,전라남도 영암군 시종면 신흥리 ,한우,3,2025-05-01
원우농장,전라남도 영암군 덕진면 장선리 ,한우,30,2025-05-01
민경축산,전라남도 영암군 서호면 청용리 ,한우,80,2025-05-01
월악농장,전라남도 영암군 시종면 월악리 ,한우,83,2025-05-01
사랑농장,전라남도 영암군 도포면 수산리 ,한우,3,2025-05-01
땅골농장,전라남도 영암군 서호면 금강리 ,한우,11,2025-05-01
승규농장,전라남도 영암군 도포면 구학리 ,한우,110,2025-05-01
카리스농장,전라남도 영암군 도포면 영호리 ,한우,70,2025-05-01
어진농장,전라남도 영암군 신북면 이천리 ,한우,20,2025-05-01
신등농장,전라남도 영암군 군서면 도갑리 ,한우,14,2025-05-01
봉삼약초농장,전라남도 영암군 학산면 은곡리 ,한우,6,2025-05-01
미암농장,전라남도 영암군 미암면 두억리 ,한우,3,2025-05-01
예은농장,전라남도 영암군 서호면 청용리 ,한우,129,2025-05-01
숙이농장,전라남도 영암군 미암면 채지리 ,한우,2,2025-05-01
천우농장,전라남도 영암군 덕진면 영등리 ,한우,60,2025-05-01
성촌축산,전라남도 영암군 영암읍 학송리 ,한우,23,2025-05-01
담쟁이농장,전라남도 영암군 도포면 수산리 ,한우,53,2025-05-01
행운축산,전라남도 영암군 신북면 행정리 ,한우,90,2025-05-01
우림,전라남도 영암군 서호면 장천리 ,한우,200,2025-05-01
구름다리농장,전라남도 영암군 덕진면 노송리 ,한우,20,2025-05-01
산호정농장,전라남도 영암군 도포면 수산리 ,한우,21,2025-05-01
두희2농장,전라남도 영암군 덕진면 영등리 ,한우,14,2025-05-01
선축산,전라남도 영암군 금정면 남송리 ,한우,20,2025-05-01
영섭농장,전라남도 영암군 미암면 두억리 ,한우,7,2025-05-01
경희농장,전라남도 영암군 미암면 채지리 ,한우,2,2025-05-01
원중농장,전라남도 영암군 영암읍 한대리,한우,2,2025-05-01
원철농장,전라남도 영암군 서호면 성재리 ,한우,1,2025-05-01
이정농장,전라남도 영암군 도포면 원항리,한우,4,2025-05-01
선암농장,전라남도 영암군 덕진면 운암리,한우,18,2025-05-01
영국농장,전라남도 영암군 도포면 수산리 ,한우,7,2025-05-01
효진농장,전라남도 영암군 신북면 행정리 ,한우,28,2025-05-01
재관농장,전라남도 영암군 도포면 수산리 ,한우,60,2025-05-01
근영농장,전라남도 영암군 군서면 양장리 ,한우,110,2025-05-01
별밤농장,전라남도 영암군 덕진면 장선리 ,한우,41,2025-05-01
백야축산,전라남도 영암군 삼호읍 동호리 ,한우,37,2025-05-01
성일농장,전라남도 영암군 미암면 호포리,한우,13,2025-05-01
화산축산,전라남도 영암군 신북면 학동리 ,한우,25,2025-05-01
일식농장,전라남도 영암군 군서면 서구림리 ,한우,16,2025-05-01
윤자농장,전라남도 영암군 덕진면 노송리 ,한우,7,2025-05-01
성인농장,전라남도 영암군 서호면 금강리,한우,20,2025-05-01
신기농장,전라남도 영암군 도포면 수산리 ,한우,63,2025-05-01
창우농장,전라남도 영암군 서호면 성재리,한우,36,2025-05-01
연서목장,전라남도 영암군 서호면 몽해리 ,한우,22,2025-05-01
자연농원,전라남도 영암군 서호면 쌍풍리 ,한우,58,2025-05-01
영창농장,전라남도 영암군 군서면 모정리 ,한우,20,2025-05-01
강인농장,전라남도 영암군 시종면 신흥리 ,한우,110,2025-05-01
산들농장,전라남도 영암군 시종면 월롱리 ,한우,43,2025-05-01
해성농장,전라남도 영암군 시종면 신흥리 ,한우,120,2025-05-01
희용농장,전라남도 영암군 도포면 수산리 ,한우,40,2025-05-01
이레농장,전라남도 영암군 미암면 신포리 ,한우,27,2025-05-01
대원농장,전라남도 영암군 군서면 성양리 ,한우,60,2025-05-01
대성농장,전라남도 영암군 서호면 소산리 ,한우,70,2025-05-01
성술농장,전라남도 영암군 서호면 화송리 ,한우,35,2025-05-01
시윤농장,전라남도 영암군 덕진면 노송리 ,한우,14,2025-05-01
서호농장,전라남도 영암군 서호면 성재리 ,한우,9,2025-05-01
와우목장,전라남도 영암군 시종면 구산리 ,한우,17,2025-05-01
취정축산,전라남도 영암군 덕진면 덕진리 ,한우,17,2025-05-01
수농장,전라남도 영암군 도포면 봉호리 ,한우,40,2025-05-01
데일리팜,전라남도 영암군 시종면 구산리 ,한우,230,2025-05-01
하누리농장,전라남도 영암군 시종면 만수리 ,한우,8,2025-05-01
유애축원,전라남도 영암군 영암읍 장암리 ,한우,50,2025-05-01
윤민농장,전라남도 영암군 신북면 월지리 ,한우,30,2025-05-01
장암농장,전라남도 영암군 덕진면 영등리 ,한우,6,2025-05-01
시종축산,전라남도 영암군 시종면 구산리 ,한우,150,2025-05-01
행복농장,전라남도 영암군 군서면 동호리 ,한우,10,2025-05-01
서진목장,전라남도 영암군 도포면 수산리 ,한우,19,2025-05-01
석천영농조합법인,전라남도 영암군 미암면 선황리 ,한우,23,2025-05-01
혁이네농장,전라남도 영암군 도포면 영호리 ,한우,16,2025-05-01
전일목장,전라남도 영암군 도포면 수산리 ,한우,17,2025-05-01
경태농장,전라남도 영암군 영암읍 대신리 ,한우,13,2025-05-01
선우축산,전라남도 영암군 서호면 엄길리 ,한우,45,2025-05-01
방죽골농장,전라남도 영암군 미암면 선황리 ,한우,32,2025-05-01
성술농장,전라남도 영암군 서호면 화송리 ,한우,20,2025-05-01
돈호농장,전라남도 영암군 미암면 선황리 ,한우,40,2025-05-01
양동축산,전라남도 영암군 서호면 화송리 ,한우,54,2025-05-01
형제목장,전라남도 영암군 시종면 구산리 ,한우,38,2025-05-01
다물목장,전라남도 영암군 서호면 소산리 ,한우,145,2025-05-01
학산농장,전라남도 영암군 학산면 용산리 ,한우,13,2025-05-01
안산농장,전라남도 영암군 시종면 월악리 ,한우,85,2025-05-01
학동농장,전라남도 영암군 신북면 학동리 ,한우,60,2025-05-01
어찬농장,전라남도 영암군 신북면 이천리 ,한우,62,2025-05-01
전진축산,전라남도 영암군 군서면 도장리 ,한우,70,2025-05-01
풍성농장,전라남도 영암군 신북면 유곡리 ,한우,42,2025-05-01
감산축산,전라남도 영암군 금정면 안노리 ,한우,62,2025-05-01
부러나축산,전라남도 영암군 도포면 봉호리 ,한우,14,2025-05-01
정희목장,전라남도 영암군 신북면 용산리 ,한우,20,2025-05-01
정학축산,전라남도 영암군 서호면 소산리 ,한우,4,2025-05-01
영암햇살농장,전라남도 영암군 서호면 태백리 ,한우,18,2025-05-01
용기농장,전라남도 영암군 시종면 구산리 ,한우,47,2025-05-01
일성농장,전라남도 영암군 미암면 춘동리 ,한우,1,2025-05-01
천만농장2,전라남도 영암군 덕진면 금강리 ,한우,4,2025-05-01
라온농장,전라남도 영암군 서호면 금강리 ,한우,29,2025-05-01
하랑농장,전라남도 영암군 서호면 소산리 ,한우,75,2025-05-01
낭만농장,전라남도 영암군 삼호읍 망산리 ,한우,6,2025-05-01
볏짚농장,전라남도 영암군 미암면 호포리 ,한우,20,2025-05-01
산소농장,전라남도 영암군 서호면 몽해리 ,한우,19,2025-05-01
신영축산,전라남도 영암군 학산면 매월리 ,한우,3,2025-05-01
진우농장,전라남도 영암군 시종면 구산리 ,한우,31,2025-05-01
초안목장,전라남도 영암군 학산면 금계리 ,한우,31,2025-05-01
샤론목장,전라남도 영암군 학산면 신덕리 ,한우,53,2025-05-01
산소농장,전라남도 영암군 신북면 월지리 ,한우,40,2025-05-01
오가네 농장,전라남도 영암군 군서면 양장리 ,한우,60,2025-05-01
군서농장,전라남도 영암군 군서면 도장리 ,한우,17,2025-05-01
백야농장,전라남도 영암군 삼호읍 동호리 ,한우,10,2025-05-01
초원농장,전라남도 영암군 미암면 신포리 ,한우,50,2025-05-01
민영농장,전라남도 영암군 신북면 행정리 ,한우,50,2025-05-01
순수하누농장,전라남도 영암군 군서면 서구림리 ,한우,98,2025-05-01
153농장,전라남도 영암군 서호면 화송리 ,한우,22,2025-05-01
산호농장,전라남도 영암군 도포면 수산리 ,한우,7,2025-05-01
대성(垈晟)축산,전라남도 영암군 영암읍 춘양리 ,한우,50,2025-05-01
영보제일축산,전라남도 영암군 덕진면 영등리 ,한우,9,2025-05-01
용진축산,전라남도 영암군 신북면 행정리 ,한우,4,2025-05-01
화성농장,전라남도 영암군 금정면 월평리 ,한우,17,2025-05-01
대길농장,전라남도 영암군 도포면 영호리 ,한우,7,2025-05-01
단아농장,전라남도 영암군 시종면 금지리 ,한우,130,2025-05-01
건운축산,전라남도 영암군 영암읍 송평리 ,한우,60,2025-05-01
하농농장,전라남도 영암군 도포면 원항리 ,한우,47,2025-05-01
송원농장,전라남도 영암군 시종면 구산리 ,한우,40,2025-05-01
이레목장,전라남도 영암군 시종면 신연리 ,한우,50,2025-05-01
정희목장2,전라남도 영암군 신북면 용산리 ,한우,13,2025-05-01
관호축산,전라남도 영암군 신북면 행정리 ,한우,50,2025-05-01
황금농장,전라남도 영암군 도포면 성산리 ,한우,14,2025-05-01
민아농장,전라남도 영암군 학산면 금계리 ,한우,25,2025-05-01
이삭농장,전라남도 영암군 시종면 신학리 ,한우,80,2025-05-01
그린축산,전라남도 영암군 시종면 월롱리 ,한우,20,2025-05-01
청하농장,전라남도 영암군 시종면 옥야리 ,한우,130,2025-05-01
웅진축산,전라남도 영암군 군서면 마산리 ,한우,30,2025-05-01
증산한우농장,전라남도 영암군 영암읍 장암리 ,한우,19,2025-05-01
진덕농장,전라남도 영암군 서호면 성재리 ,한우,21,2025-05-01
성산목장,전라남도 영암군 영암읍 농덕리 ,한우,72,2025-05-01
종호축산,전라남도 영암군 덕진면 금강리 ,한우,10,2025-05-01
영암모타농장,전라남도 영암군 군서면 도장리 ,한우,6,2025-05-01
한길농장,전라남도 영암군 서호면 쌍풍리 ,한우,100,2025-05-01
장원축산,전라남도 영암군 금정면 용흥리 ,한우,30,2025-05-01
신토불이축산,전라남도 영암군 덕진면 용산리 ,한우,15,2025-05-01
대양농장,전라남도 영암군 덕진면 금강리 ,한우,2,2025-05-01
세준농장,전라남도 영암군 덕진면 금강리 ,한우,6,2025-05-01
봉이네농장,전라남도 영암군 학산면 용소리 ,한우,3,2025-05-01
진관농장,전라남도 영암군 신북면 행정리 ,한우,73,2025-05-01
은서농장,전라남도 영암군 미암면 선황리 ,한우,32,2025-05-01
대신축산,전라남도 영암군 덕진면 노송리 ,한우,180,2025-05-01
은주농장,전라남도 영암군 군서면 모정리 ,한우,18,2025-05-01
하늘농장,전라남도 영암군 군서면 모정리 ,한우,300,2025-05-01
경인축산,전라남도 영암군 도포면 수산리 ,한우,18,2025-05-01
선달농장,전라남도 영암군 시종면 금지리 ,한우,42,2025-05-01
백암축산,전라남도 영암군 군서면 서구림리 ,한우,13,2025-05-01
안성축산,전라남도 영암군 시종면 와우리 ,한우,5,2025-05-01
용흥농장,전라남도 영암군 덕진면 백계리 ,한우,70,2025-05-01
단비농장,전라남도 영암군 시종면 신연리 ,한우,83,2025-05-01
해성농장,전라남도 영암군 미암면 미암리 ,한우,17,2025-05-01
신성농장,전라남도 영암군 도포면 성산리 ,한우,5,2025-05-01
사부자 농장,전라남도 영암군 덕진면 영보리 ,한우,86,2025-05-01
학송농장,전라남도 영암군 삼호읍 서창리 ,한우,17,2025-05-01
승기농장,전라남도 영암군 군서면 해창리 ,한우,39,2025-05-01
팜스정,전라남도 영암군 영암읍 한대리 ,한우,3,2025-05-01
선아농장,전라남도 영암군 덕진면 운암리 ,한우,60,2025-05-01
고찬농장,전라남도 영암군 시종면 만수리 ,한우,165,2025-05-01
고찬농장,전라남도 영암군 도포면 구학리 ,한우,60,2025-05-01
선경농장,전라남도 영암군 영암읍 장암리 ,한우,2,2025-05-01
지성농장,전라남도 영암군 도포면 수산리 ,한우,7,2025-05-01
재님농장,전라남도 영암군 군서면 해창리 ,한우,9,2025-05-01
은평농장,전라남도 영암군 서호면 금강리 ,한우,110,2025-05-01
몽해축산,전라남도 영암군 서호면 몽해리 ,한우,65,2025-05-01
성우농장,전라남도 영암군 학산면 은곡리 ,한우,67,2025-05-01
기찬정가,전라남도 영암군 영암읍 학송리 ,한우,20,2025-05-01
꽃소야놀자 농장,전라남도 영암군 학산면 상월리 ,한우,4,2025-05-01
희망농장,전라남도 영암군 덕진면 용산리 ,한우,11,2025-05-01
연소자연농장,전라남도 영암군 시종면 신연리 ,한우,70,2025-05-01
화목농장,전라남도 영암군 학산면 학계리 ,한우,14,2025-05-01
한우리축산,전라남도 영암군 도포면 봉호리 ,한우,10,2025-05-01
민경농장,전라남도 영암군 서호면 몽해리 ,한우,50,2025-05-01
재환축사,전라남도 영암군 도포면 봉호리 ,한우,3,2025-05-01
실로암목장,전라남도 영암군 영암읍 춘양리 ,한우,130,2025-05-01
지성농장,전라남도 영암군 군서면 도갑리 ,한우,130,2025-05-01
내동목장,전라남도 영암군 시종면 내동리 ,한우,5,2025-05-01
형제농장,전라남도 영암군 서호면 소산리 ,한우,18,2025-05-01
우정목장,전라남도 영암군 미암면 남산리 ,한우,1,2025-05-01
정찬국농장,전라남도 영암군 시종면 옥야리 ,한우,30,2025-05-01
송정농장,전라남도 영암군 서호면 쌍풍리 ,한우,1,2025-05-01
양장농장,전라남도 영암군 군서면 양장리 ,한우,190,2025-05-01
충남농장,전라남도 영암군 시종면 옥야리 ,한우,4,2025-05-01
덕진농장,전라남도 영암군 덕진면 백계리 ,한우,1,2025-05-01
경현농장,전라남도 영암군 영암읍 대신리 ,한우,50,2025-05-01
친한농장,전라남도 영암군 신북면 장산리 ,한우,1,2025-05-01
다움농장,전라남도 영암군 덕진면 노송리 ,한우,8,2025-05-01
예준농원,전라남도 영암군 영암읍 송평리 ,한우,9,2025-05-01
천섭농장,전라남도 영암군 학산면 학계리 ,한우,9,2025-05-01
성심농장,전라남도 영암군 덕진면 장선리 ,한우,1,2025-05-01
반갑소1농장,전라남도 영암군 덕진면 장선리 ,한우,142,2025-05-01
연우목장,전라남도 영암군 도포면 봉호리 ,한우,20,2025-05-01
성일농장,전라남도 영암군 미암면 호포리 ,한우,160,2025-05-01
휴거리농장,전라남도 영암군 미암면 두억리 ,한우,2,2025-05-01
미정농장,전라남도 영암군 서호면 엄길리 ,한우,12,2025-05-01
찬영농장,전라남도 영암군 시종면 와우리 ,한우,22,2025-05-01
광주농장,전라남도 영암군 신북면 이천리 ,한우,26,2025-05-01
미암농장,전라남도 영암군 미암면 미암리 ,한우,121,2025-05-01
푸른농원,전라남도 영암군 군서면 마산리 ,한우,27,2025-05-01
후암농장,전라남도 영암군 도포면 덕화리 ,한우,20,2025-05-01
하나농장,전라남도 영암군 시종면 와우리 ,한우,2,2025-05-01
성호농장,전라남도 영암군 영암읍 송평리 ,한우,7,2025-05-01
소영농장,전라남도 영암군 도포면 성산리 ,한우,10,2025-05-01
인수농장,전라남도 영암군 군서면 동호리 ,한우,80,2025-05-01
세연농장,전라남도 영암군 군서면 서구림리 ,한우,29,2025-05-01
솔개농장,전라남도 영암군 영암읍 장암리 ,한우,3,2025-05-01
송화농장,전라남도 영암군 도포면 수산리 ,한우,36,2025-05-01
주암농장,전라남도 영암군 신북면 장산리 ,한우,5,2025-05-01
늘푸른태승농장,전라남도 영암군 삼호읍 동호리 ,한우,75,2025-05-01
향월농장,전라남도 영암군 덕진면 장선리 ,한우,10,2025-05-01
행복한 한우농장,전라남도 영암군 군서면 성양리 ,한우,20,2025-05-01
JM농장,전라남도 영암군 시종면 신연리 ,한우,2,2025-05-01
삼순농장,전라남도 영암군 서호면 화송리 ,한우,3,2025-05-01
혜영농장,전라남도 영암군 군서면 해창리 ,한우,4,2025-05-01
신원농장,전라남도 영암군 신북면 학동리 ,한우,30,2025-05-01
영승농장,전라남도 영암군 영암읍 송평리 ,한우,40,2025-05-01
장군목장,전라남도 영암군 학산면 용산리 ,한우,55,2025-05-01
장군농장,전라남도 영암군 학산면 용산리 ,한우,64,2025-05-01
달빛농장,전라남도 영암군 서호면 쌍풍리 ,한우,16,2025-05-01
동주농장,전라남도 영암군 영암읍 회문리 ,한우,5,2025-05-01
신영축산2농장,전라남도 영암군 학산면 매월리 ,한우,4,2025-05-01
원영농장,전라남도 영암군 덕진면 노송리 ,한우,1,2025-05-01
준희농장,전라남도 영암군 덕진면 용산리 ,한우,2,2025-05-01
영민농장2,전라남도 영암군 영암읍 송평리 ,한우,2,2025-05-01
정보농장,전라남도 영암군 도포면 영호리 ,한우,8,2025-05-01
하누농장,전라남도 영암군 서호면 화송리 ,한우,2,2025-05-01
선원농장,전라남도 영암군 서호면 금강리 ,한우,34,2025-05-01
고래골농장,전라남도 영암군 영암읍 송평리 ,한우,10,2025-05-01
선황농장,전라남도 영암군 미암면 채지리 ,한우,8,2025-05-01
청산농장,전라남도 영암군 미암면 선황리 ,한우,20,2025-05-01
산소농장,전라남도 영암군 신북면 월지리 ,한우,16,2025-05-01
명가,전라남도 영암군 도포면 영호리 ,한우,2,2025-05-01
경원농장,전라남도 영암군 영암읍 송평리 ,한우,13,2025-05-01
창춘농장,전라남도 영암군 미암면 선황리 ,한우,25,2025-05-01
성우농장,전라남도 영암군 도포면 성산리 ,한우,4,2025-05-01
경인농장,전라남도 영암군 군서면 해창리 ,한우,80,2025-05-01
상진농장,전라남도 영암군 군서면 양장리 ,한우,42,2025-05-01
우현농장,전라남도 영암군 서호면 쌍풍리 ,한우,10,2025-05-01
민들레농장,전라남도 영암군 학산면 신덕리 ,한우,14,2025-05-01
지호농장,전라남도 영암군 군서면 양장리 ,한우,220,2025-05-01
믿음농장,전라남도 영암군 덕진면 백계리 ,한우,105,2025-05-01
단지농장,전라남도 영암군 삼호읍 서창리 ,한우,1,2025-05-01
남도농장,전라남도 영암군 신북면 갈곡리 ,한우,2,2025-05-01
노적봉농장,전라남도 영암군 시종면 신연리 ,한우,53,2025-05-01
오복한우,전라남도 영암군 삼호읍 망산리 ,한우,30,2025-05-01
현철농장,전라남도 영암군 도포면 영호리 ,한우,19,2025-05-01
학림농장,전라남도 영암군 학산면 상월리 ,한우,2,2025-05-01
용산2농장,전라남도 영암군 덕진면 용산리 ,한우,18,2025-05-01
우영농장,전라남도 영암군 군서면 해창리 ,한우,5,2025-05-01
호산농장,전라남도 영암군 미암면 신포리 ,한우,18,2025-05-01
조은정원농장,전라남도 영암군 덕진면 운암리 ,한우,10,2025-05-01
금강패밀리농장,전라남도 영암군 덕진면 금강리 ,한우,9,2025-05-01
용천목장,전라남도 영암군 금정면 용흥리 ,한우,72,2025-05-01
지호농장,전라남도 영암군 시종면 신흥리 ,한우,10,2025-05-01
미화농장,전라남도 영암군 금정면 안노리 ,한우,10,2025-05-01
서호금강농장,전라남도 영암군 서호면 금강리 ,한우,2,2025-05-01
햇살농장,전라남도 영암군 군서면 동호리 ,한우,320,2025-05-01
다원농장,전라남도 영암군 시종면 신흥리 ,한우,90,2025-05-01
청정축산,전라남도 영암군 시종면 신연리 ,한우,2,2025-05-01
양지농장1,전라남도 영암군 군서면 성양리 ,한우,39,2025-05-01
안수농장,전라남도 영암군 서호면 엄길리 ,한우,13,2025-05-01
광암축산2,전라남도 영암군 신북면 행정리 ,한우,200,2025-05-01
여지축산,전라남도 영암군 군서면 동호리 ,한우,14,2025-05-01
복골농장,전라남도 영암군 서호면 성재리 ,한우,60,2025-05-01
도담농장,전라남도 영암군 서호면 엄길리 ,한우,2,2025-05-01
경인농장2,전라남도 영암군 군서면 해창리 ,한우,2,2025-05-01
사랑농장,전라남도 영암군 군서면 성양리 ,한우,61,2025-05-01
금강축산,전라남도 영암군 서호면 금강리 ,한우,27,2025-05-01
소야농장,전라남도 영암군 도포면 구학리 ,한우,8,2025-05-01
광주농장2,전라남도 영암군 시종면 신연리 ,한우,119,2025-05-01
정희축산,전라남도 영암군 덕진면 백계리 ,한우,3,2025-05-01
규행농장,전라남도 영암군 덕진면 노송리 ,한우,2,2025-05-01
윤원농장,전라남도 영암군 시종면 봉소리 ,한우,20,2025-05-01
달빛농장,전라남도 영암군 서호면 엄길리 ,한우,47,2025-05-01
옥순농장,전라남도 영암군 시종면 와우리 ,한우,4,2025-05-01
수성농장,전라남도 영암군 영암읍 망호리 ,한우,80,2025-05-01
베스트농장,전라남도 영암군 신북면 모산리 ,한우,2,2025-05-01
철우농장,전라남도 영암군 군서면 마산리 ,한우,20,2025-05-01
현준목장,전라남도 영암군 미암면 선황리 ,한우,60,2025-05-01
광현농장2,전라남도 영암군 서호면 소산리 ,한우,5,2025-05-01
순호축산,전라남도 영암군 덕진면 장선리 ,한우,15,2025-05-01
정우농장,전라남도 영암군 신북면 이천리 ,한우,2,2025-05-01
송원농장,전라남도 영암군 덕진면 노송리 ,한우,69,2025-05-01
활성산흑염소농장,전라남도 영암군 금정면 연소리 ,한우,18,2025-05-01
규태농장,전라남도 영암군 군서면 모정리 ,한우,130,2025-05-01
영지축산,전라남도 영암군 시종면 신연리 ,한우,200,2025-05-01
영지축산,전라남도 영암군 시종면 신연리 ,한우,100,2025-05-01
광현농장,전라남도 영암군 서호면 소산리 ,한우,2,2025-05-01
정학축산,전라남도 영암군 서호면 소산리 ,한우,15,2025-05-01
준우농장,전라남도 영암군 시종면 신학리 ,한우,90,2025-05-01
부자축산,전라남도 영암군 서호면 소산리 ,한우,100,2025-05-01
대호농장,전라남도 영암군 금정면 용흥리 ,한우,13,2025-05-01
정식축사,전라남도 영암군 삼호읍 동호리 ,한우,2,2025-05-01
연한농장,전라남도 영암군 서호면 엄길리 ,한우,30,2025-05-01
믿음농장,전라남도 영암군 덕진면 백계리 ,한우,200,2025-05-01
도화동농장,전라남도 영암군 미암면 남산리 ,한우,2,2025-05-01
천하농장,전라남도 영암군 미암면 춘동리 ,한우,42,2025-05-01
가온축산,전라남도 영암군 도포면 원항리 ,한우,130,2025-05-01
경민축산,전라남도 영암군 도포면 수산리 ,한우,53,2025-05-01
강인축산,전라남도 영암군 시종면 월악리 ,한우,20,2025-05-01
종석축사,전라남도 영암군 군서면 동호리 ,한우,7,2025-05-01
평화농장,전라남도 영암군 학산면 신덕리 ,한우,80,2025-05-01
광현농장,전라남도 영암군 시종면 월롱리 ,한우,3,2025-05-01
성원농장,전라남도 영암군 서호면 쌍풍리 ,한우,5,2025-05-01
송간목장,전라남도 영암군 시종면 태간리 ,한우,3,2025-05-01
농민축산,전라남도 영암군 도포면 수산리 ,한우,128,2025-05-01
황토축산,전라남도 영암군 도포면 영호리 ,한우,60,2025-05-01
용인농장,전라남도 영암군 시종면 신연리 ,한우,10,2025-05-01
닛시농장,전라남도 영암군 시종면 신연리 ,한우,10,2025-05-01
군서축산,전라남도 영암군 군서면 서구림리 ,한우,50,2025-05-01
선해축산,전라남도 영암군 서호면 화송리 ,한우,63,2025-05-01
한아름목장,전라남도 영암군 미암면 신포리 ,한우,35,2025-05-01
금은농장,전라남도 영암군 덕진면 덕진리 ,한우,2,2025-05-01
귀천농장,전라남도 영암군 시종면 금지리 ,한우,10,2025-05-01
대원농장,전라남도 영암군 삼호읍 망산리 ,한우,25,2025-05-01
양완농장,전라남도 영암군 신북면 이천리 ,한우,1,2025-05-01
필현농장,전라남도 영암군 미암면 선황리 ,한우,30,2025-05-01
그린축산,전라남도 영암군 덕진면 금강리 ,한우,61,2025-05-01
믿음농장,전라남도 영암군 서호면 성재리 ,한우,5,2025-05-01
신덕축사,전라남도 영암군 삼호읍 서호리 ,한우,350,2025-05-01
강산농장,전라남도 영암군 도포면 수산리 ,한우,26,2025-05-01
성심농장,전라남도 영암군 서호면 성재리 ,한우,20,2025-05-01
거대한우농장,전라남도 영암군 미암면 신한리 ,한우,17,2025-05-01
야곱축사,전라남도 영암군 신북면 월지리 ,한우,10,2025-05-01
형선농장,전라남도 영암군 신북면 월지리 ,한우,30,2025-05-01
수영농장,전라남도 영암군 학산면 용산리 ,한우,22,2025-05-01
신세계축산,전라남도 영암군 군서면 서구림리 ,한우,20,2025-05-01
소보소농장,전라남도 영암군 학산면 금계리 ,한우,30,2025-05-01
남해농장,전라남도 영암군 시종면 옥야리 ,한우,22,2025-05-01
인송농장,전라남도 영암군 군서면 서구림리 ,한우,4,2025-05-01
군서농장,전라남도 영암군 군서면 성양리 ,한우,288,2025-05-01
성대농장,전라남도 영암군 군서면 성양리 ,한우,5,2025-05-01
우림농장,전라남도 영암군 신북면 양계리 ,한우,150,2025-05-01
왕인농장,전라남도 영암군 학산면 학계리 ,한우,2,2025-05-01
소 잘자라는 농장,전라남도 영암군 시종면 신흥리 ,한우,210,2025-05-01
선진축사,전라남도 영암군 미암면 선황리 ,한우,56,2025-05-01
기찬인력농장,전라남도 영암군 영암읍 송평리 ,한우,54,2025-05-01
황소농장,전라남도 영암군 신북면 금수리 ,한우,6,2025-05-01
사계절농장,전라남도 영암군 신북면 갈곡리 ,한우,17,2025-05-01
풍천농장,전라남도 영암군 덕진면 용산리 ,한우,26,2025-05-01
늘픔농장,전라남도 영암군 삼호읍 동호리 ,한우,72,2025-05-01
쉼터농장,전라남도 영암군 덕진면 영등리 ,한우,23,2025-05-01
우수농장,전라남도 영암군 서호면 쌍풍리 ,한우,33,2025-05-01
도담농장,전라남도 영암군 시종면 구산리 ,한우,1,2025-05-01
학산실업,전라남도 영암군 도포면 원항리 ,한우,89,2025-05-01
현주농장,전라남도 영암군 시종면 와우리 ,한우,2,2025-05-01
연소자연농장,전라남도 영암군 시종면 신연리 ,한우,82,2025-05-01
현순농장,전라남도 영암군 금정면 와운리 ,한우,78,2025-05-01
장성농장,전라남도 영암군 군서면 도장리 ,한우,111,2025-05-01
성은농장,전라남도 영암군 군서면 도장리 ,한우,78,2025-05-01
수산축산,전라남도 영암군 학산면 용산리 ,한우,33,2025-05-01
늘푸른 농장,전라남도 영암군 군서면 도장리 ,한우,40,2025-05-01
덕인한우,전라남도 영암군 신북면 모산리 ,한우,205,2025-05-01
은빛농장,전라남도 영암군 군서면 동호리 ,한우,96,2025-05-01
문용농장,전라남도 영암군 미암면 춘동리 ,한우,33,2025-05-01
세준농장,전라남도 영암군 덕진면 금강리 ,한우,105,2025-05-01
강민축산,전라남도 영암군 신북면 갈곡리 ,한우,141,2025-05-01
만수축산,전라남도 영암군 도포면 영호리 ,한우,32,2025-05-01
환이팜,전라남도 영암군 삼호읍 동호리 ,한우,81,2025-05-01
사랑축산,전라남도 영암군 덕진면 영등리 ,한우,48,2025-05-01
반석농장,전라남도 영암군 시종면 만수리 ,한우,20,2025-05-01
연우목장,전라남도 영암군 미암면 신포리 ,한우,28,2025-05-01
주원농장,전라남도 영암군 군서면 월곡리 ,한우,38,2025-05-01
가람농장,전라남도 영암군 군서면 성양리 ,한우,9,2025-05-01
신성농장,전라남도 영암군 학산면 용산리 ,한우,18,2025-05-01
유곡농장,전라남도 영암군 신북면 유곡리 ,한우,14,2025-05-01
태양축산,전라남도 영암군 시종면 만수리 ,한우,74,2025-05-01
초원농장,전라남도 영암군 군서면 서구림리 ,한우,46,2025-05-01
마산농장,전라남도 영암군 군서면 마산리 ,한우,8,2025-05-01
대신축산,전라남도 영암군 영암읍 대신리 ,한우,80,2025-05-01
대림농장,전라남도 영암군 도포면 수산리 ,한우,22,2025-05-01
용우농장,전라남도 영암군 도포면 봉호리 ,한우,32,2025-05-01
으뜸농장,전라남도 영암군 삼호읍 망산리 ,한우,22,2025-05-01
견우농장,전라남도 영암군 군서면 마산리 ,한우,78,2025-05-01
팜축산,전라남도 영암군 군서면 해창리 ,한우,145,2025-05-01
보은농장,전라남도 영암군 군서면 마산리 ,한우,21,2025-05-01
믿음농장,전라남도 영암군 도포면 성산리 ,한우,243,2025-05-01
도룡농장,전라남도 영암군 도포면 구학리 ,한우,56,2025-05-01
나비농장,전라남도 영암군 군서면 동구림리 ,한우,124,2025-05-01
들푸른축산,전라남도 영암군 서호면 화송리 ,한우,80,2025-05-01
에덴농장,전라남도 영암군 삼호읍 망산리 ,한우,20,2025-05-01
야곱농장,전라남도 영암군 시종면 신연리 ,한우,3,2025-05-01
진주축산,전라남도 영암군 군서면 동호리 ,한우,95,2025-05-01
새순농장,전라남도 영암군 시종면 신연리 ,한우,10,2025-05-01
문가네,전라남도 영암군 덕진면 장선리 ,한우,31,2025-05-01
서향축산,전라남도 영암군 시종면 월악리 ,한우,39,2025-05-01
동신농장,전라남도 영암군 영암읍 송평리 ,한우,40,2025-05-01
종일농장,전라남도 영암군 덕진면 금강리 ,한우,118,2025-05-01
영지축산,전라남도 영암군 시종면 신연리 ,한우,115,2025-05-01
형제축산,전라남도 영암군 미암면 선황리 ,한우,5,2025-05-01
친한들농장,전라남도 영암군 도포면 성산리 ,한우,89,2025-05-01
유민축산,전라남도 영암군 신북면 월평리 ,한우,38,2025-05-01
푸른농장,전라남도 영암군 미암면 호포리 ,한우,216,2025-05-01
새광축산,전라남도 영암군 학산면 용산리 ,한우,16,2025-05-01
달지기축산,전라남도 영암군 학산면 상월리 ,한우,34,2025-05-01
승현농장,전라남도 영암군 덕진면 백계리 ,한우,7,2025-05-01
양장축산,전라남도 영암군 군서면 양장리 ,한우,119,2025-05-01
은인농장,전라남도 영암군 덕진면 노송리 ,한우,62,2025-05-01
대성농장,전라남도 영암군 영암읍 송평리 ,한우,198,2025-05-01
오가네농장,전라남도 영암군 학산면 상월리 ,한우,58,2025-05-01
드림농장,전라남도 영암군 신북면 모산리 ,한우,76,2025-05-01
버들농장,전라남도 영암군 학산면 상월리 ,한우,43,2025-05-01
금호축산2,전라남도 영암군 덕진면 금강리 ,한우,127,2025-05-01
그린축산2,전라남도 영암군 덕진면 금강리 ,한우,27,2025-05-01
자연농원,전라남도 영암군 서호면 소산리 ,한우,19,2025-05-01
승주농장,전라남도 영암군 시종면 신학리 ,한우,64,2025-05-01
다산축산,전라남도 영암군 군서면 도장리 ,한우,22,2025-05-01
선우농장,전라남도 영암군 덕진면 운암리 ,한우,59,2025-05-01
철탑목장,전라남도 영암군 도포면 구학리 ,한우,111,2025-05-01
광호농장,전라남도 영암군 금정면 연보리 ,한우,19,2025-05-01
준원농장,전라남도 영암군 군서면 동호리 ,한우,65,2025-05-01
대호농장,전라남도 영암군 신북면 갈곡리 ,한우,2,2025-05-01
천인농장,전라남도 영암군 도포면 구학리 ,한우,19,2025-05-01
태양축산2,전라남도 영암군 시종면 만수리 ,한우,25,2025-05-01
운학농장,전라남도 영암군 시종면 신연리 ,한우,42,2025-05-01
사부자3농장,전라남도 영암군 덕진면 영보리 ,한우,81,2025-05-01
사부자2농장,전라남도 영암군 덕진면 영보리 ,한우,116,2025-05-01
형민농장,전라남도 영암군 영암읍 망호리 ,한우,547,2025-05-01
영암축협(은율농장),전라남도 영암군 서호면 소산리 ,한우,200,2025-05-01
성심농장,전라남도 영암군 미암면 춘동리 ,한우,57,2025-05-01
우영농장,전라남도 영암군 도포면 영호리 ,한우,27,2025-05-01
안식농장,전라남도 영암군 금정면 용흥리 ,한우,22,2025-05-01
동학축사,전라남도 영암군 학산면 상월리 ,한우,70,2025-05-01
금강1농장,전라남도 영암군 서호면 금강리 ,한우,3,2025-05-01
미광농원,전라남도 영암군 신북면 월평리 ,한우,58,2025-05-01
한길농장,전라남도 영암군 서호면 쌍풍리 ,한우,118,2025-05-01
천손1목장,전라남도 영암군 서호면 쌍풍리 ,한우,145,2025-05-01
금강제이농장,전라남도 영암군 서호면 금강리 ,한우,1,2025-05-01
현우농장,전라남도 영암군 시종면 구산리 ,한우,59,2025-05-01
천만농장,전라남도 영암군 덕진면 금강리 ,한우,13,2025-05-01
늘해랑농장,전라남도 영암군 서호면 금강리 ,한우,38,2025-05-01
세진농장,전라남도 영암군 도포면 성산리 ,한우,71,2025-05-01
반갑소2농장,전라남도 영암군 덕진면 장선리 ,한우,78,2025-05-01
화우농장,전라남도 영암군 덕진면 금강리 ,한우,87,2025-05-01
신우농장,전라남도 영암군 도포면 원항리 ,한우,160,2025-05-01
아린농장,전라남도 영암군 서호면 소산리 ,한우,160,2025-05-01
동우농장,전라남도 영암군 미암면 호포리 ,한우,63,2025-05-01
준성농장,전라남도 영암군 시종면 와우리 ,한우,69,2025-05-01
성민농장,전라남도 영암군 시종면 신흥리 ,한우,3,2025-05-01
대광축산,전라남도 영암군 도포면 원항리 ,한우,6,2025-05-01
다담축산,전라남도 영암군 도포면 영호리 ,한우,2,2025-05-01
반석축산,전라남도 영암군 덕진면 노송리 ,한우,20,2025-05-01
삼휘축산 제2농장,전라남도 영암군 서호면 몽해리 ,한우,90,2025-05-01
은월농장,전라남도 영암군 서호면 쌍풍리 ,한우,14,2025-05-01
지호축사,전라남도 영암군 시종면 금지리 ,한우,33,2025-05-01
2행운농장,전라남도 영암군 신북면 행정리 ,한우,46,2025-05-01
우하농장,전라남도 영암군 도포면 수산리 ,한우,78,2025-05-01
기현농장,전라남도 영암군 서호면 소산리 ,한우,13,2025-05-01
구시월드 대양농장,전라남도 영암군 신북면 장산리 ,한우,93,2025-05-01
수향농장,전라남도 영암군 신북면 월지리 ,한우,13,2025-05-01
