연번,사업장명칭,주사육업종,등록축종,사업장소재지
1,다하라농장,한우,한우,전라남도 영광군 영광읍
2,부농농장,돼지,돼지,전라남도 영광군 염산면
3,보배농장,종계/산란계,종계/산란계,전라남도 영광군 영광읍
4,오송농장,육계,육계,전라남도 영광군 군서면
5,유레카목장,젖소,젖소,전라남도 영광군 영광읍
6,신대농장,종계/산란계,종계/산란계,전라남도 영광군 영광읍
7,이레농장,돼지,돼지,전라남도 영광군 염산면
8,풍산그린양계,육계,육계,전라남도 영광군 묘량면
9,월현농장,한우,한우,전라남도 영광군 영광읍
10,산정농장,한우,한우,전라남도 영광군 영광읍
11,와룡농장,육계,육계,전라남도 영광군 영광읍
12,태원농장,육계,육계,전라남도 영광군 군서면
13,동산농원,돼지,돼지,전라남도 영광군 대마면
14,시병축산,돼지,돼지,전라남도 영광군 영광읍
15,한울축산,돼지,돼지,전라남도 영광군 법성면
16,양성농장,육계,육계,전라남도 영광군 백수읍
17,태화축산,돼지,돼지,전라남도 영광군 묘량면
18,은혜농장,돼지,돼지,전라남도 영광군 묘량면
19,금오2농장,돼지,돼지,전라남도 영광군 묘량면
20,녹색농원,돼지,돼지,전라남도 영광군 영광읍
21,삼미농장,돼지,돼지,전라남도 영광군 법성면
22,만년농장,돼지,돼지,전라남도 영광군 군서면
23,포야농장,돼지,돼지,전라남도 영광군 묘량면
24,미르목장,젖소,"육우, 젖소",전라남도 영광군 법성면
25,대영농장,한우,한우,전라남도 영광군 법성면
26,지장축산,한우,한우,전라남도 영광군 법성면
27,부농축산,한우,한우,전라남도 영광군 법성면
28,장수농장,한우,한우,전라남도 영광군 법성면
29,칠성농장,한우,한우,전라남도 영광군 영광읍
30,송림농장,한우,한우,전라남도 영광군 영광읍
31,오성농장,한우,한우,전라남도 영광군 영광읍
32,와룡축산,한우,한우,전라남도 영광군 영광읍
33,명길농장,한우,한우,전라남도 영광군 영광읍
34,송배농장,한우,한우,전라남도 영광군 백수읍
35,장재기농장,육계,육계,전라남도 영광군 영광읍
36,입석한우농장,한우,한우,전라남도 영광군 영광읍
37,해오름농장,한우,한우,전라남도 영광군 법성면
38,진량축산,한우,한우,전라남도 영광군 법성면
39,동주농장,한우,한우,전라남도 영광군 염산면
40,최병원농장,한우,한우,전라남도 영광군 염산면
41,영일농장,한우,한우,전라남도 영광군 군서면
42,연희농장,한우,한우,전라남도 영광군 백수읍
43,광백농장,한우,한우,전라남도 영광군 백수읍
44,영민농장,한우,한우,전라남도 영광군 백수읍
45,학산농장,한우,한우,전라남도 영광군 백수읍
46,박백열농장,한우,한우,전라남도 영광군 염산면
47,세덕축산,한우,한우,전라남도 영광군 홍농읍
48,구미숙농장,한우,한우,전라남도 영광군 대마면
49,구산농장,한우,한우,전라남도 영광군 대마면
50,문산축산,한우,한우,전라남도 영광군 홍농읍
51,가오농장,한우,한우,전라남도 영광군 불갑면
52,부흥농장,한우,한우,전라남도 영광군 불갑면
53,153농장,한우,한우,전라남도 영광군 불갑면
54,성희축산,한우,한우,전라남도 영광군 염산면
55,석진관축산,한우,한우,전라남도 영광군 염산면
56,오교농장,한우,한우,전라남도 영광군 염산면
57,종필농장,한우,한우,전라남도 영광군 불갑면
58,홍석농장,한우,한우,전라남도 영광군 백수읍
59,큰윤호농장,한우,한우,전라남도 영광군 영광읍
60,이국사농장,한우,한우,전라남도 영광군 불갑면
61,유재빈농장,한우,한우,전라남도 영광군 불갑면
62,오미농장,한우,한우,전라남도 영광군 불갑면
63,금계축산,한우,한우,전라남도 영광군 불갑면
64,박종성농장,한우,한우,전라남도 영광군 불갑면
65,이우송농장,한우,한우,전라남도 영광군 영광읍
66,대오축산,돼지,돼지,전라남도 영광군 묘량면
67,하늬농장,젖소,젖소,전라남도 영광군 법성면
68,강화목장,한우,한우,전라남도 영광군 대마면
69,운경농장,한우,한우,전라남도 영광군 염산면
70,우리농장,한우,한우,전라남도 영광군 염산면
71,남성축산,한우,한우,전라남도 영광군 염산면
72,승호농장,한우,한우,전라남도 영광군 불갑면
73,태균농장,육계,육계,전라남도 영광군 백수읍
74,대신농장,육계,육계,전라남도 영광군 백수읍
75,문주농장,육계,육계,전라남도 영광군 대마면
76,원기농장,육계,육계,전라남도 영광군 묘량면
77,하늘네 농장,육계,육계,전라남도 영광군 묘량면
78,승빈농원,육계,육계,전라남도 영광군 영광읍
79,양성농장,육계,육계,전라남도 영광군 백수읍
80,백억농장,육계,육계,전라남도 영광군 군서면
81,월암축산,육계,육계,전라남도 영광군 염산면
82,송강영농장,한우,한우,전라남도 영광군 군남면
83,덕산농장,육계,육계,전라남도 영광군 군서면
84,송학농장,육계,육계,전라남도 영광군 군서면
85,유진농장,한우,한우,전라남도 영광군 염산면
86,진농장,육계,육계,전라남도 영광군 염산면
87,상하평화목장,젖소,젖소,전라남도 영광군 군서면
88,소영농장,육계,육계,전라남도 영광군 군서면
89,광현농장,한우,한우,전라남도 영광군 백수읍
90,피그존,돼지,돼지,전라남도 영광군 군서면
91,황규영농장,한우,한우,전라남도 영광군 홍농읍
92,성천농장,육계,육계,전라남도 영광군 염산면
93,정연축산,한우,한우,전라남도 영광군 백수읍
94,백삼프로농장,육계,육계,전라남도 영광군 군서면
95,대호농장,한우,한우,전라남도 영광군 백수읍
96,새희망 농장,육계,육계,전라남도 영광군 법성면
97,금오축산,돼지,돼지,전라남도 영광군 묘량면
98,금호농장,육계,육계,전라남도 영광군 영광읍
99,영호농장,한우,한우,전라남도 영광군 영광읍
100,와룡목장,젖소,젖소,전라남도 영광군 영광읍
101,강운봉농장,육계,육계,전라남도 영광군 염산면
102,백제농장,한우,한우,전라남도 영광군 영광읍
103,우성농장,한우,한우,전라남도 영광군 법성면
104,지안축사,한우,한우,전라남도 영광군 법성면
105,형우축산,한우,한우,전라남도 영광군 법성면
106,은이농장,돼지,돼지,전라남도 영광군 묘량면
107,연동축산,돼지,돼지,전라남도 영광군 영광읍
108,영산농장,한우,한우,전라남도 영광군 불갑면
109,정원농장,한우,한우,전라남도 영광군 불갑면
110,운제농장,한우,한우,전라남도 영광군 불갑면
111,한실축사,한우,한우,전라남도 영광군 군서면
112,서항근농장,한우,한우,전라남도 영광군 묘량면
113,청산농장,한우,한우,전라남도 영광군 묘량면
114,재이농장,한우,한우,전라남도 영광군 영광읍
115,가을농장,한우,한우,전라남도 영광군 불갑면
116,김민환농장,한우,한우,전라남도 영광군 홍농읍
117,효광농장,한우,한우,전라남도 영광군 법성면
118,박봉식농장,한우,한우,전라남도 영광군 백수읍
119,박봉선농장,한우,한우,전라남도 영광군 백수읍
120,명운농장,한우,한우,전라남도 영광군 백수읍
121,덕흥축산,한우,한우,전라남도 영광군 법성면
122,신정농장,한우,한우,전라남도 영광군 묘량면
123,상오영농조합법인,한우,한우,전라남도 영광군 염산면
124,백수영농조합법인,한우,한우,전라남도 영광군 백수읍
125,입동목장,젖소,젖소,전라남도 영광군 영광읍
126,호산나농장,젖소,젖소,전라남도 영광군 대마면
127,백동목장,젖소,젖소,전라남도 영광군 영광읍
128,연동목장,젖소,젖소,전라남도 영광군 영광읍
129,지성목장,한우,,전라남도 영광군 군서면
130,황토축산,한우,한우,전라남도 영광군 홍농읍
131,이관재농장,한우,한우,전라남도 영광군 홍농읍
132,두우리농장,한우,한우,전라남도 영광군 염산면
133,석산축산,한우,한우,전라남도 영광군 군서면
134,양지농장,한우,한우,전라남도 영광군 군서면
135,안골농장,한우,한우,전라남도 영광군 군서면
136,상화농장,돼지,돼지,전라남도 영광군 대마면
137,태청산농장,한우,한우,전라남도 영광군 영광읍
138,와룡축산1,한우,한우,전라남도 영광군 영광읍
139,이천농장,한우,한우,전라남도 영광군 영광읍
140,진월농장,젖소,젖소,전라남도 영광군 묘량면
141,입석목장,젖소,젖소,전라남도 영광군 영광읍
142,상하하영목장,젖소,"한우, 젖소",전라남도 영광군 불갑면
143,양평한우,한우,한우,전라남도 영광군 영광읍
144,태청목장,한우,"한우, 육우",전라남도 영광군 대마면
145,최일환농장,한우,한우,전라남도 영광군 염산면
146,박흥용농장,한우,한우,전라남도 영광군 염산면
147,한재천농장,한우,한우,전라남도 영광군 염산면
148,애예은농장,한우,"한우, 염소",전라남도 영광군 군남면
149,정순조농장,한우,한우,전라남도 영광군 영광읍
150,태산목장,한우,한우,전라남도 영광군 백수읍
151,초록농장,한우,한우,전라남도 영광군 백수읍
152,효은농장,한우,한우,전라남도 영광군 법성면
153,병관농장,한우,한우,전라남도 영광군 영광읍
154,영숙농장,한우,한우,전라남도 영광군 묘량면
155,월곡농장,한우,한우,전라남도 영광군 영광읍
156,밝음농장,한우,한우,전라남도 영광군 불갑면
157,선우목장,젖소,젖소,전라남도 영광군 홍농읍
158,지학농장,한우,,전라남도 영광군 대마면
159,신덕축산,한우,한우,전라남도 영광군 법성면
160,장자농장,한우,한우,전라남도 영광군 법성면
161,대승축산,한우,한우,전라남도 영광군 백수읍
162,삼수농장,한우,한우,전라남도 영광군 불갑면
163,새롬축산,한우,한우,전라남도 영광군 묘량면
164,윤석천농장,한우,한우,전라남도 영광군 묘량면
165,삼학농장,한우,한우,전라남도 영광군 묘량면
166,덕흥축산,한우,한우,전라남도 영광군 묘량면
167,매선박농장,한우,한우,전라남도 영광군 묘량면
168,영진농장,한우,한우,전라남도 영광군 법성면
169,은혜농장,한우,한우,전라남도 영광군 묘량면
170,희망농장,한우,한우,전라남도 영광군 불갑면
171,장암농장,한우,한우,전라남도 영광군 묘량면
172,구원축사,한우,한우,전라남도 영광군 영광읍
173,풍요농장,한우,한우,전라남도 영광군 불갑면
174,사등농장,한우,한우,전라남도 영광군 백수읍
175,와우축산,한우,한우,전라남도 영광군 묘량면
176,덕전농장,한우,한우,전라남도 영광군 영광읍
177,명은농장,한우,한우,전라남도 영광군 군서면
178,김종수농장,한우,한우,전라남도 영광군 불갑면
179,한우농장,한우,한우,전라남도 영광군 군서면
180,늘푸른농장,한우,한우,전라남도 영광군 백수읍
181,청보리한우영농조합법인,한우,한우,전라남도 영광군 법성면
182,늘푸른농장,한우,한우,전라남도 영광군 영광읍
183,청솔농장,육계,육계,전라남도 영광군 군남면
184,대승농장,한우,한우,전라남도 영광군 대마면
185,금성농장,육계,육계,전라남도 영광군 법성면
186,형제농장,한우,한우,전라남도 영광군 대마면
187,강일원농장,한우,한우,전라남도 영광군 백수읍
188,만수축산,한우,한우,전라남도 영광군 군서면
189,정원농장,한우,한우,전라남도 영광군 불갑면
190,거성농장,돼지,돼지,전라남도 영광군 대마면
191,대주농장,한우,한우,전라남도 영광군 백수읍
192,백동농장,한우,한우,전라남도 영광군 영광읍
193,원흥농장,오리,오리,전라남도 영광군 대마면
194,정산축산,한우,한우,전라남도 영광군 묘량면
195,학동농장,한우,한우,전라남도 영광군 묘량면
196,신만농장,한우,한우,전라남도 영광군 영광읍
197,민들레농장,한우,한우,전라남도 영광군 영광읍
198,평전농장,한우,한우,전라남도 영광군 영광읍
199,자비농장,한우,한우,전라남도 영광군 불갑면
200,대사미 축산,한우,한우,전라남도 영광군 백수읍
201,형우농장,한우,한우,전라남도 영광군 법성면
202,클로버농장,한우,한우,전라남도 영광군 군서면
203,모악농장,한우,한우,전라남도 영광군 불갑면
204,정민수농장,한우,한우,전라남도 영광군 염산면
205,성율농장,한우,한우,전라남도 영광군 염산면
206,성한목장,한우,한우,전라남도 영광군 불갑면
207,운식농장,한우,한우,전라남도 영광군 염산면
208,단산농장,한우,한우,전라남도 영광군 불갑면
209,초원농장,한우,한우,전라남도 영광군 백수읍
210,해오름농장,한우,한우,전라남도 영광군 군남면
211,숙원농장,한우,한우,전라남도 영광군 염산면
212,서천농장,한우,한우,전라남도 영광군 영광읍
213,창조농장,육계,육계,전라남도 영광군 묘량면
214,오동축산,한우,한우,전라남도 영광군 염산면
215,동윤양우,한우,육우,전라남도 영광군 법성면
216,어울림농장,종계/산란계,종계/산란계,전라남도 영광군 백수읍
217,천정농장,오리,오리,전라남도 영광군 백수읍
218,형제농장,한우,한우,전라남도 영광군 백수읍
219,석산축산,한우,한우,전라남도 영광군 군서면
220,남수농장,한우,한우,전라남도 영광군 영광읍
221,신하축산,한우,한우,전라남도 영광군 영광읍
222,정복농장,한우,한우,전라남도 영광군 영광읍
223,정남농장,한우,한우,전라남도 영광군 염산면
224,한성축산,한우,한우,전라남도 영광군 백수읍
225,유남농장,한우,한우,전라남도 영광군 홍농읍
226,성산축산,한우,한우,전라남도 영광군 홍농읍
227,화신농장,한우,한우,전라남도 영광군 홍농읍
228,동성농장,한우,한우,전라남도 영광군 홍농읍
229,은준농장,한우,한우,전라남도 영광군 홍농읍
230,삼차농장,한우,한우,전라남도 영광군 홍농읍
231,반월축산,한우,한우,전라남도 영광군 묘량면
232,정식농장,한우,한우,전라남도 영광군 묘량면
233,석구농장,한우,한우,전라남도 영광군 묘량면
234,월암태정,한우,한우,전라남도 영광군 묘량면
235,한우농장,한우,한우,전라남도 영광군 묘량면
236,모악축산,한우,한우,전라남도 영광군 불갑면
237,의주농장,한우,한우,전라남도 영광군 불갑면
238,가나농장,한우,한우,전라남도 영광군 불갑면
239,형제농장,한우,한우,전라남도 영광군 군서면
240,모레골 농장,한우,한우,전라남도 영광군 군서면
241,봉전농장,한우,한우,전라남도 영광군 염산면
242,진이농장,한우,한우,전라남도 영광군 염산면
243,춘수농장,한우,한우,전라남도 영광군 염산면
244,동례농장,한우,한우,전라남도 영광군 법성면
245,언도농장,한우,한우,전라남도 영광군 법성면
246,호장농장,한우,한우,전라남도 영광군 법성면
247,춘성농장,한우,한우,전라남도 영광군 법성면
248,삼수농장,한우,한우,전라남도 영광군 법성면
249,병주농장,한우,한우,전라남도 영광군 법성면
250,한우축산,한우,한우,전라남도 영광군 백수읍
251,우리농장,한우,한우,전라남도 영광군 대마면
252,송죽농장,한우,한우,전라남도 영광군 대마면
253,임례농장,한우,한우,전라남도 영광군 대마면
254,평금농장,한우,한우,전라남도 영광군 대마면
255,은환농장,한우,한우,전라남도 영광군 묘량면
256,신흥축산,한우,한우,전라남도 영광군 묘량면
257,봉성농장,한우,한우,전라남도 영광군 묘량면
258,병복농장,한우,한우,전라남도 영광군 묘량면
259,중앙축산,한우,한우,전라남도 영광군 군서면
260,온누리농장,한우,한우,전라남도 영광군 불갑면
261,재갑농장,한우,한우,전라남도 영광군 염산면
262,상우농장,한우,한우,전라남도 영광군 염산면
263,봉서농장,한우,한우,전라남도 영광군 염산면
264,칠성목장,한우,한우,전라남도 영광군 법성면
265,용진축산,한우,한우,전라남도 영광군 법성면
266,영교농장,한우,한우,전라남도 영광군 법성면
267,지장농장,한우,한우,전라남도 영광군 법성면
268,영성농장,한우,한우,전라남도 영광군 백수읍
269,백동농장,한우,한우,전라남도 영광군 백수읍
270,갑용농장,한우,한우,전라남도 영광군 군남면
271,어진농장,한우,한우,전라남도 영광군 영광읍
272,서현농장,한우,한우,전라남도 영광군 영광읍
273,현두농장,한우,한우,전라남도 영광군 묘량면
274,완신농장,한우,한우,전라남도 영광군 묘량면
275,재경농장,한우,한우,전라남도 영광군 불갑면
276,경남농장,한우,한우,전라남도 영광군 불갑면
277,도현이네 농장,한우,한우,전라남도 영광군 군서면
278,노진수농장,한우,한우,전라남도 영광군 군서면
279,원식농장,한우,한우,전라남도 영광군 백수읍
280,송철농장,한우,한우,전라남도 영광군 백수읍
281,한성농장,한우,한우,전라남도 영광군 백수읍
282,가곡한우농장,한우,한우,전라남도 영광군 홍농읍
283,정봉농장,한우,한우,전라남도 영광군 홍농읍
284,초원농장,한우,한우,전라남도 영광군 백수읍
285,광훈농장,한우,한우,전라남도 영광군 백수읍
286,혜은농장,육계,육계,전라남도 영광군 염산면
287,대창축산,한우,한우,전라남도 영광군 군남면
288,보기농장,한우,한우,전라남도 영광군 영광읍
289,김희태,한우,한우,전라남도 영광군 군남면
290,신장농장,한우,한우,전라남도 영광군 법성면
291,고법축산,한우,한우,전라남도 영광군 법성면
292,이흥섭,한우,한우,전라남도 영광군 법성면
293,시원농장,한우,한우,전라남도 영광군 대마면
294,현석농장,한우,한우,전라남도 영광군 불갑면
295,상노농장,한우,한우,전라남도 영광군 영광읍
296,정남축산,한우,한우,전라남도 영광군 군남면
297,안호농장,한우,한우,전라남도 영광군 영광읍
298,지산농장,한우,한우,전라남도 영광군 백수읍
299,연종농장,한우,한우,전라남도 영광군 백수읍
300,삼청농장,한우,한우,전라남도 영광군 군남면
301,선재농장,한우,한우,전라남도 영광군 군남면
302,아양농장,한우,한우,전라남도 영광군 군남면
303,정영섭농장,한우,한우,전라남도 영광군 군남면
304,신성농장,한우,한우,전라남도 영광군 염산면
305,판석농장,한우,한우,전라남도 영광군 영광읍
306,화연농장,한우,한우,전라남도 영광군 영광읍
307,백양농장,한우,한우,전라남도 영광군 군남면
308,청석농장,한우,한우,전라남도 영광군 군남면
309,대근농장,한우,한우,전라남도 영광군 염산면
310,백수농장,한우,한우,전라남도 영광군 영광읍
311,길수농장,한우,한우,전라남도 영광군 백수읍
312,우리농장,한우,한우,전라남도 영광군 군남면
313,은혜농장,한우,한우,전라남도 영광군 묘량면
314,훈재농장,한우,한우,전라남도 영광군 법성면
315,샘골한우농장,한우,한우,전라남도 영광군 군남면
316,월평농장,한우,한우,전라남도 영광군 염산면
317,삼진농장,한우,한우,전라남도 영광군 홍농읍
318,복주농장,한우,한우,전라남도 영광군 홍농읍
319,금주농장,한우,한우,전라남도 영광군 홍농읍
320,병철농장,한우,한우,전라남도 영광군 영광읍
321,희태농장,한우,한우,전라남도 영광군 백수읍
322,상기농장,한우,한우,전라남도 영광군 법성면
323,한성농장,한우,한우,전라남도 영광군 백수읍
324,종근농장,한우,한우,전라남도 영광군 홍농읍
325,만호농장,한우,한우,전라남도 영광군 군남면
326,전정호농장,한우,한우,전라남도 영광군 홍농읍
327,봉섭농장,한우,한우,전라남도 영광군 군남면
328,화복농장,한우,한우,전라남도 영광군 불갑면
329,중현농장,한우,한우,전라남도 영광군 영광읍
330,배암농장,한우,한우,전라남도 영광군 군남면
331,병관농장,한우,한우,전라남도 영광군 홍농읍
332,연암농장,한우,한우,전라남도 영광군 영광읍
333,상화농장,한우,한우,전라남도 영광군 대마면
334,신계농장,한우,한우,전라남도 영광군 법성면
335,경환농장,한우,한우,전라남도 영광군 백수읍
336,부자농장,한우,한우,전라남도 영광군 영광읍
337,종환농장,한우,한우,전라남도 영광군 대마면
338,평지농장,한우,한우,전라남도 영광군 백수읍
339,경주농장,한우,한우,전라남도 영광군 홍농읍
340,광기농장,한우,한우,전라남도 영광군 불갑면
341,기현농장,한우,한우,전라남도 영광군 불갑면
342,영준농장,한우,한우,전라남도 영광군 불갑면
343,부실농장,한우,한우,전라남도 영광군 불갑면
344,신흥농장,한우,한우,전라남도 영광군 염산면
345,축동농장,한우,한우,전라남도 영광군 염산면
346,고담농장,한우,한우,전라남도 영광군 불갑면
347,인성목장,젖소,젖소,전라남도 영광군 법성면
348,송암농장,한우,한우,전라남도 영광군 염산면
349,상일축산,한우,한우,전라남도 영광군 묘량면
350,월평농장,한우,한우,전라남도 영광군 백수읍
351,보라농장,한우,한우,전라남도 영광군 군서면
352,오성농장,한우,한우,전라남도 영광군 홍농읍
353,하영농장,젖소,젖소,전라남도 영광군 불갑면
354,부산농장,한우,한우,전라남도 영광군 불갑면
355,정열농장,한우,한우,전라남도 영광군 홍농읍
356,대성축산,한우,한우,전라남도 영광군 홍농읍
357,우미축산,한우,한우,전라남도 영광군 묘량면
358,순임축산,한우,한우,전라남도 영광군 묘량면
359,수진농장,한우,한우,전라남도 영광군 군서면
360,영동농장,한우,한우,전라남도 영광군 군서면
361,진표농장,한우,한우,전라남도 영광군 홍농읍
362,송산농장,한우,한우,전라남도 영광군 백수읍
363,용혁농장,한우,한우,전라남도 영광군 홍농읍
364,용석농장,한우,한우,전라남도 영광군 백수읍
365,인범농장,한우,한우,전라남도 영광군 군남면
366,신동농장,한우,한우,전라남도 영광군 염산면
367,태경농장,한우,한우,전라남도 영광군 법성면
368,박산농장,한우,한우,전라남도 영광군 불갑면
369,오동축산,한우,한우,전라남도 영광군 염산면
370,봉덕농장,한우,한우,전라남도 영광군 염산면
371,해숙농장,한우,한우,전라남도 영광군 불갑면
372,영희농장,한우,한우,전라남도 영광군 홍농읍
373,토송농장,한우,한우,전라남도 영광군 백수읍
374,묘동농장,한우,한우,전라남도 영광군 백수읍
375,에덴축산,한우,한우,전라남도 영광군 염산면
376,모악축사,한우,한우,전라남도 영광군 불갑면
377,우리농장,한우,한우,전라남도 영광군 불갑면
378,내방농장,한우,한우,전라남도 영광군 군서면
379,효동축사,한우,한우,전라남도 영광군 백수읍
380,홍곡농장,한우,한우,전라남도 영광군 백수읍
381,월곡농장,한우,한우,전라남도 영광군 영광읍
382,진균축산,한우,한우,전라남도 영광군 백수읍
383,지암축산,한우,한우,전라남도 영광군 백수읍
384,기수농장,한우,한우,전라남도 영광군 군서면
385,보나농장,한우,한우,전라남도 영광군 군서면
386,보라리농장,한우,한우,전라남도 영광군 군서면
387,치성농장,한우,한우,전라남도 영광군 염산면
388,형제농장,한우,한우,전라남도 영광군 염산면
389,태양농원,한우,한우,전라남도 영광군 법성면
390,서낙홍농장,한우,한우,전라남도 영광군 영광읍
391,와룡축산,한우,한우,전라남도 영광군 영광읍
392,월평농장,한우,한우,전라남도 영광군 영광읍
393,정훈농장,한우,한우,전라남도 영광군 백수읍
394,영숙농장,한우,한우,전라남도 영광군 대마면
395,김재찬농장,한우,한우,전라남도 영광군 불갑면
396,대성농장,한우,한우,전라남도 영광군 불갑면
397,유영태농장,한우,한우,전라남도 영광군 불갑면
398,오교농장,한우,한우,전라남도 영광군 염산면
399,남개동농장,한우,한우,전라남도 영광군 법성면
400,문휘경농장,한우,한우,전라남도 영광군 법성면
401,신덕농장,한우,한우,전라남도 영광군 법성면
402,창우축산,한우,한우,전라남도 영광군 염산면
403,가음축산,한우,한우,전라남도 영광군 염산면
404,와룡축산,한우,한우,전라남도 영광군 영광읍
405,영화목장,한우,한우,전라남도 영광군 묘량면
406,홍순기농장,한우,한우,전라남도 영광군 군서면
407,대덕한우,산양,산양,전라남도 영광군 법성면
408,성하축산,한우,한우,전라남도 영광군 염산면
409,미례농장,한우,한우,전라남도 영광군 영광읍
410,신흥농장,한우,한우,전라남도 영광군 영광읍
411,한우리 그린농장,육계,육계,전라남도 영광군 군서면
412,대양농장,한우,한우,전라남도 영광군 군서면
413,큰북축산,한우,한우,전라남도 영광군 염산면
414,삼축농장,한우,한우,전라남도 영광군 염산면
415,와우농장,한우,한우,전라남도 영광군 묘량면
416,평화농장,한우,한우,전라남도 영광군 백수읍
417,신희농장,한우,한우,전라남도 영광군 백수읍
418,유일농산,육계,육계,전라남도 영광군 백수읍
419,도원목장,한우,종계/산란계,전라남도 영광군 법성면
420,송림축산,한우,한우,전라남도 영광군 영광읍
421,강원순농장,한우,한우,전라남도 영광군 염산면
422,영광베드로농장,육계,육계,전라남도 영광군 홍농읍
423,순남축산,육계,육계,전라남도 영광군 군서면
424,오하농장,한우,한우,전라남도 영광군 영광읍
425,인건농장,한우,한우,전라남도 영광군 영광읍
426,지수농장,한우,한우,전라남도 영광군 염산면
427,푸른농장,한우,한우,전라남도 영광군 영광읍
428,토성농장,한우,한우,전라남도 영광군 백수읍
429,송촌축산,한우,한우,전라남도 영광군 군서면
430,박현농장,한우,한우,전라남도 영광군 묘량면
431,상철농장,한우,한우,전라남도 영광군 영광읍
432,두리농장,한우,한우,전라남도 영광군 불갑면
433,윤환농장,한우,한우,전라남도 영광군 홍농읍
434,정성농장,한우,한우,전라남도 영광군 군남면
435,양지목장,한우,한우,전라남도 영광군 군남면
436,자유농장,한우,한우,전라남도 영광군 영광읍
437,천마목장,한우,한우,전라남도 영광군 백수읍
438,만섭농장,한우,한우,전라남도 영광군 영광읍
439,삼소농장,한우,한우,전라남도 영광군 묘량면
440,영욱농장,한우,한우,전라남도 영광군 군남면
441,용복농장,한우,한우,전라남도 영광군 영광읍
442,용래농장,한우,한우,전라남도 영광군 법성면
443,신성농장,한우,한우,전라남도 영광군 백수읍
444,창열축산,한우,한우,전라남도 영광군 염산면
445,희망농축산,한우,한우,전라남도 영광군 묘량면
446,근수농장,한우,한우,전라남도 영광군 홍농읍
447,지호농장,한우,한우,전라남도 영광군 백수읍
448,월계농장,육계,육계,전라남도 영광군 법성면
449,은하수농장,한우,한우,전라남도 영광군 군서면
450,해오름 제2농장,한우,한우,전라남도 영광군 군남면
451,축동농장,한우,한우,전라남도 영광군 백수읍
452,영례농장,한우,한우,전라남도 영광군 백수읍
453,현성농장,한우,한우,전라남도 영광군 불갑면
454,한우사랑농장,한우,한우,전라남도 영광군 영광읍
455,은혜축산,한우,한우,전라남도 영광군 영광읍
456,신우축산,한우,한우,전라남도 영광군 영광읍
457,다움농장,한우,한우,전라남도 영광군 홍농읍
458,천마농장,오리,오리,전라남도 영광군 백수읍
459,김공임농장,한우,한우,전라남도 영광군 염산면
460,광현농장,한우,한우,전라남도 영광군 백수읍
461,청정한우,한우,한우,전라남도 영광군 법성면
462,박문기농장,한우,한우,전라남도 영광군 염산면
463,정동농장,한우,한우,전라남도 영광군 군남면
464,김주박농장,한우,한우,전라남도 영광군 영광읍
465,김덕수농장,한우,한우,전라남도 영광군 법성면
466,서삼주농장,한우,한우,전라남도 영광군 군서면
467,공룡목장,한우,한우,전라남도 영광군 백수읍
468,지암농장,한우,한우,전라남도 영광군 백수읍
469,영광농장,육계,육계,전라남도 영광군 영광읍
470,행복농장,한우,한우,전라남도 영광군 불갑면
471,황주농장,한우,한우,전라남도 영광군 백수읍
472,정경호농장,한우,한우,전라남도 영광군 군서면
473,이창환농장,한우,한우,전라남도 영광군 묘량면
474,월곡축산,한우,한우,전라남도 영광군 영광읍
475,이용풍농장,한우,한우,전라남도 영광군 대마면
476,양평농장,육계,육계,전라남도 영광군 영광읍
477,보원농장,육계,육계,전라남도 영광군 군서면
478,정상화농장,한우,한우,전라남도 영광군 영광읍
479,원주농장,한우,한우,전라남도 영광군 홍농읍
480,정천철농장,한우,한우,전라남도 영광군 염산면
481,근철농장,한우,한우,전라남도 영광군 홍농읍
482,광원농장,한우,한우,전라남도 영광군 묘량면
483,신계농장,한우,한우,전라남도 영광군 법성면
484,윤례농장,한우,한우,전라남도 영광군 홍농읍
485,여의주농장,한우,한우,전라남도 영광군 법성면
486,오종식농장,한우,한우,전라남도 영광군 백수읍
487,축동농장,한우,한우,전라남도 영광군 염산면
488,뜰위에농장,한우,한우,전라남도 영광군 군서면
489,이철우농장,한우,한우,전라남도 영광군 군남면
490,장수농장,한우,한우,전라남도 영광군 대마면
491,녹사리한우농장,한우,한우,전라남도 영광군 영광읍
492,이재숙농장,한우,한우,전라남도 영광군 군서면
493,불갑산체험농장,산양,산양,전라남도 영광군 불갑면
494,아름농장,육계,육계,전라남도 영광군 백수읍
495,청암농장,한우,한우,전라남도 영광군 묘량면
496,이석옥농장,한우,한우,전라남도 영광군 대마면
497,기원농장,한우,한우,전라남도 영광군 영광읍
498,이정호농장,한우,한우,전라남도 영광군 백수읍
499,해덕농장,오리,오리,전라남도 영광군 군남면
500,김만식농장,한우,한우,전라남도 영광군 군서면
501,군서축산,한우,한우,전라남도 영광군 군서면
502,범진농장,육계,육계,전라남도 영광군 영광읍
503,은경축산,한우,한우,전라남도 영광군 염산면
504,이국섭농장,한우,한우,전라남도 영광군 염산면
505,가나안목장,한우,한우,전라남도 영광군 불갑면
506,송학농장,한우,한우,전라남도 영광군 군서면
507,서동영농장,한우,한우,전라남도 영광군 군남면
508,홍순규농장,한우,한우,전라남도 영광군 군남면
509,소율농장,한우,한우,전라남도 영광군 백수읍
510,삼당농장,한우,한우,전라남도 영광군 법성면
511,클래식한우,한우,한우,전라남도 영광군 묘량면
512,현도목장,젖소,젖소,전라남도 영광군 영광읍
513,한길농장,한우,한우,전라남도 영광군 법성면
514,율곡농장,한우,한우,전라남도 영광군 군남면
515,삼호농장,한우,한우,전라남도 영광군 영광읍
516,강이원농장,한우,한우,전라남도 영광군 불갑면
517,유동명농장,한우,한우,전라남도 영광군 백수읍
518,광대월농장,육계,육계,전라남도 영광군 군남면
519,전재현농장,한우,한우,전라남도 영광군 백수읍
520,대성농장,한우,한우,전라남도 영광군 대마면
521,와룡축산,한우,한우,전라남도 영광군 영광읍
522,수진농장,한우,한우,전라남도 영광군 군서면
523,백동목장(2),젖소,젖소,전라남도 영광군 영광읍
524,박래옥농장,한우,한우,전라남도 영광군 홍농읍
525,선우농장,한우,한우,전라남도 영광군 군서면
526,김길환농장,한우,한우,전라남도 영광군 백수읍
527,문선명농장,한우,한우,전라남도 영광군 백수읍
528,정길남농장,한우,한우,전라남도 영광군 묘량면
529,이승언농장,한우,한우,전라남도 영광군 묘량면
530,지춘희농장,한우,한우,전라남도 영광군 군서면
531,조태형농장,한우,한우,전라남도 영광군 백수읍
532,박완기농장,한우,한우,전라남도 영광군 법성면
533,상호농장,한우,한우,전라남도 영광군 영광읍
534,강순례농장,한우,한우,전라남도 영광군 백수읍
535,만규농장,한우,한우,전라남도 영광군 백수읍
536,천마리농장,한우,한우,전라남도 영광군 백수읍
537,강귀선농장,한우,한우,전라남도 영광군 염산면
538,일신농장,한우,한우,전라남도 영광군 불갑면
539,봉암농장,한우,한우,
540,민숙농장,한우,한우,전라남도 영광군 대마면
541,홍연농장,한우,한우,전라남도 영광군 백수읍
542,신흥농장,한우,한우,전라남도 영광군 영광읍
543,삼우축사,한우,한우,전라남도 영광군 염산면
544,설매농장,한우,한우,전라남도 영광군 군남면
545,평지농장,한우,한우,전라남도 영광군 백수읍
546,문권영농장,한우,한우,전라남도 영광군 군남면
547,도원목장,한우,"한우, 육우",전라남도 영광군 법성면
548,가온농장,한우,한우,전라남도 영광군 군남면
549,월산농장,한우,한우,전라남도 영광군 대마면
550,우진축산,한우,한우,전라남도 영광군 법성면
551,도동농장,한우,한우,전라남도 영광군 영광읍
552,금계농장,한우,한우,전라남도 영광군 불갑면
553,갈마농장,한우,한우,전라남도 영광군 군남면
554,철수농장,한우,한우,전라남도 영광군 영광읍
555,이레농장,육계,육계,전라남도 영광군 군서면
556,승호농장,한우,한우,전라남도 영광군 영광읍
557,원당목장,한우,한우,전라남도 영광군 대마면
558,사계절농장,한우,한우,전라남도 영광군 군남면
559,우리농장,한우,한우,전라남도 영광군 염산면
560,이봉은농장,한우,한우,전라남도 영광군 묘량면
561,나경석농장,한우,한우,전라남도 영광군 묘량면
562,강보농장,한우,한우,전라남도 영광군 대마면
563,덕림농장,한우,한우,전라남도 영광군 홍농읍
564,구재홍농장,한우,한우,전라남도 영광군 불갑면
565,김기동농장,한우,한우,전라남도 영광군 불갑면
566,성우농장,한우,한우,전라남도 영광군 불갑면
567,종면농장,한우,한우,전라남도 영광군 불갑면
568,운암농장,한우,한우,전라남도 영광군 불갑면
569,정범열농장,한우,,전라남도 영광군 불갑면
570,박은영농장,한우,한우,전라남도 영광군 불갑면
571,불갑산흑염소,산양,산양,전라남도 영광군 불갑면
572,안숙농장,한우,한우,전라남도 영광군 묘량면
573,양재철농장,한우,한우,전라남도 영광군 백수읍
574,노건농장,한우,한우,전라남도 영광군 백수읍
575,슬우농장,한우,한우,
576,송림농장,육계,육계,전라남도 영광군 영광읍
577,흥부축산,한우,한우,전라남도 영광군 법성면
578,영광밤골흑염소농장,염소,산양,전라남도 영광군 묘량면
579,연성리농장,한우,한우,
580,상하반석목장,젖소,젖소,전라남도 영광군 불갑면
581,묘동농장,한우,한우,전라남도 영광군 백수읍
582,인수농장,한우,,전라남도 영광군 백수읍
583,백동농장,한우,한우,전라남도 영광군 군서면
584,화섭농장,한우,한우,전라남도 영광군 법성면
585,에스비팜 영광,돼지,돼지,전라남도 영광군 백수읍
586,영관농장,한우,한우,전라남도 영광군 홍농읍
587,태평농장,한우,한우,전라남도 영광군 영광읍
588,신흥동농장,한우,한우,전라남도 영광군 법성면
589,하성농장,한우,한우,전라남도 영광군 법성면
590,용길농장,한우,한우,전라남도 영광군 법성면
591,덕기농장,한우,한우,전라남도 영광군 법성면
592,주동식농장,한우,한우,전라남도 영광군 법성면
593,권원농장,한우,한우,전라남도 영광군 홍농읍
594,석종농장,한우,한우,전라남도 영광군 홍농읍
595,선인축산,한우,한우,전라남도 영광군 홍농읍
596,연우농장,한우,한우,전라남도 영광군 홍농읍
597,와전축사,한우,한우,전라남도 영광군 영광읍
598,용암축산,한우,한우,전라남도 영광군 영광읍
599,연성축산,한우,한우,전라남도 영광군 영광읍
600,미선농장,한우,한우,전라남도 영광군 영광읍
601,서광농장,한우,한우,전라남도 영광군 영광읍
602,남일축산,한우,한우,전라남도 영광군 군남면
603,장수농장,한우,한우,전라남도 영광군 염산면
604,석진관축산,한우,한우,전라남도 영광군 염산면
605,대경농장,한우,한우,전라남도 영광군 홍농읍
606,둥지농장,한우,한우,전라남도 영광군 영광읍
607,장문수농장,한우,한우,전라남도 영광군 군서면
608,은성농장,한우,한우,전라남도 영광군 군서면
609,삼포농장,한우,한우,전라남도 영광군 묘량면
610,부자농장,한우,한우,전라남도 영광군 불갑면
611,경희농장,한우,한우,전라남도 영광군 불갑면
612,순례농장,한우,,전라남도 영광군 불갑면
613,연봉농장,한우,한우,전라남도 영광군 불갑면
614,정균농장,한우,한우,전라남도 영광군 불갑면
615,득성농장,한우,한우,전라남도 영광군 불갑면
616,원주농장,한우,한우,전라남도 영광군 대마면
617,화평농장,한우,한우,전라남도 영광군 대마면
618,덕흥농장,한우,한우,전라남도 영광군 묘량면
619,권호농장,한우,한우,전라남도 영광군 묘량면
620,일남농장,한우,한우,전라남도 영광군 염산면
621,복실농장,한우,한우,전라남도 영광군 염산면
622,철주농장,한우,한우,전라남도 영광군 영광읍
623,한문수농장,한우,한우,전라남도 영광군 영광읍
624,도장농장,한우,한우,전라남도 영광군 군남면
625,다리목농장,한우,한우,전라남도 영광군 군남면
626,길금농장,한우,한우,전라남도 영광군 군남면
627,재숙농장,한우,한우,전라남도 영광군 염산면
628,종식축산,한우,한우,전라남도 영광군 염산면
629,재규농장,한우,한우,전라남도 영광군 군남면
630,영온농장,한우,한우,전라남도 영광군 염산면
631,상오축사,한우,한우,전라남도 영광군 염산면
632,정민농장,한우,한우,전라남도 영광군 불갑면
633,보은농장,한우,한우,전라남도 영광군 백수읍
634,정옥농장,한우,한우,전라남도 영광군 백수읍
635,성훈농장,한우,한우,전라남도 영광군 백수읍
636,미영농장,한우,한우,전라남도 영광군 백수읍
637,곽후득농장,한우,한우,전라남도 영광군 백수읍
638,논산농장,한우,한우,전라남도 영광군 백수읍
639,양성농장,한우,한우,전라남도 영광군 백수읍
640,선영농장,한우,한우,전라남도 영광군 백수읍
641,보람농장,한우,한우,전라남도 영광군 백수읍
642,성규농장,한우,한우,전라남도 영광군 백수읍
643,영길농장,한우,한우,전라남도 영광군 백수읍
644,권종농장,한우,한우,전라남도 영광군 군서면
645,신양농장,한우,한우,전라남도 영광군 군서면
646,덕섭농장,한우,한우,전라남도 영광군 군서면
647,종산축사,한우,한우,
648,남진농장,한우,한우,
649,형철농장,한우,한우,전라남도 영광군 묘량면
650,달순이농장,한우,한우,전라남도 영광군 묘량면
651,상중농장,한우,한우,전라남도 영광군 법성면
652,성안농장,한우,한우,전라남도 영광군 홍농읍
653,경태농장,한우,한우,전라남도 영광군 홍농읍
654,경원농장,한우,한우,전라남도 영광군 백수읍
655,덕흥축산,한우,한우,전라남도 영광군 법성면
656,명호축산,한우,한우,전라남도 영광군 백수읍
657,초원농장,한우,한우,전라남도 영광군 백수읍
658,한성축산,한우,한우,전라남도 영광군 백수읍
659,수호축사,한우,한우,전라남도 영광군 묘량면
660,자유란,종계/산란계,종계/산란계,전라남도 영광군 묘량면
661,봉덕축사,한우,한우,전라남도 영광군 염산면
662,용성농장,한우,한우,전라남도 영광군 법성면
663,은숙농장,한우,한우,전라남도 영광군 홍농읍
664,한길농장,한우,한우,전라남도 영광군 영광읍
665,신상농장,한우,한우,전라남도 영광군 백수읍
666,대성농장,한우,한우,전라남도 영광군 염산면
667,수중농장,한우,한우,전라남도 영광군 백수읍
668,양지농장(1),한우,한우,전라남도 영광군 군서면
669,정자농장,한우,한우,전라남도 영광군 불갑면
670,죽동농장,한우,한우,전라남도 영광군 대마면
671,우연농장,한우,한우,전라남도 영광군 군서면
672,창국농장,한우,한우,전라남도 영광군 군남면
673,부농농장,한우,한우,
674,연환농장,한우,한우,
675,삼실농장,한우,한우,
676,석기농장,한우,한우,전라남도 영광군 백수읍
677,진학농장,종계/산란계,종계/산란계,전라남도 영광군 군남면
678,기봉농장,한우,한우,전라남도 영광군 대마면
679,동헌농장,한우,한우,전라남도 영광군 대마면
680,행복농장,한우,,전라남도 영광군 묘량면
681,아양농장,한우,한우,전라남도 영광군 군남면
682,운곡농장,한우,한우,전라남도 영광군 염산면
683,축복농장,산양,산양,전라남도 영광군 군남면
684,한아름농장,종계/산란계,종계/산란계,전라남도 영광군 군서면
685,은성농장,한우,한우,전라남도 영광군 염산면
686,명학농장,한우,한우,전라남도 영광군 염산면
687,주성농장,한우,한우,전라남도 영광군 염산면
688,정관농장,한우,한우,전라남도 영광군 염산면
689,연님농장,한우,한우,전라남도 영광군 염산면
690,소녀농장,한우,한우,전라남도 영광군 염산면
691,태영목장,한우,한우,전라남도 영광군 묘량면
692,영근농장,한우,한우,전라남도 영광군 묘량면
693,형제농장,한우,한우,전라남도 영광군 염산면
694,불갑축산,한우,한우,전라남도 영광군 불갑면
695,영선축사,한우,한우,전라남도 영광군 백수읍
696,훤우농장1,한우,"한우, 산양",전라남도 영광군 군남면
697,매화골농장,한우,한우,전라남도 영광군 군남면
698,농업회사법인주식회사형경,육계,육계,전라남도 영광군 군남면
699,현자농장,육계,육계,전라남도 영광군 영광읍
700,다복농장,한우,한우,전라남도 영광군 백수읍
701,월계농장,염소,염소,전라남도 영광군 법성면
702,현강농장,염소,염소,전라남도 영광군 불갑면
703,금경농장,염소,염소,전라남도 영광군 염산면
704,선화농장,염소,염소,전라남도 영광군 홍농읍
705,다산농장,한우,한우,전라남도 영광군 염산면
706,초원농장,육계,육계,전라남도 영광군 영광읍
707,협동농장,한우,한우,전라남도 영광군 백수읍
708,영광리조트,염소,염소,전라남도 영광군 법성면
709,순금농장,한우,한우,전라남도 영광군 염산면
710,선경사슴,사슴,사슴,전라남도 영광군 백수읍
711,용식농장,한우,한우,전라남도 영광군 영광읍
712,한우농장,한우,한우,전라남도 영광군 백수읍
713,소들의 천국,한우,한우,전라남도 영광군 홍농읍
714,옥자농장,한우,한우,전라남도 영광군 염산면
715,용주농장,한우,한우,전라남도 영광군 법성면
716,아름농장,산양,산양,전라남도 영광군 염산면
717,소밥주는남자,한우,,전라남도 영광군 묘량면
718,송정농장,한우,,전라남도 영광군 백수읍
719,태산농장,한우,한우,전라남도 영광군 군서면
720,영미목장,한우,한우,전라남도 영광군 군서면
721,세정농장,한우,한우,전라남도 영광군 불갑면
722,영숙농장,한우,,전라남도 영광군 군서면
723,양지농장,염소,"한우, 염소",전라남도 영광군 군남면
724,종업농장,한우,한우,전라남도 영광군 염산면
725,비결농장,염소,염소,전라남도 영광군 홍농읍
726,남산농장,한우,한우,전라남도 영광군 대마면
727,달맞이농장,한우,한우,전라남도 영광군 백수읍
728,장산농장,산양,산양,전라남도 영광군 백수읍
729,반석농장,육계,육계,전라남도 영광군 홍농읍
730,장산사슴목장,사슴,사슴,전라남도 영광군 백수읍
731,서윤농장,한우,한우,전라남도 영광군 영광읍
732,양평농장,한우,한우,전라남도 영광군 영광읍
733,남계농장,한우,한우,전라남도 영광군 군서면
734,금강축산,한우,한우,전라남도 영광군 묘량면
735,에덴농장,육계,육계,전라남도 영광군 홍농읍
736,도반농장,한우,,전라남도 영광군 홍농읍
737,진성하축산,염소,염소,전라남도 영광군 대마면
738,다온농장,한우,,전라남도 영광군 군남면
739,한골농장,염소,염소,전라남도 영광군 군남면
740,경신농장,염소,염소,전라남도 영광군 대마면
741,청산농장2,한우,한우,전라남도 영광군 묘량면
742,대주2농장,한우,한우,전라남도 영광군 백수읍
743,아름농장,염소,,전라남도 영광군 염산면
744,청수농장,한우,,전라남도 영광군 영광읍
745,월송농장,한우,한우,전라남도 영광군 영광읍
746,성실오리농장,오리,,전라남도 영광군 묘량면
747,희망농장,한우,한우,전라남도 영광군 백수읍
748,재현농장,한우,한우,전라남도 영광군 백수읍
749,해오름농장2,한우,한우,전라남도 영광군 군남면
750,수현농장,염소,염소,전라남도 영광군 홍농읍
751,홍농용현농장,한우,한우,전라남도 영광군 홍농읍
752,대덕농장,염소,염소,전라남도 영광군 법성면
753,이한농장,한우,한우,전라남도 영광군 불갑면
754,오주농장,한우,한우,전라남도 영광군 군남면
755,다우농장,한우,한우,전라남도 영광군 군남면
756,인성농장,한우,한우,전라남도 영광군 영광읍
757,미란농장,한우,,전라남도 영광군 백수읍
758,다움농장,한우,한우,전라남도 영광군 백수읍
759,대성축사,한우,한우,전라남도 영광군 묘량면
760,연오축산,한우,한우,전라남도 영광군 백수읍
761,용산축산,한우,한우,전라남도 영광군 영광읍
762,양수농원,한우,한우,전라남도 영광군 영광읍
763,채움농장,육계,육계,전라남도 영광군 홍농읍
764,신월농장,한우,한우,전라남도 영광군 홍농읍
765,오색농장,한우,한우,전라남도 영광군 영광읍
766,황토축산2,한우,한우,전라남도 영광군 홍농읍
767,새만금농장,한우,한우,전라남도 영광군 군서면
768,정매자2농,육계,육계,전라남도 영광군 홍농읍
769,덕동농장,한우,한우,전라남도 영광군 묘량면
770,에덴농장,육계,육계,전라남도 영광군 법성면
771,진환농장,한우,한우,전라남도 영광군 군남면
772,나라 축산,한우,한우,전라남도 영광군 군서면
773,만규농장,한우,한우,전라남도 영광군 백수읍
774,김삿갓169 한우농장,한우,한우,전라남도 영광군 영광읍
775,한축산,한우,한우,전라남도 영광군 영광읍
776,글로리팜,한우,한우,전라남도 영광군 영광읍
777,소담농장,한우,한우,전라남도 영광군 영광읍
778,일파만파농장,한우,한우,전라남도 영광군 염산면
779,다하농장,염소,염소,전라남도 영광군 염산면
780,초록농장,한우,한우,전라남도 영광군 영광읍
781,정은농장,한우,한우,전라남도 영광군 군서면
782,우리농장,한우,한우,전라남도 영광군 백수읍
783,진수농장,한우,한우,전라남도 영광군 대마면
784,상애농장,한우,한우,전라남도 영광군 영광읍
785,태산목장,한우,한우,전라남도 영광군 백수읍
786,정가네농장,한우,한우,전라남도 영광군 군서면
787,이삭농장,한우,한우,전라남도 영광군 불갑면
788,이루리농장,한우,한우,전라남도 영광군 군서면
789,천하농장,한우,한우,전라남도 영광군 영광읍
790,남매농장,한우,한우,전라남도 영광군 대마면
791,경남농장,한우,한우,전라남도 영광군 홍농읍
792,삼호농장,한우,한우,전라남도 영광군 영광읍
793,한울농장,한우,한우,전라남도 영광군 군서면
794,성림농장,한우,,전라남도 영광군 염산면
795,제일농장,한우,,전라남도 영광군 백수읍
796,정민농장,한우,한우,전라남도 영광군 영광읍
797,호암농장,한우,한우,전라남도 영광군 군서면
798,버들농원,한우,한우,전라남도 영광군 군서면
799,훈하농장,사슴,사슴,전라남도 영광군 홍농읍
800,작동축산,한우,한우,전라남도 영광군 홍농읍
801,김미경농장,한우,한우,전라남도 영광군 백수읍
802,송암농장,육계,육계,전라남도 영광군 군남면
803,황금농장,한우,한우,전라남도 영광군 홍농읍
804,원주농장,한우,한우,전라남도 영광군 홍농읍
805,청산농장,한우,한우,전라남도 영광군 묘량면
806,왕호농장,육계,육계,전라남도 영광군 영광읍
807,민구축산,한우,한우,전라남도 영광군 염산면
808,용문축산,한우,한우,전라남도 영광군 군서면
809,양평농장,한우,한우,전라남도 영광군 영광읍
810,두꺼비농장,한우,한우,전라남도 영광군 군남면
811,청정한우농장,한우,한우,전라남도 영광군 염산면
812,화선농장,한우,한우,전라남도 영광군 군서면
813,518농장,한우,한우,전라남도 영광군 염산면
814,재영농장,한우,한우,전라남도 영광군 영광읍
815,우진농장,한우,한우,전라남도 영광군 염산면
816,나라농장,한우,한우,전라남도 영광군 영광읍
817,와우축산2,한우,한우,전라남도 영광군 영광읍
818,황토골농장,한우,한우,전라남도 영광군 홍농읍
819,삼남매한우농장,한우,한우,전라남도 영광군 묘량면
820,순자농장,한우,한우,전라남도 영광군 홍농읍
821,현진목장,한우,한우,전라남도 영광군 군서면
822,자연농장,한우,한우,전라남도 영광군 홍농읍
823,봉영농장,한우,한우,전라남도 영광군 대마면
824,대주농장3,한우,한우,전라남도 영광군 백수읍
825,와룡축산2,한우,한우,전라남도 영광군 영광읍
826,군남축산,한우,한우,전라남도 영광군 군남면
827,인환농장,한우,한우,전라남도 영광군 백수읍
828,신흥농장,한우,한우,전라남도 영광군 대마면
829,미경축산,한우,한우,전라남도 영광군 군남면
830,이호농장,한우,한우,전라남도 영광군 묘량면
831,영광농장,산란육성계,산란육성계,전라남도 영광군 영광읍
832,보라농장2,한우,,전라남도 영광군 군서면
833,지우농장,한우,,전라남도 영광군 불갑면
834,칠성농장,한우,,전라남도 영광군 영광읍
835,소통농장,한우,한우,전라남도 영광군 영광읍
836,덕흥축산,한우,한우,전라남도 영광군 묘량면
837,관승농장,한우,,전라남도 영광군 영광읍
838,대호농장,한우,한우,전라남도 영광군 백수읍
839,백영목장,한우,한우,전라남도 영광군 영광읍
840,남도축산,한우,,전라남도 영광군 대마면
841,부용골농장,한우,,전라남도 영광군 법성면
842,소마루농장,한우,한우,전라남도 영광군 백수읍
843,남선한우농장,한우,,전라남도 영광군 군남면
844,찬구농장,한우,,전라남도 영광군 영광읍
845,매선박농장2,한우,,전라남도 영광군 묘량면
846,한길농장,한우,,전라남도 영광군 법성면
847,형민농장,한우,,전라남도 영광군 법성면
848,포동이농장,한우,,전라남도 영광군 군서면
849,남수농장,한우,,전라남도 영광군 영광읍
850,은찬목장,한우,,전라남도 영광군 홍농읍
851,유주농장,한우,,전라남도 영광군 군서면
852,가오농장2,한우,,전라남도 영광군 불갑면
853,영광에덴농장,한우,,전라남도 영광군 군서면
854,누리농장,한우,,전라남도 영광군 영광읍
855,노을축산,한우,,전라남도 영광군 백수읍
856,대박농장2,한우,,전라남도 영광군 법성면
857,혜미농장,한우,,전라남도 영광군 홍농읍
858,주호농장,한우,,전라남도 영광군 묘량면
859,용성축산,한우,,전라남도 영광군 법성면
860,갈마농장,한우,,전라남도 영광군 군남면
861,만년축산,한우,,전라남도 영광군 군서면
862,가온농장,한우,,전라남도 영광군 영광읍
863,석진농장,한우,,전라남도 영광군 불갑면
864,채움 농장,한우,,전라남도 영광군 군서면
865,영광흑염소농장,염소,,전라남도 영광군 영광읍
866,종남축사,한우,,전라남도 영광군 백수읍
867,해오름영농조합법인,한우,,전라남도 영광군 군남면
868,윤지농장,한우,,전라남도 영광군 군서면
869,은지농장,한우,,전라남도 영광군 영광읍
870,미소농장,한우,,전라남도 영광군 군남면
871,영표농장,한우,,전라남도 영광군 군서면
872,재성농장,한우,,전라남도 영광군 백수읍
873,희빈농장,한우,,전라남도 영광군 백수읍
874,만송농장,한우,,전라남도 영광군 영광읍
875,신정축산,한우,,전라남도 영광군 묘량면
876,시우농장,한우,,전라남도 영광군 백수읍
877,두레농장,육계,,전라남도 영광군 홍농읍
878,신우한우농장,한우,,전라남도 영광군 영광읍
879,와룡농장,한우,,전라남도 영광군 영광읍
880,상원농장,한우,,전라남도 영광군 영광읍
881,해동농장,한우,,전라남도 영광군 묘량면
882,춘수농장,한우,,전라남도 영광군 염산면
883,J이하목장,한우,,전라남도 영광군 영광읍
884,우희농장,한우,,전라남도 영광군 염산면
885,웰빙농장,한우,,전라남도 영광군 법성면
886,세정축산,한우,,전라남도 영광군 영광읍
887,무열농장,한우,,전라남도 영광군 염산면
888,병희축사,한우,,전라남도 영광군 홍농읍
889,관용농장,한우,,전라남도 영광군 홍농읍
890,용호농장,한우,,전라남도 영광군 군서면
891,정민 제2농장,한우,,전라남도 영광군 영광읍
892,신월농장,한우,,전라남도 영광군 영광읍
893,군남축사,한우,,전라남도 영광군 군남면
894,조은농장,한우,,전라남도 영광군 백수읍
895,토성한우농장,한우,,전라남도 영광군 백수읍
896,상만축산,한우,,전라남도 영광군 묘량면
897,삼강농장,한우,,전라남도 영광군 백수읍
898,길축산,한우,,전라남도 영광군 영광읍
899,민석농장,한우,,전라남도 영광군 군서면
900,민석농장,한우,,전라남도 영광군 군서면
901,미금축산,한우,,전라남도 영광군 백수읍
902,하나은 농장,한우,,전라남도 영광군 묘량면
903,계송 흑염소 농장,산양,,전라남도 영광군 영광읍
904,성화2농장,한우,,전라남도 영광군 영광읍
905,누리농장,한우,,전라남도 영광군 불갑면
906,꿈의 농장,한우,,전라남도 영광군 홍농읍
907,대덕농장,한우,,전라남도 영광군 홍농읍
908,미나농장,한우,,전라남도 영광군 군서면
909,보라농장,한우,,전라남도 영광군 군서면
910,송산농장,한우,,전라남도 영광군 백수읍
911,거성 한우농장,한우,,전라남도 영광군 군서면
912,두메 산골 한우,한우,,전라남도 영광군 홍농읍
913,김삿갓농장,한우,,전라남도 영광군 영광읍
914,서당농장,한우,,전라남도 영광군 법성면
915,오가네 농장,염소,,전라남도 영광군 염산면
916,황금농장,한우,,전라남도 영광군 홍농읍
917,준태농장,한우,,전라남도 영광군 법성면
918,사계절 농장,한우,,전라남도 영광군 군남면
919,자연농장,한우,,전라남도 영광군 법성면
920,진정농장,한우,,전라남도 영광군 홍농읍
921,순애농장,한우,,전라남도 영광군 홍농읍
922,이윤축산,한우,,전라남도 영광군 법성면
923,장자농장,한우,,전라남도 영광군 법성면
924,금호한우농장,한우,,전라남도 영광군 군서면
925,보리카우,한우,,전라남도 영광군 법성면
926,제2 안골농장,한우,,전라남도 영광군 군서면
927,대흥,한우,,전라남도 영광군 군서면
928,재경농장,한우,,전라남도 영광군 군서면
929,두리농장,한우,,전라남도 영광군 군남면
930,은정축사,한우,,전라남도 영광군 홍농읍
931,정원농장,한우,,전라남도 영광군 불갑면
932,지은농장,한우,,전라남도 영광군 불갑면
933,아린농장,한우,,전라남도 영광군 염산면
934,축복농장,한우,,전라남도 영광군 백수읍
935,희빈농장,한우,,전라남도 영광군 백수읍
936,호우농장,한우,,전라남도 영광군 염산면
937,우리농장,한우,,전라남도 영광군 군남면
938,태현농장2,한우,,전라남도 영광군 염산면
939,무명농장,염소,,전라남도 영광군 대마면
940,한우농장,한우,,전라남도 영광군 대마면
941,시등목장,육우,,전라남도 영광군 대마면
942,현두농장,한우,,전라남도 영광군 묘량면
943,민형축사,한우,,전라남도 영광군 백수읍
944,아들딸농장,한우,,전라남도 영광군 군서면
945,서영농장,한우,,전라남도 영광군 영광읍
946,홍곡농장,한우,,전라남도 영광군 백수읍
947,빛고을농장,육계,,전라남도 영광군 법성면
948,소통농장2,한우,,전라남도 영광군 영광읍
949,귀현농장,한우,,전라남도 영광군 염산면
950,온고개목장,한우,,전라남도 영광군 불갑면
951,장파농장,염소,,전라남도 영광군 홍농읍
952,한울농장2,한우,,전라남도 영광군 군남면
953,선우농장2,한우,,전라남도 영광군 군남면
954,하라한우농장,한우,,전라남도 영광군 군서면
955,민들레2농장,한우,,전라남도 영광군 영광읍
956,청정한우,한우,,전라남도 영광군 법성면
957,노을축산2,한우,,전라남도 영광군 백수읍
958,누리축산,육우,,전라남도 영광군 영광읍
959,시티농장,한우,,전라남도 영광군 백수읍
