순번,시군구명,업체명,소재지,신고일자,영업상태,주사육업종,등록허가여부,시설면적(제곱미터),데이터기준일자
1,진안군,우식농장,전북특별자치도 진안군 동향면 능금리 2431번지  ,2004-10-14,정상,한우,허가,1405,2026-01-07
2,진안군,진현농장,"전북특별자치도 진안군 성수면 좌포리 419번지 외 5필지(413-2,420,426,428,431-2) ",2004-12-03,정상,육계,허가,5413,2026-01-07
3,진안군,가림농장,전북특별자치도 진안군 진안읍 가림리 894번지 1호  ,2004-12-31,정상,돼지,허가,789.6,2026-01-07
4,진안군,슬기농장,전북특별자치도 진안군 진안읍 연장리 840번지 1호  ,2004-12-31,정상,한우,허가,976,2026-01-07
5,진안군,평지농장,전북특별자치도 진안군 마령면 평지리 377번지  ,2004-12-31,정상,돼지,허가,1033.35,2026-01-07
6,진안군,경오농장,전북특별자치도 진안군 진안읍 가림리 555번지  ,2005-02-24,정상,한우,허가,944.1,2026-01-07
7,진안군,세희농장,전북특별자치도 진안군 진안읍 구룡리 1026번지 9호  ,2005-02-24,정상,돼지,등록,1183.1,2026-01-07
8,진안군,명수농장,전북특별자치도 진안군 안천면 백화리 1247번지 1호  ,2005-02-24,정상,한우,허가,640.5,2026-01-07
9,진안군,현대축산,"전북특별자치도 진안군 진안읍 구룡리 453번지 5호 외 2필지(453-22,453-23) ",2005-02-24,정상,돼지,허가,1492.4,2026-01-07
10,진안군,금곡농장,전북특별자치도 진안군 동향면 능금리 2023번지  ,2005-02-24,정상,한우,허가,624.3,2026-01-07
11,진안군,양지농장,전북특별자치도 진안군 동향면 능금리 2112번지 1호  ,2005-02-24,정상,돼지,허가,1442,2026-01-07
12,진안군,수정농장,전북특별자치도 진안군 동향면 능금리 2007번지  ,2005-02-24,정상,한우,허가,926.97,2026-01-07
13,진안군,대진축산,전북특별자치도 진안군 부귀면 두남리 797번지  ,2005-03-08,정상,한우,허가,350,2026-01-07
14,진안군,텃골2 농장,"전북특별자치도 진안군 마령면 덕천리 445번지 8호 ,445-19 ",2005-03-08,정상,돼지,허가,3464.6,2026-01-07
15,진안군,시우농장,전북특별자치도 진안군 마령면 덕천리 445번지 18호  ,2005-03-08,정상,돼지,허가,1678.2,2026-01-07
16,진안군,강정한우마을,전북특별자치도 진안군 마령면 평지리 1043번지 2호 외 1046 ,2005-03-08,정상,한우,허가,959,2026-01-07
17,진안군,진원농장,전북특별자치도 진안군 성수면 외궁리 624번지  ,2005-03-08,정상,육계,허가,1840,2026-01-07
18,진안군,송정농장,전북특별자치도 진안군 동향면 능금리 1139번지  ,2005-03-08,정상,한우,등록,846.03,2026-01-07
19,진안군,대양축산,전북특별자치도 진안군 안천면 노성리 1562번지 1호  ,2005-04-25,정상,육계,허가,2270.4,2026-01-07
20,진안군,성옥농장,전북특별자치도 진안군 부귀면 오룡리 11번지 3호  ,2005-04-25,정상,한우,허가,1197,2026-01-07
21,진안군,하향농장,전북특별자치도 진안군 동향면 성산리 979번지 2호  ,2005-04-25,정상,육계,허가,2188,2026-01-07
22,진안군,오남농장,전북특별자치도 진안군 부귀면 신정리 285번지  ,2005-04-25,정상,한우,등록,1045,2026-01-07
23,진안군,고원,전북특별자치도 진안군 진안읍 정곡리 8번지  ,2005-04-25,정상,육계,허가,2158,2026-01-07
24,진안군,이화농장,전북특별자치도 진안군 백운면 남계리 174번지  ,2005-05-10,정상,젖소,허가,1622.25,2026-01-07
25,진안군,준호농장,전북특별자치도 진안군 마령면 계서리 832번지 1호  ,2005-05-10,정상,육계,허가,2419,2026-01-07
26,진안군,약수골 농장,전북특별자치도 진안군 부귀면 신정리 399번지  ,2005-05-10,정상,육계,허가,2187,2026-01-07
27,진안군,마이산농장,전북특별자치도 진안군 진안읍 구룡리 556번지  ,2005-07-22,정상,육계,허가,3229,2026-01-07
28,진안군,진영농장,전북특별자치도 진안군 진안읍 물곡리 1438번지 2호  ,2005-07-22,정상,육계,허가,4280,2026-01-07
29,진안군,용석농장,전북특별자치도 진안군 진안읍 연장리 1107번지  ,2005-07-22,정상,한우,등록,518,2026-01-07
30,진안군,송원농장,전북특별자치도 진안군 진안읍 연장리  ,2005-07-22,정상,돼지,허가,3514.22,2026-01-07
31,진안군,한들농장,전북특별자치도 진안군 진안읍 연장리 1114번지 4호  ,2005-07-22,정상,한우,허가,720,2026-01-07
32,진안군,강동환,전북특별자치도 진안군 부귀면 수항리 591번지 2호  ,2005-07-22,정상,육계,허가,4260,2026-01-07
33,진안군,재원농장,전북특별자치도 진안군 백운면 신암리 199번지 4호  ,2005-07-25,정상,한우,등록,700,2026-01-07
34,진안군,대윤 2농장,전북특별자치도 진안군 진안읍 정곡리 127번지  ,2005-09-13,정상,육계,허가,3140,2026-01-07
35,진안군,강호농장,전북특별자치도 진안군 진안읍 군상리 1074번지 1호  ,2005-09-13,정상,육계,허가,1500,2026-01-07
36,진안군,흥철농장,전북특별자치도 진안군 진안읍 가막리 771번지 2호  ,2005-09-13,정상,한우,허가,392,2026-01-07
37,진안군,구실농장,전북특별자치도 진안군 진안읍 연장리 1099번지 1호  ,2005-09-13,정상,한우,허가,764.63,2026-01-07
38,진안군,데미샘 꿈그린 목장,전북특별자치도 진안군 백운면 신암리 128번지  ,2005-09-13,정상,한우,허가,793,2026-01-07
39,진안군,늘푸른농장,전북특별자치도 진안군 안천면 신괴리 1020번지  ,2005-09-16,정상,육계,허가,1723,2026-01-07
40,진안군,신안농장,전북특별자치도 진안군 부귀면 봉암리 158번지 외 1필지 ,2005-09-16,정상,육계,허가,2100,2026-01-07
41,진안군,재영농장,전북특별자치도 진안군 부귀면 황금리 239번지  ,2005-09-20,정상,육계,허가,2755.44,2026-01-07
42,진안군,동화농장,전북특별자치도 진안군 성수면 외궁리 703번지 2호  ,2005-09-30,정상,한우,등록,783.73,2026-01-07
43,진안군,목동 한우농장,"전북특별자치도 진안군 성수면 도통리 344번지 1호 외 2필지(614-4,614-5) ",2005-09-30,정상,한우,허가,968.84,2026-01-07
44,진안군,은경농장,전북특별자치도 진안군 마령면 평지리 49번지 1호  ,2005-09-30,정상,육계,허가,2520.4,2026-01-07
45,진안군,상권농장,전북특별자치도 진안군 부귀면 세동리 1116번지 2호  ,2005-09-30,정상,돼지,등록,165,2026-01-07
46,진안군,주호농장,전북특별자치도 진안군 부귀면 신정리 914번지 2호  ,2005-09-30,정상,육계,등록,2200,2026-01-07
47,진안군,풀우빈농장,전북특별자치도 진안군 진안읍 연장리 94번지  ,2005-10-11,정상,한우,등록,368,2026-01-07
48,진안군,안경학농장,전북특별자치도 진안군 진안읍 정곡리 365번지 18호  ,2005-10-11,정상,한우,허가,546,2026-01-07
49,진안군,능금농장,전북특별자치도 진안군 동향면 능금리 2021번지  ,2005-10-11,정상,한우,허가,1212.43,2026-01-07
50,진안군,금옥농장,전북특별자치도 진안군 동향면 자산리 433번지  ,2005-10-11,정상,한우,허가,630,2026-01-07
51,진안군,마재골농장,전북특별자치도 진안군 성수면 중길리 127번지  ,2005-10-11,정상,육계,허가,1680,2026-01-07
52,진안군,태산농장 1,전북특별자치도 진안군 마령면 덕천리 445번지 7호  ,2005-10-11,정상,돼지,허가,1678.2,2026-01-07
53,진안군,좌산농장,전북특별자치도 진안군 성수면 좌산리 435번지 3호  ,2005-10-11,정상,젖소,허가,1617.59,2026-01-07
54,진안군,한우목장,"전북특별자치도 진안군 동향면 능금리 813번지 1호 외 2필지(813,816-1) ",2005-10-11,정상,한우,허가,1596.28,2026-01-07
55,진안군,샬롬농장,전북특별자치도 진안군 주천면 운봉리 824번지 1호  ,2005-10-11,정상,육계,허가,3105,2026-01-07
56,진안군,지헌농장,전북특별자치도 진안군 부귀면 수항리 78번지 1호  ,2005-10-11,정상,육계,허가,2097,2026-01-07
57,진안군,종민농장,전북특별자치도 진안군 성수면 구신리 553번지  ,2005-10-11,정상,한우,등록,458.61,2026-01-07
58,진안군,하초양계장,전북특별자치도 진안군 정천면 월평리 432번지  ,2005-10-11,정상,육계,등록,1300,2026-01-07
59,진안군,세원목장,전북특별자치도 진안군 진안읍 물곡리 448번지  ,2005-10-20,정상,젖소,허가,2050,2026-01-07
60,진안군,사옥농장,전북특별자치도 진안군 진안읍 가림리 74번지 (80-2) ,2005-10-20,정상,한우,허가,1423.9,2026-01-07
61,진안군,하늘아래첫농장,전북특별자치도 진안군 부귀면 황금리 265번지 3호  ,2005-10-20,정상,육계,허가,2211,2026-01-07
62,진안군,전교농장,전북특별자치도 진안군 백운면 동창리 4번지  ,2005-10-20,정상,한우,허가,292.5,2026-01-07
63,진안군,대지농장,전북특별자치도 진안군 정천면 봉학리 799번지 4호  ,2005-10-20,정상,육계,허가,5320,2026-01-07
64,진안군,대곡농장,전북특별자치도 진안군 부귀면 수항리 507번지  ,2005-10-31,정상,한우,허가,1086,2026-01-07
65,진안군,우리손 진안농장,전북특별자치도 진안군 성수면 구신리 198번지  ,2005-11-04,정상,돼지,허가,19154.8,2026-01-07
66,진안군,유일농장,전북특별자치도 진안군 성수면 좌포리 984번지  ,2005-11-04,정상,돼지,허가,3728,2026-01-07
67,진안군,정원목장,전북특별자치도 진안군 진안읍 물곡리 672번지 외 3필지 ,2005-11-04,정상,젖소,허가,1724.72,2026-01-07
68,진안군,백운양계,전북특별자치도 진안군 백운면 평장리 429번지  ,2005-11-04,정상,산란육성계,허가,1573,2026-01-07
69,진안군,돌담목장,전북특별자치도 진안군 진안읍 물곡리 849번지  ,2005-11-04,정상,젖소,허가,1112.5,2026-01-07
70,진안군,번영목장,전북특별자치도 진안군 진안읍 물곡리 546번지  ,2005-11-04,정상,젖소,허가,2560.24,2026-01-07
71,진안군,고리봉농장,전북특별자치도 진안군 진안읍 반월리 627번지  ,2005-11-10,정상,한우,허가,1131.89,2026-01-07
72,진안군,영주목장,전북특별자치도 진안군 진안읍 물곡리 618번지 1호 670 ,2005-11-16,정상,젖소,허가,1731.48,2026-01-07
73,진안군,백운농장,전북특별자치도 진안군 백운면 동창리 1214번지  ,2005-11-16,정상,오리,등록,1983,2026-01-07
74,진안군,영농장,전북특별자치도 진안군 진안읍 군하리 38번지 1호  ,2005-12-05,정상,한우,등록,494.6,2026-01-07
75,진안군,마이산 농장,전북특별자치도 진안군 진안읍 연장리 82번지  ,2005-12-05,정상,한우,등록,472,2026-01-07
76,진안군,문정농장,"전북특별자치도 진안군 백운면 신암리 765번지 7호 795, 797-1 ",2005-12-05,정상,한우,등록,248.24,2026-01-07
77,진안군,쇠실농장,전북특별자치도 진안군 동향면 능금리 1036번지  ,2005-12-05,정상,한우,등록,435.5,2026-01-07
78,진안군,물곡농장,전북특별자치도 진안군 진안읍 물곡리 947번지 1호  ,2005-12-08,정상,한우,등록,791.2,2026-01-07
79,진안군,경민농장,전북특별자치도 진안군 진안읍 물곡리 817번지  ,2005-12-08,정상,한우,등록,198,2026-01-07
80,진안군,영주농장,전북특별자치도 진안군 백운면 남계리 237번지 4호  ,2005-12-08,정상,한우,허가,1422,2026-01-07
81,진안군,은천농장1,전북특별자치도 진안군 진안읍 가림리 1478번지 2 ,2005-12-21,정상,한우,허가,1229.51,2026-01-07
82,진안군,세진농장,전북특별자치도 진안군 진안읍 가림리 1208번지 1256-1 ,2005-12-21,정상,한우,허가,1001.55,2026-01-07
83,진안군,초원농장,전북특별자치도 진안군 백운면 평장리 150번지 2호  ,2005-12-21,정상,산양,등록,926,2026-01-07
84,진안군,주섭농장,전북특별자치도 진안군 성수면 도통리 205번지 1호  ,2005-12-26,정상,한우,등록,520,2026-01-07
85,진안군,호준농장,전북특별자치도 진안군 진안읍 정곡리 360번지  ,2006-02-24,정상,한우,등록,563.86,2026-01-07
86,진안군,대성농장,전북특별자치도 진안군 상전면 주평리 347번지 2호  ,2006-02-24,정상,한우,등록,659,2026-01-07
87,진안군,사랑목장,전북특별자치도 진안군 성수면 용포리 222번지  ,2007-01-03,정상,한우,등록,496.7,2026-01-07
88,진안군,무진장축협 진안양돈사업소(제2농장),전북특별자치도 진안군 마령면 계서리 555번지 2호  ,2007-01-03,정상,돼지,허가,3006.35,2026-01-07
89,진안군,산하농장,전북특별자치도 진안군 진안읍 단양리 537번지 1호  ,2007-01-03,정상,한우,등록,449.32,2026-01-07
90,진안군,백화농장,전북특별자치도 진안군 안천면 백화리 59번지 1호  ,2007-01-18,정상,한우,등록,660,2026-01-07
91,진안군,마령민송농장,전북특별자치도 진안군 마령면 강정리 397번지 13호  ,2007-03-22,정상,한우,허가,811.95,2026-01-07
92,진안군,푸른농장,"전북특별자치도 진안군 마령면 덕천리 445번지 17호 445-21,445-9 ",2007-03-23,정상,돼지,허가,5006.4,2026-01-07
93,진안군,명주농장,전북특별자치도 진안군 안천면 신괴리 259번지 7호  ,2007-03-23,정상,한우,등록,511.5,2026-01-07
94,진안군,마령한우농장,전북특별자치도 진안군 마령면 강정리 1652번지 7호  ,2007-03-27,정상,한우,허가,1526,2026-01-07
95,진안군,파란농장,전북특별자치도 진안군 마령면 덕천리 1857번지  ,2007-03-27,정상,한우,허가,655,2026-01-07
96,진안군,능금농장2,전북특별자치도 진안군 동향면 능금리 2028번지 1호  ,2007-04-11,정상,한우,허가,362.1,2026-01-07
97,진안군,운장농장,전북특별자치도 진안군 주천면 대불리 1970번지  ,2007-05-21,정상,한우,허가,672,2026-01-07
98,진안군,이레축산,전북특별자치도 진안군 부귀면 궁항리 70번지 5호  ,2007-05-21,정상,한우,허가,502.2,2026-01-07
99,진안군,마령생명영농조합법인,"전북특별자치도 진안군 마령면 덕천리 1528번지 2호 1528-3, 1527 ",2007-07-05,정상,육계,허가,4455,2026-01-07
100,진안군,정호농장,전북특별자치도 진안군 안천면 노성리 1292번지 1호  ,2007-09-17,정상,한우,허가,990,2026-01-07
101,진안군,지사목장,"전북특별자치도 진안군 안천면 신괴리 175번지 외 2필지(1134-1,1134-2) ",2007-09-17,정상,한우,허가,512,2026-01-07
102,진안군,삼주농장,전북특별자치도 진안군 동향면 신송리 1588번지  ,2007-09-17,정상,한우,등록,165,2026-01-07
103,진안군,정현농장,전북특별자치도 진안군 동향면 능금리 2048번지  ,2007-09-17,정상,한우,등록,182.4,2026-01-07
104,진안군,원단양농장,전북특별자치도 진안군 진안읍 반월리 1358번지  ,2007-09-28,정상,한우,허가,900,2026-01-07
105,진안군,강정한우마을,전북특별자치도 진안군 마령면 강정리 49번지  ,2007-09-28,정상,한우,등록,144,2026-01-07
106,진안군,강정한우마을,전북특별자치도 진안군 마령면 강정리 1667번지 5호  ,2007-09-28,정상,한우,허가,560,2026-01-07
107,진안군,평지농장,전북특별자치도 진안군 마령면 평지리 386번지 1호  ,2007-10-02,정상,한우,허가,346,2026-01-07
108,진안군,별림농장,전북특별자치도 진안군 마령면 계서리 288번지 2호  ,2007-10-02,정상,한우,등록,198,2026-01-07
109,진안군,대농장,전북특별자치도 진안군 진안읍 단양리 541번지  ,2007-10-23,정상,한우,허가,636,2026-01-07
110,진안군,준기농장,전북특별자치도 진안군 진안읍 반월리 1727번지  ,2007-11-30,정상,한우,등록,332.52,2026-01-07
111,진안군,해룡농장,"전북특별자치도 진안군 백운면 덕현리 490번지, 483-2, 491-1, 491-2, 493-7 ",2007-12-11,정상,오리,등록,2822.27,2026-01-07
112,진안군,선인농장,전북특별자치도 진안군 진안읍 가림리 1890번지 3호  ,2008-01-07,정상,한우,허가,384,2026-01-07
113,진안군,옥산농장,전북특별자치도 진안군 진안읍 가림리 149번지 4호  ,2008-01-07,정상,한우,허가,322.4,2026-01-07
114,진안군,푸르름의 농원,전북특별자치도 진안군 백운면 남계리 11번지 3호  ,2008-01-16,정상,한우,등록,1188,2026-01-07
115,진안군,해맞이농장,전북특별자치도 진안군 백운면 덕현리 323번지  ,2008-01-16,정상,한우,허가,780.67,2026-01-07
116,진안군,태형농장,전북특별자치도 진안군 백운면 남계리 396번지  ,2008-01-22,정상,한우,등록,331.2,2026-01-07
117,진안군,전씨농장,전북특별자치도 진안군 동향면 자산리 146번지 1호  ,2008-01-22,정상,한우,등록,289.84,2026-01-07
118,진안군,하늘농장,전북특별자치도 진안군 부귀면 신정리 936번지  ,2008-02-11,정상,육계,허가,3580.5,2026-01-07
119,진안군,명성농장,전북특별자치도 진안군 동향면 자산리 219번지  ,2008-02-21,정상,한우,등록,333.69,2026-01-07
120,진안군,재경농장,전북특별자치도 진안군 마령면 계서리 1076번지 2호  ,2008-03-17,정상,한우,허가,168,2026-01-07
121,진안군,가림농장,전북특별자치도 진안군 진안읍 가림리 764번지  ,2008-03-25,정상,한우,등록,337.5,2026-01-07
122,진안군,도겸농장,"전북특별자치도 진안군 진안읍 물곡리 320, 116-40 ",2008-03-26,정상,한우,허가,1300,2026-01-07
123,진안군,남악농장,전북특별자치도 진안군 마령면 평지리 242번지 6호  ,2008-03-31,정상,한우,등록,347.1,2026-01-07
124,진안군,대영농장,전북특별자치도 진안군 마령면 덕천리 537번지 3호  ,2008-03-31,정상,한우,등록,340.8,2026-01-07
125,진안군,원평지한우농장,전북특별자치도 진안군 마령면 평지리 1244번지 1호  ,2008-03-31,정상,한우,등록,163.2,2026-01-07
126,진안군,동향농장,전북특별자치도 진안군 동향면 능금리 832번지  ,2008-03-31,정상,한우,등록,557.05,2026-01-07
127,진안군,호준농장,"전북특별자치도 진안군 백운면 동창리 7,8번지  ",2008-04-04,정상,한우,허가,375.36,2026-01-07
128,진안군,당산농장,"전북특별자치도 진안군 진안읍 가림리 1890번지 4호 ,180 ",2008-04-04,정상,한우,허가,820,2026-01-07
129,진안군,초원농장,전북특별자치도 진안군 진안읍 정곡리 365번지 8호  ,2008-04-04,정상,돼지,허가,1261.41,2026-01-07
130,진안군,호준농장,전북특별자치도 진안군 부귀면 오룡리 416번지 2호  ,2008-04-04,정상,한우,허가,1221,2026-01-07
131,진안군,두남목장,전북특별자치도 진안군 부귀면 두남리 561번지 1호  ,2008-04-04,정상,한우,허가,1072.28,2026-01-07
132,진안군,효빈농장,전북특별자치도 진안군 부귀면 오룡리 554번지 1호  ,2008-04-04,정상,한우,등록,200,2026-01-07
133,진안군,상우농장,전북특별자치도 진안군 부귀면 오룡리 296번지  ,2008-04-04,정상,한우,등록,165,2026-01-07
134,진안군,오산농장,전북특별자치도 진안군 부귀면 오룡리 312번지  ,2008-04-04,정상,한우,등록,215,2026-01-07
135,진안군,삼봉농장,전북특별자치도 진안군 부귀면 두남리 229번지  ,2008-04-11,정상,한우,허가,192,2026-01-07
136,진안군,상기한우농장,전북특별자치도 진안군 성수면 좌산리 233번지 12호  ,2008-04-11,정상,한우,등록,269.28,2026-01-07
137,진안군,슬기목장,전북특별자치도 진안군 용담면 송풍리 1574번지 1호  ,2008-04-11,정상,한우,등록,100,2026-01-07
138,진안군,내오천농장,전북특별자치도 진안군 진안읍 죽산리 104번지  ,2008-04-11,정상,한우,등록,100,2026-01-07
139,진안군,물곡농장,전북특별자치도 진안군 진안읍 물곡리 975번지  ,2008-04-15,정상,한우,등록,165,2026-01-07
140,진안군,지사농장,전북특별자치도 진안군 상전면 주평리 777번지  ,2008-04-16,정상,한우,허가,204,2026-01-07
141,진안군,세동목장,전북특별자치도 진안군 부귀면 세동리 126번지 4호  ,2008-04-25,정상,한우,등록,516,2026-01-07
142,진안군,대전목장,전북특별자치도 진안군 백운면 신암리 714번지 1호  ,2008-04-30,정상,한우,등록,429,2026-01-07
143,진안군,햇님농장,전북특별자치도 진안군 성수면 외궁리 461번지  ,2008-05-09,정상,한우,등록,396.9,2026-01-07
144,진안군,궁동목장,전북특별자치도 진안군 진안읍 물곡리 1318번지 1호  ,2008-05-09,정상,한우,허가,147,2026-01-07
145,진안군,다올농장,전북특별자치도 진안군 백운면 운교리 143번지 1호  ,2008-06-03,정상,한우,등록,320,2026-01-07
146,진안군,강정한우마을,전북특별자치도 진안군 마령면 평지리 1421번지  ,2008-06-13,정상,한우,등록,704,2026-01-07
147,진안군,대곡농장,전북특별자치도 진안군 부귀면 세동리 1068번지 1호  ,2008-06-13,정상,한우,등록,200,2026-01-07
148,진안군,세동농장,전북특별자치도 진안군 부귀면 세동리 78번지 1호  ,2008-06-13,정상,한우,허가,396.1,2026-01-07
149,진안군,춘하농장,전북특별자치도 진안군 동향면 학선리 662번지 1호  ,2008-06-13,정상,한우,허가,342.94,2026-01-07
150,진안군,가래골농장,전북특별자치도 진안군 동향면 능금리 1374번지 1호  ,2008-06-13,정상,한우,허가,615.46,2026-01-07
151,진안군,백운농장,"전북특별자치도 진안군 백운면 운교리 415번지 ,415-2 ",2008-06-14,정상,한우,허가,350,2026-01-07
152,진안군,기영농장,전북특별자치도 진안군 동향면 대량리 4번지 2호  ,2008-06-20,정상,한우,등록,726.45,2026-01-07
153,진안군,데미샘목장,전북특별자치도 진안군 백운면 신암리 산 3번지 2호  ,2008-06-20,정상,한우,등록,214.5,2026-01-07
154,진안군,운장산멧돼지농원,전북특별자치도 진안군 주천면 주양리 580번지  ,2008-06-20,정상,돼지,등록,384.84,2026-01-07
155,진안군,염복한우,전북특별자치도 진안군 성수면 구신리 754번지 1호  ,2008-06-24,정상,한우,등록,253,2026-01-07
156,진안군,안방농장,전북특별자치도 진안군 마령면 덕천리 1847번지  ,2008-06-25,정상,한우,허가,824,2026-01-07
157,진안군,은안농장,전북특별자치도 진안군 백운면 동창리 88번지 2호  ,2008-06-30,정상,한우,등록,280,2026-01-07
158,진안군,남계리축산,전북특별자치도 진안군 백운면 남계리 738번지  ,2008-06-30,정상,한우,등록,168,2026-01-07
159,진안군,우석농장,전북특별자치도 진안군 백운면 남계리 711번지  ,2008-06-30,정상,한우,허가,384,2026-01-07
160,진안군,하염농장,전북특별자치도 진안군 성수면 구신리 662번지 5호  ,2008-06-30,정상,한우,등록,348,2026-01-07
161,진안군,희수농장,전북특별자치도 진안군 성수면 구신리 1323번지 7호  ,2008-06-30,정상,한우,허가,919.35,2026-01-07
162,진안군,신기리농장,전북특별자치도 진안군 성수면 신기리 227번지  ,2008-07-03,정상,한우,등록,200,2026-01-07
163,진안군,창권농장,전북특별자치도 진안군 진안읍 오천리 1020번지 1호  ,2008-07-04,정상,한우,허가,178,2026-01-07
164,진안군,형우목장,전북특별자치도 진안군 진안읍 군하리 9번지  ,2008-07-04,정상,한우,허가,346,2026-01-07
165,진안군,사기점농장,전북특별자치도 진안군 성수면 중길리 389번지 3호  ,2008-07-04,정상,한우,허가,496.72,2026-01-07
166,진안군,복실농장,전북특별자치도 진안군 성수면 신기리 576번지  ,2008-07-04,정상,한우,허가,791.41,2026-01-07
167,진안군,해찬농장,전북특별자치도 진안군 성수면 외궁리 676번지  ,2008-07-04,정상,한우,등록,150,2026-01-07
168,진안군,원외궁농장,전북특별자치도 진안군 성수면 외궁리 376번지  ,2008-07-04,정상,한우,등록,50,2026-01-07
169,진안군,외궁농장,전북특별자치도 진안군 성수면 외궁리 382번지  ,2008-07-04,정상,한우,등록,40,2026-01-07
170,진안군,소인상농장,전북특별자치도 진안군 부귀면 오룡리 33번지 1호  ,2008-07-04,정상,한우,허가,471.13,2026-01-07
171,진안군,정화농장,전북특별자치도 진안군 마령면 덕천리 1265번지 1호  ,2008-07-07,정상,육계,허가,8960,2026-01-07
172,진안군,희망농장,전북특별자치도 진안군 정천면 월평리 220번지 2호  ,2008-07-08,정상,한우,등록,336.2,2026-01-07
173,진안군,화전농장,전북특별자치도 진안군 마령면 동촌리 87번지 2호  ,2008-07-08,정상,한우,허가,428,2026-01-07
174,진안군,구룡리농장,전북특별자치도 진안군 진안읍 구룡리 950번지 4호  ,2008-07-08,정상,한우,허가,374.77,2026-01-07
175,진안군,외궁농장,전북특별자치도 진안군 성수면 외궁리 365번지  ,2008-07-09,정상,한우,등록,30,2026-01-07
176,진안군,이대용축사,전북특별자치도 진안군 마령면 강정리 1661번지 3호  ,2008-07-18,정상,한우,허가,2187,2026-01-07
177,진안군,거상농장,전북특별자치도 진안군 백운면 노촌리 130번지 4호  ,2008-09-26,정상,한우,등록,200,2026-01-07
178,진안군,원신기농장,전북특별자치도 진안군 성수면 신기리 409번지  ,2008-10-20,정상,한우,등록,150,2026-01-07
179,진안군,씨알농장,"전북특별자치도 진안군 마령면 덕천리 445번지 12호 ,445-16 ",2008-11-19,정상,돼지,허가,3355.4,2026-01-07
180,진안군,오천축사,전북특별자치도 진안군 진안읍 오천리 1089번지 1호  ,2008-11-25,정상,한우,허가,620,2026-01-07
181,진안군,희망농장,전북특별자치도 진안군 동향면 신송리 503번지  ,2009-01-05,정상,한우,허가,128,2026-01-07
182,진안군,희망농장,"전북특별자치도 진안군 동향면 신송리 586, 573, 571-1 ",2009-01-05,정상,한우,허가,350.37,2026-01-07
183,진안군,학선농장,"전북특별자치도 진안군 동향면 학선리 88번지 2호 ,271-1 ",2009-01-09,정상,한우,허가,596.8,2026-01-07
184,진안군,외기농장,전북특별자치도 진안군 진안읍 반월리 1681번지  ,2009-01-13,정상,돼지,허가,4986.66,2026-01-07
185,진안군,덕태산장농장,전북특별자치도 진안군 백운면 백암리 109번지  ,2009-01-13,정상,육계,등록,100,2026-01-07
186,진안군,장성농장,전북특별자치도 진안군 성수면 구신리 1329번지 3호  ,2009-01-13,정상,한우,허가,554.27,2026-01-07
187,진안군,장성마을농장,전북특별자치도 진안군 성수면 구신리 372번지 1호  ,2009-01-13,정상,한우,등록,180,2026-01-07
188,진안군,일남농장,전북특별자치도 진안군 성수면 구신리 326번지 1호  ,2009-01-13,정상,한우,등록,100,2026-01-07
189,진안군,백운농장,전북특별자치도 진안군 백운면 신암리 496번지 1호  ,2009-01-15,정상,한우,등록,74.92,2026-01-07
190,진안군,하노농장,전북특별자치도 진안군 동향면 자산리 311번지  ,2009-01-19,정상,한우,등록,336,2026-01-07
191,진안군,명우농장,전북특별자치도 진안군 백운면 남계리 694번지  ,2009-01-22,정상,한우,허가,600,2026-01-07
192,진안군,가림리농장,전북특별자치도 진안군 진안읍 가림리 605번지  ,2009-01-22,정상,한우,허가,383.9,2026-01-07
193,진안군,성환농장,전북특별자치도 진안군 진안읍 물곡리 901번지  ,2009-02-02,정상,한우,등록,50,2026-01-07
194,진안군,푸른농장,전북특별자치도 진안군 정천면 월평리 96번지 2호  ,2009-02-02,정상,한우,등록,90,2026-01-07
195,진안군,대곡농장,전북특별자치도 진안군 부귀면 수항리 산 120번지 3호 외 3필지 ,2009-02-16,정상,한우,허가,372,2026-01-07
196,진안군,종원농장,전북특별자치도 진안군 마령면 계서리 446번지 2호  ,2009-02-16,정상,한우,등록,234,2026-01-07
197,진안군,준서농장,전북특별자치도 진안군 성수면 좌포리 746번지 3호  ,2009-02-16,정상,한우,등록,255.2,2026-01-07
198,진안군,대영농장,전북특별자치도 진안군 백운면 백암리 724번지 1호  ,2009-03-01,정상,한우,등록,60.81,2026-01-07
199,진안군,금마농장,전북특별자치도 진안군 진안읍 반월리 410번지 9호  ,2009-03-09,정상,한우,허가,132.24,2026-01-07
200,진안군,양지농장,"전북특별자치도 진안군 성수면 외궁리 174번지 1호 외 7필지(174-8,175-2,176,177,179-1,180,180-1) ",2009-03-09,정상,육계,허가,3372.36,2026-01-07
201,진안군,장성농장,전북특별자치도 진안군 부귀면 수항리 430번지  ,2009-03-09,정상,한우,허가,223,2026-01-07
202,진안군,나연농장,전북특별자치도 진안군 부귀면 수항리 1479번지  ,2009-03-13,정상,한우,허가,400,2026-01-07
203,진안군,원연장축사,전북특별자치도 진안군 진안읍 연장리 298번지  ,2009-03-25,정상,한우,등록,30,2026-01-07
204,진안군,초원농장,전북특별자치도 진안군 진안읍 가막리 765번지  ,2009-03-25,정상,한우,허가,709.5,2026-01-07
205,진안군,춘옥농장,전북특별자치도 진안군 진안읍 연장리 185번지 5호  ,2009-03-31,정상,한우,등록,80,2026-01-07
206,진안군,원연장축사,전북특별자치도 진안군 진안읍 연장리 366번지  ,2009-03-31,정상,한우,등록,30,2026-01-07
207,진안군,영환농장,전북특별자치도 진안군 진안읍 연장리 360번지  ,2009-03-31,정상,한우,등록,30,2026-01-07
208,진안군,판석농장,전북특별자치도 진안군 진안읍 물곡리 1272번지  ,2009-03-31,정상,한우,등록,454.82,2026-01-07
209,진안군,마이산고을 농장,전북특별자치도 진안군 진안읍 단양리 245번지  ,2009-04-02,정상,한우,허가,168,2026-01-07
210,진안군,차랑농장,전북특별자치도 진안군 진안읍 가막리 677번지 14호  ,2009-04-02,정상,한우,허가,120,2026-01-07
211,진안군,한성양계장,전북특별자치도 진안군 안천면 노성리 272번지  ,2009-04-02,정상,육계,허가,2993.69,2026-01-07
212,진안군,물곡농장,전북특별자치도 진안군 진안읍 물곡리 909번지 2호  ,2009-04-06,정상,한우,등록,80,2026-01-07
213,진안군,승봉농장,전북특별자치도 진안군 진안읍 연장리 287번지 1호  ,2009-04-06,정상,한우,등록,341.12,2026-01-07
214,진안군,마이산농장,"전북특별자치도 진안군 마령면 동촌리 303번지 외 2필지(302,302-1) ",2009-04-22,정상,육계,허가,3863.76,2026-01-07
215,진안군,중수항축사,전북특별자치도 진안군 부귀면 황금리 452번지  ,2009-04-22,정상,한우,허가,192,2026-01-07
216,진안군,돌다리 우수한우농장,전북특별자치도 진안군 마령면 계서리 1363번지  ,2009-04-27,정상,한우,등록,100,2026-01-07
217,진안군,행복농장,전북특별자치도 진안군 용담면 송풍리 1509번지 4호  ,2009-05-12,정상,한우,등록,90,2026-01-07
218,진안군,정식축사,전북특별자치도 진안군 진안읍 물곡리 1073번지 3호  ,2009-05-15,정상,한우,허가,230,2026-01-07
219,진안군,기현농장,전북특별자치도 진안군 진안읍 단양리 916번지  ,2009-05-25,정상,한우,허가,704,2026-01-07
220,진안군,외기농장,전북특별자치도 진안군 진안읍 반월리 산 112번지  ,2009-05-26,정상,한우,등록,10,2026-01-07
221,진안군,친절축산농장,전북특별자치도 진안군 마령면 평지리 378번지  ,2009-05-26,정상,한우,등록,251,2026-01-07
222,진안군,유성농장,전북특별자치도 진안군 부귀면 두남리 408번지 1호  ,2009-07-28,정상,육계,허가,4691,2026-01-07
223,진안군,가정농장,전북특별자치도 진안군 부귀면 신정리 528번지 3호  ,2009-08-11,정상,한우,등록,351.28,2026-01-07
224,진안군,현대축산,전북특별자치도 진안군 진안읍 물곡리 1241번지 13호  ,2009-09-15,정상,한우,허가,642.46,2026-01-07
225,진안군,석전농장,전북특별자치도 진안군 백운면 동창리 328번지 1호  ,2009-09-25,정상,한우,등록,280,2026-01-07
226,진안군,산암농장,전북특별자치도 진안군 진안읍 반월리 151번지 4호  ,2009-10-27,정상,한우,등록,100,2026-01-07
227,진안군,평강목장,전북특별자치도 진안군 진안읍 오천리 1215번지  ,2009-10-27,정상,염소,등록,198,2026-01-07
228,진안군,봉곤농장,전북특별자치도 진안군 진안읍 오천리 793번지  ,2009-10-27,정상,한우,등록,30,2026-01-07
229,진안군,하나농장,전북특별자치도 진안군 정천면 월평리 1164번지  ,2009-11-09,정상,한우,허가,441,2026-01-07
230,진안군,황금농장(2),전북특별자치도 진안군 부귀면 황금리 681번지 2호  ,2009-11-12,정상,한우,허가,340,2026-01-07
231,진안군,금마농장,전북특별자치도 진안군 부귀면 거석리 1113번지 11호  ,2009-11-12,정상,한우,허가,1245,2026-01-07
232,진안군,구룡농장,전북특별자치도 진안군 진안읍 구룡리 1074번지  ,2009-12-02,정상,한우,허가,812,2026-01-07
233,진안군,일송농장,전북특별자치도 진안군 진안읍 군상리 95번지 28호  ,2010-01-11,정상,한우,등록,30,2026-01-07
234,진안군,은천농장,"전북특별자치도 진안군 진안읍 가림리 1146-2,1146-6 ",2010-01-15,정상,한우,허가,1342.11,2026-01-07
235,진안군,장제동농장,전북특별자치도 진안군 마령면 덕천리 1356번지  ,2010-01-20,정상,한우,등록,140,2026-01-07
236,진안군,성희농장,전북특별자치도 진안군 부귀면 황금리 355번지 1호  ,2010-01-20,정상,한우,등록,160,2026-01-07
237,진안군,성수축사,전북특별자치도 진안군 성수면 도통리 915번지 6호  ,2010-01-26,정상,한우,허가,337.08,2026-01-07
238,진안군,송악농장,전북특별자치도 진안군 진안읍 운산리 502번지 5호  ,2010-01-28,정상,한우,등록,336,2026-01-07
239,진안군,운산리축사,전북특별자치도 진안군 진안읍 운산리 1662번지 3호  ,2010-02-09,정상,한우,등록,96,2026-01-07
240,진안군,뿌리동물농장,전북특별자치도 진안군 마령면 덕천리 322번지  ,2010-03-08,정상,돼지,허가,455.34,2026-01-07
241,진안군,백암농장,전북특별자치도 진안군 백운면 백암리 515번지  ,2010-03-19,정상,한우,등록,200.48,2026-01-07
242,진안군,시동농장,전북특별자치도 진안군 성수면 구신리 1076번지  ,2010-03-19,정상,한우,등록,180,2026-01-07
243,진안군,시완농장,전북특별자치도 진안군 진안읍 물곡리 1363번지 2호  ,2010-04-13,정상,한우,등록,168,2026-01-07
244,진안군,희인농장,전북특별자치도 진안군 부귀면 황금리 537번지 1호  ,2010-04-20,정상,한우,허가,789.6,2026-01-07
245,진안군,솔안농장,전북특별자치도 진안군 마령면 평지리 574번지 1호  ,2010-04-26,정상,한우,등록,60,2026-01-07
246,진안군,산암농장,전북특별자치도 진안군 진안읍 반월리 151번지  ,2010-05-10,정상,한우,등록,100,2026-01-07
247,진안군,봉암농장,전북특별자치도 진안군 부귀면 봉암리 189번지 1호  ,2010-08-03,정상,육계,허가,1895.4,2026-01-07
248,진안군,희망농장,전북특별자치도 진안군 성수면 용포리 124번지  ,2010-09-10,정상,한우,등록,100,2026-01-07
249,진안군,반용농장,전북특별자치도 진안군 성수면 용포리 10번지 4호  ,2010-09-10,정상,한우,등록,200,2026-01-07
250,진안군,우리농장,전북특별자치도 진안군 진안읍 연장리 2000번지  ,2010-09-16,정상,한우,허가,700,2026-01-07
251,진안군,금포농장,전북특별자치도 진안군 부귀면 거석리 29번지  ,2010-09-27,정상,한우,등록,571.96,2026-01-07
252,진안군,광채농장,전북특별자치도 진안군 부귀면 세동리 761번지 3호  ,2010-10-08,정상,육계,등록,490,2026-01-07
253,진안군,원구신농장,전북특별자치도 진안군 성수면 구신리 21번지  ,2010-10-21,정상,한우,등록,65,2026-01-07
254,진안군,키움농장,"전북특별자치도 진안군 성수면 용포리 504번지 , 517 ",2010-10-21,정상,한우,허가,3500,2026-01-07
255,진안군,유곡농장,전북특별자치도 진안군 동향면 신송리 1327번지 1호  ,2010-10-28,정상,한우,등록,60,2026-01-07
256,진안군,번암농장,전북특별자치도 진안군 백운면 백암리 746번지  ,2010-10-28,정상,한우,등록,453.74,2026-01-07
257,진안군,자연농장,전북특별자치도 진안군 진안읍 가림리 580번지 3호  ,2010-11-29,정상,한우,허가,693,2026-01-07
258,진안군,운마농장,전북특별자치도 진안군 부귀면 수항리 699번지 6호  ,2010-12-17,정상,한우,허가,4926.56,2026-01-07
259,진안군,경환농장2,전북특별자치도 진안군 마령면 평지리 1199번지 1호  ,2011-01-13,정상,한우,허가,497.9,2026-01-07
260,진안군,가온농장,전북특별자치도 진안군 마령면 덕천리 445번지 10호  ,2011-01-28,정상,돼지,허가,3355.9,2026-01-07
261,진안군,장농장,전북특별자치도 진안군 부귀면 거석리 1302번지  ,2011-02-10,정상,한우,허가,747.5,2026-01-07
262,진안군,상염북농장,전북특별자치도 진안군 성수면 구신리 714번지 1호  ,2011-02-18,정상,한우,등록,192,2026-01-07
263,진안군,황금농장,전북특별자치도 진안군 부귀면 황금리 363번지 4호  ,2011-02-18,정상,한우,허가,528,2026-01-07
264,진안군,상길농장,전북특별자치도 진안군 동향면 학선리 30번지 1호  ,2011-02-21,정상,한우,등록,277,2026-01-07
265,진안군,우리농장,전북특별자치도 진안군 부귀면 두남리 825번지  ,2011-02-21,정상,한우,등록,1172,2026-01-07
266,진안군,상가막농장,전북특별자치도 진안군 진안읍 가막리 845번지  ,2011-03-14,정상,한우,허가,891.92,2026-01-07
267,진안군,늘푸른농장,전북특별자치도 진안군 성수면 중길리 822번지 1호  ,2011-03-21,정상,한우,허가,2112,2026-01-07
268,진안군,진영농장,전북특별자치도 진안군 부귀면 수항리 542번지 1호  ,2011-04-18,정상,한우,등록,218,2026-01-07
269,진안군,태기농장,전북특별자치도 진안군 부귀면 오룡리 60번지 14호  ,2011-04-27,정상,한우,허가,282.63,2026-01-07
270,진안군,재명농장,전북특별자치도 진안군 성수면 도통리 824번지 3호  ,2011-05-06,정상,한우,허가,733,2026-01-07
271,진안군,새터농장,전북특별자치도 진안군 주천면 대불리 1332번지 1호  ,2011-05-06,정상,한우,허가,170.04,2026-01-07
272,진안군,운장,"전북특별자치도 진안군 주천면 대불리 1914, 1915 ",2011-06-02,정상,한우,허가,1072,2026-01-07
273,진안군,현진농장,전북특별자치도 진안군 동향면 신송리 941번지  ,2011-06-08,정상,육계,허가,3699.5,2026-01-07
274,진안군,용농장,전북특별자치도 진안군 진안읍 물곡리 336번지  ,2011-06-13,정상,한우,등록,85,2026-01-07
275,진안군,무진장축협(유전자센터),전북특별자치도 진안군 진안읍 가림리 1386번지 1호 2077번지 ,2011-06-15,정상,돼지,허가,1026.77,2026-01-07
276,진안군,번덕농장,전북특별자치도 진안군 백운면 동창리 132번지 1호  ,2011-07-08,정상,한우,등록,224,2026-01-07
277,진안군,예덴농장,"전북특별자치도 진안군 동향면 학선리 1095번지 외 4필지(41-1,41-4,40-3,1041-20) ",2011-07-27,정상,오리,허가,5508.72,2026-01-07
278,진안군,월평농장,전북특별자치도 진안군 정천면 갈용리 1256번지 1호  ,2011-08-23,정상,한우,허가,440,2026-01-07
279,진안군,산내들농장,전북특별자치도 진안군 마령면 계서리 1464번지  ,2011-08-26,정상,육계,허가,5652,2026-01-07
280,진안군,온수골농장,전북특별자치도 진안군 동향면 학선리 218번지  ,2011-09-28,정상,한우,허가,750,2026-01-07
281,진안군,오암농장,전북특별자치도 진안군 성수면 중길리 82번지  ,2011-10-06,정상,돼지,허가,1602.8,2026-01-07
282,진안군,성은농장,"전북특별자치도 진안군 진안읍 연장리 853번지 8필지(844-1,845,852,853-1,853-5,853-6,853-11,853-12) ",2011-10-18,정상,돼지,허가,3133.17,2026-01-07
283,진안군,진안농장,전북특별자치도 진안군 진안읍 정곡리 365번지 18호  ,2011-10-18,정상,한우,등록,364.5,2026-01-07
284,진안군,백우농장,전북특별자치도 진안군 진안읍 물곡리 895번지  ,2011-11-17,정상,한우,허가,500,2026-01-07
285,진안군,영일농장,전북특별자치도 진안군 진안읍 군하리 104번지 7호  ,2011-11-18,정상,한우,등록,350,2026-01-07
286,진안군,시리농장,전북특별자치도 진안군 진안읍 오천리 1396번지 5호 외 10 ,2011-11-21,정상,돼지,허가,13071.89,2026-01-07
287,진안군,형제목장,전북특별자치도 진안군 부귀면 두남리 560번지  ,2011-11-29,정상,한우,허가,567,2026-01-07
288,진안군,한울농장,전북특별자치도 진안군 성수면 좌포리 870번지 1호  ,2011-12-02,정상,육계,허가,3696,2026-01-07
289,진안군,명진농장,전북특별자치도 진안군 마령면 오동2길 35-31,2012-01-10,정상,한우,등록,90,2026-01-07
290,진안군,대연농장,전북특별자치도 진안군 진안읍 연장리 686번지  ,2012-01-10,정상,한우,등록,90,2026-01-07
291,진안군,영중농장,전북특별자치도 진안군 진안읍 물곡리 762번지 4호  ,2012-04-26,정상,한우,허가,500,2026-01-07
292,진안군,제일농장,전북특별자치도 진안군 동향면 대량리 962번지  ,2012-05-25,정상,한우,등록,280,2026-01-07
293,진안군,둥지농장,전북특별자치도 진안군 부귀면 수항리 1158번지 1호  ,2012-06-25,정상,육계,허가,5995.08,2026-01-07
294,진안군,아침 이레 농장,전북특별자치도 진안군 성수면 가외반로 374-65,2012-07-02,정상,육계,허가,3675.5,2026-01-07
295,진안군,교동농장,전북특별자치도 진안군 안천면 교동길 15,2012-07-30,정상,한우,등록,99,2026-01-07
296,진안군,동물농장,전북특별자치도 진안군 백운면 운교리 30번지  ,2012-08-23,정상,한우,등록,192,2026-01-07
297,진안군,마이한우,전북특별자치도 진안군 상전면 주평리 875번지 1호  ,2012-09-06,정상,한우,허가,448,2026-01-07
298,진안군,김정길양계농장,"전북특별자치도 진안군 진안읍 단양리 928, 930 ",2012-10-10,정상,육계,허가,3990.86,2026-01-07
299,진안군,일오일삼농장,전북특별자치도 진안군 진안읍 오천리 1513번지  ,2012-10-30,정상,한우,허가,598,2026-01-07
300,진안군,에덴목장,전북특별자치도 진안군 진안읍 가림리 1875번지 4호  ,2012-11-12,정상,젖소,허가,1500,2026-01-07
301,진안군,류담목장,전북특별자치도 진안군 진안읍 물곡리 851번지  ,2012-11-28,정상,젖소,허가,590,2026-01-07
302,진안군,창성농장,전북특별자치도 진안군 백운면 운교리 1311번지  ,2012-11-28,정상,한우,등록,240,2026-01-07
303,진안군,마이산농장,전북특별자치도 진안군 백운면 남계리 882번지  ,2012-11-28,정상,육계,허가,4529.34,2026-01-07
304,진안군,고맙소농원,전북특별자치도 진안군 진안읍 반월리 73번지 2호  ,2012-12-12,정상,한우,허가,336,2026-01-07
305,진안군,부귀면 금평농장,전북특별자치도 진안군 부귀면 거석리 1004번지  ,2013-03-19,정상,한우,등록,350,2026-01-07
306,진안군,불무농장,전북특별자치도 진안군 부귀면 수항리 804번지  ,2013-04-17,정상,한우,허가,700,2026-01-07
307,진안군,상기농장,전북특별자치도 진안군 성수면 좌산리 157번지  ,2013-04-23,정상,한우,허가,1002.18,2026-01-07
308,진안군,성원농장,전북특별자치도 진안군 진안읍 물곡리 781번지 10호  ,2013-05-29,정상,한우,허가,1159.2,2026-01-07
309,진안군,주완농장,전북특별자치도 진안군 진안읍 군상리 144번지 1호  ,2013-05-31,정상,염소,등록,154,2026-01-07
310,진안군,번영제2목장,전북특별자치도 진안군 마령면 덕천리 1280번지 6호  ,2013-05-31,정상,육우,허가,1719,2026-01-07
311,진안군,곰티흑염소농장,"전북특별자치도 진안군 부귀면 세동리 562-4,5 ",2013-06-04,정상,산양,등록,698,2026-01-07
312,진안군,학춘농장,"전북특별자치도 진안군 성수면 외궁리 459번지 1호 외 9필지(459,459-1,460,461,463,531,531-1,531-2,531-3) ",2013-07-04,정상,육계,허가,5931,2026-01-07
313,진안군,부귀다산양계,전북특별자치도 진안군 부귀면 거석리 26번지  ,2013-07-16,정상,메추리,등록,887.29,2026-01-07
314,진안군,나래목장,전북특별자치도 진안군 진안읍 물곡리 761번지  ,2013-07-16,정상,젖소,허가,922,2026-01-07
315,진안군,도원축산,전북특별자치도 진안군 안천면 백화리 1129번지 1호  ,2013-07-25,정상,육계,허가,3013,2026-01-07
316,진안군,정준농장,전북특별자치도 진안군 진안읍 가림리 1993번지  ,2013-07-25,정상,육계,허가,5275.43,2026-01-07
317,진안군,데미샘목장(주),"전북특별자치도 진안군 백운면 신암리 산 3번지 , 외 5필지(산3-5,130,131,132,194) ",2013-07-25,정상,젖소,허가,2422.19,2026-01-07
318,진안군,우식농장,전북특별자치도 진안군 동향면 능금리 1159번지 외 1필지 ,2013-08-18,정상,한우,허가,187.5,2026-01-07
319,진안군,민석농장,전북특별자치도 진안군 동향면 능금리 703번지  ,2013-08-18,정상,한우,허가,634,2026-01-07
320,진안군,대덕농장,전북특별자치도 진안군 동향면 자산리 997번지 10호  ,2013-08-18,정상,한우,허가,2259.52,2026-01-07
321,진안군,계림농장,전북특별자치도 진안군 진안읍 물곡로 146,2013-08-18,정상,육계,허가,5702.4,2026-01-07
322,진안군,수덕농장,전북특별자치도 진안군 동향면 능금리 765번지  ,2013-08-18,정상,한우,허가,2929.35,2026-01-07
323,진안군,태주농장,전북특별자치도 진안군 마령면 강정리 1665번지 1호  ,2013-08-18,정상,육계,허가,2732.2,2026-01-07
324,진안군,농군농장,전북특별자치도 진안군 백운면 동창리 734번지 2호  ,2013-08-24,정상,한우,등록,240,2026-01-07
325,진안군,한종옥농장,전북특별자치도 진안군 안천면 백화리 90번지  ,2013-09-05,정상,한우,등록,60,2026-01-07
326,진안군,대명농장,전북특별자치도 진안군 백운면 동창리 163번지 7호  ,2013-09-05,정상,한우,등록,230,2026-01-07
327,진안군,수림농장,전북특별자치도 진안군 진안읍 정곡리 732번지 6호  ,2013-09-13,정상,한우,허가,399,2026-01-07
328,진안군,한우리농장,"전북특별자치도 진안군 부귀면 봉암리 29번지 , 봉암리 30 ",2013-09-24,정상,한우,허가,2224.59,2026-01-07
329,진안군,서원농장,전북특별자치도 진안군 성수면 외궁리 99번지 2호  ,2013-12-27,정상,한우,허가,1260,2026-01-07
330,진안군,인준농장,전북특별자치도 진안군 마령면 운계로 295-4,2014-01-07,정상,한우,등록,100,2026-01-07
331,진안군,데미샘친환경농장,전북특별자치도 진안군 백운면 평장리 977번지 13호  ,2014-03-04,정상,기타,등록,165,2026-01-07
332,진안군,대한메추리,전북특별자치도 진안군 부귀면 수항리 497번지 5호  ,2014-05-08,정상,메추리,등록,2251.12,2026-01-07
333,진안군,산주농장,전북특별자치도 진안군 성수면 도통리 205번지  ,2014-05-09,정상,한우,등록,390,2026-01-07
334,진안군,황소마제농장,전북특별자치도 진안군 성수면 좌포리 440번지 1호  ,2014-07-02,정상,육계,허가,3151,2026-01-07
335,진안군,미래농장,전북특별자치도 진안군 진안읍 군상리 1077번지  ,2014-09-03,정상,육계,허가,2347,2026-01-07
336,진안군,전북특별자치도 축산연구소,전북특별자치도 진안군 성수면 신기리 654번지  ,2014-10-13,정상,한우,허가,11371.5,2026-01-07
337,진안군,영성농장,전북특별자치도 진안군 부귀면 두남리 408번지  ,2014-11-14,정상,육계,허가,3138,2026-01-07
338,진안군,석진농장,전북특별자치도 진안군 성수면 좌포리 746번지 1호  ,2014-11-21,정상,한우,등록,242.74,2026-01-07
339,진안군,샘골농장,전북특별자치도 진안군 성수면 좌포리 76번지 15호  ,2014-11-24,정상,육계,허가,3583,2026-01-07
340,진안군,구봉산농장,전북특별자치도 진안군 주천면 운봉리 889번지 1호  ,2014-12-08,정상,산양,등록,485,2026-01-07
341,진안군,현석농장,전북특별자치도 진안군 동향면 능금리 820번지  ,2014-12-24,정상,산양,등록,825,2026-01-07
342,진안군,운마1농장,전북특별자치도 진안군 부귀면 수항리 738번지 9호  ,2014-12-30,정상,육계,허가,5202,2026-01-07
343,진안군,운마2농장,전북특별자치도 진안군 부귀면 수항리 738번지 1호  ,2014-12-30,정상,육계,허가,4896,2026-01-07
344,진안군,무진농장,전북특별자치도 진안군 진안읍 오천리 1236번지 8호  ,2015-01-14,정상,한우,등록,429,2026-01-07
345,진안군,대진농장,전북특별자치도 진안군 진안읍 연장리 1622번지 68호  ,2015-01-15,정상,육계,허가,3447,2026-01-07
346,진안군,둥지농장,전북특별자치도 진안군 성수면 외궁리 282번지 2호  ,2015-01-21,정상,육계,허가,3675,2026-01-07
347,진안군,은철농장,전북특별자치도 진안군 진안읍 가림리 561번지 1호  ,2015-01-29,정상,한우,허가,358.1,2026-01-07
348,진안군,수희농장,"전북특별자치도 진안군 부귀면 거석리 3번지 14호 , 3-15 ",2015-01-29,정상,육계,허가,4481.73,2026-01-07
349,진안군,소뜰농장,전북특별자치도 진안군 진안읍 물곡리 762번지 10호  ,2015-02-11,정상,한우,허가,500,2026-01-07
350,진안군,소가산농장,전북특별자치도 진안군 동향면 대량리 산 40번지  ,2015-02-26,정상,산양,등록,120,2026-01-07
351,진안군,진안흑염소 농장,전북특별자치도 진안군 부귀면 세동리 569번지 1호  ,2015-02-13,정상,산양,등록,231,2026-01-07
352,진안군,알콩달콩 흑염소 농장,전북특별자치도 진안군 부귀면 세동리 산 128번지  ,2015-03-31,정상,산양,등록,297,2026-01-07
353,진안군,데미샘농장,전북특별자치도 진안군 백운면 남계리 620-2 외 1필지(620-3) ,2015-04-07,정상,육계,허가,3576,2026-01-07
354,진안군,진주농장,전북특별자치도 진안군 동향면 신송리 928번지  ,2015-04-22,정상,육계,등록,141,2026-01-07
355,진안군,마이산 흑염소 농장,"전북특별자치도 진안군 성수면 좌포리 120번지 ,121 ",2015-04-23,정상,염소,등록,396,2026-01-07
356,진안군,양명농장,전북특별자치도 진안군 주천면 운봉리 산 157번지  ,2015-05-19,정상,산양,등록,130,2026-01-07
357,진안군,마치농장,전북특별자치도 진안군 부귀면 오룡리 331번지  ,2015-05-19,정상,염소,등록,193,2026-01-07
358,진안군,털보농장,전북특별자치도 진안군 부귀면 세동리 산 117번지  ,2015-06-02,정상,산양,등록,320,2026-01-07
359,진안군,베르크농장,전북특별자치도 진안군 동향면 천동로 336-14,2015-07-29,정상,돼지,허가,2654.04,2026-01-07
360,진안군,기성농장,전북특별자치도 진안군 진안읍 물곡리 1241번지  ,2015-08-13,정상,한우,허가,448,2026-01-07
361,진안군,부귀보아염소농장,전북특별자치도 진안군 부귀면 오룡리 484번지 1호  ,2015-08-17,정상,산양,등록,168,2026-01-07
362,진안군,미소농장,전북특별자치도 진안군 부귀면 수항리 70번지 2호  ,2015-09-30,정상,한우,허가,657.62,2026-01-07
363,진안군,황금우농장,"전북특별자치도 진안군 부귀면 황금리 376번지 외 2필지(371-1,377-2) ",2015-12-07,정상,한우,허가,1160.3,2026-01-07
364,진안군,도원농장,전북특별자치도 진안군 안천면 백화리 1136번지 1호  ,2015-12-24,정상,육계,허가,3024,2026-01-07
365,진안군,일남농장,전북특별자치도 진안군 부귀면 세동리 산 135번지  ,2016-01-14,정상,염소,등록,408,2026-01-07
366,진안군,은천농장,전북특별자치도 진안군 진안읍 가림리 1478번지 2 ,2016-01-14,정상,염소,등록,330,2026-01-07
367,진안군,한우리농장,전북특별자치도 진안군 부귀면 봉암리 28번지  ,2016-02-16,정상,한우,허가,327.13,2026-01-07
368,진안군,깊은샘블루베리농장,전북특별자치도 진안군 성수면 중길로 159,2016-02-22,정상,육계,허가,200,2026-01-07
369,진안군,가막골농장,전북특별자치도 진안군 진안읍 가막리 709번지 1호  ,2016-02-22,정상,한우,허가,662.81,2026-01-07
370,진안군,금마2,전북특별자치도 진안군 진안읍 반월리 1511번지 1호  ,2016-02-23,정상,한우,허가,448,2026-01-07
371,진안군,텃골농장,전북특별자치도 진안군 마령면 텃골길 36,2016-03-14,정상,돼지,허가,2430.2,2026-01-07
372,진안군,원조골,전북특별자치도 진안군 백운면 259번지  ,2016-04-04,정상,산양,등록,40,2026-01-07
373,진안군,마이산축산,전북특별자치도 진안군 백운면 평장리 275번지  ,2016-05-03,정상,한우,허가,632.73,2026-01-07
374,진안군,광수농장,전북특별자치도 진안군 진안읍 정곡리 732번지 2호  ,2016-05-25,정상,한우,허가,398,2026-01-07
375,진안군,솔개골농장,"전북특별자치도 진안군 진안읍 연장리 1581,1581-2 ",2016-05-25,정상,한우,허가,295.29,2026-01-07
376,진안군,연수농장,전북특별자치도 진안군 성수면 구신리 1315번지 11호  ,2016-06-16,정상,한우,허가,613.14,2026-01-07
377,진안군,주암동농장,전북특별자치도 진안군 백운면 반송리 47번지  ,2016-07-04,정상,염소,등록,450,2026-01-07
378,진안군,승관농장,전북특별자치도 진안군 백운면 정송길 21-1,2016-07-04,정상,염소,등록,198.8,2026-01-07
379,진안군,소태정 흑염소목장,전북특별자치도 진안군 부귀면 소태정길 149-19,2016-07-25,정상,염소,등록,99,2026-01-07
380,진안군,농업회사법인 유한회사 거석,전북특별자치도 진안군 부귀면 거석리 385번지  ,2016-08-04,정상,산양,등록,400.8,2026-01-07
381,진안군,영옥농장,전북특별자치도 진안군 진안읍 오천리 1374번지  ,2016-08-04,정상,한우,허가,390,2026-01-07
382,진안군,우람목장,전북특별자치도 진안군 성수면 좌산리 1149번지  ,2019-10-25,정상,산양,등록,142,2026-01-07
383,진안군,자연농장,전북특별자치도 진안군 마령면 계서리 993번지 5호  ,2016-08-23,정상,육계,허가,4258,2026-01-07
384,진안군,시장건강원,전북특별자치도 진안군 진안읍 운산리 257번지 7호  ,2016-12-14,정상,염소,등록,155,2026-01-07
385,진안군,진(珍)흑염소농장,전북특별자치도 진안군 진안읍 연장리 686번지  ,2017-02-12,정상,염소,등록,570,2026-01-07
386,진안군,금계농원,전북특별자치도 진안군 부귀면 거석리 산 34번지  ,2017-03-02,정상,염소,등록,40,2026-01-07
387,진안군,다옴이농장,전북특별자치도 진안군 정천면 봉학리 산 15번지 1호  ,2017-03-17,정상,한우,허가,95,2026-01-07
388,진안군,신리농장,전북특별자치도 진안군 부귀면 신정리 125번지 1호  ,2017-05-24,정상,염소,등록,198,2026-01-07
389,진안군,동씨들농장,전북특별자치도 진안군 진안읍 가막리 865번지 5호  ,2017-05-24,정상,염소,등록,115,2026-01-07
390,진안군,상기농장,전북특별자치도 진안군 성수면 좌산리 157번지 4호  ,2017-06-16,정상,염소,등록,450,2026-01-07
391,진안군,태산농장2,전북특별자치도 진안군 마령면 덕천리 445번지 20호  ,2017-06-30,정상,돼지,허가,1778.2,2026-01-07
392,진안군,대윤 1농장,"전북특별자치도 진안군 마령면 계서리 707번지 ,708-3,1551-1,1589-1 ",2017-09-08,정상,육계,허가,2646,2026-01-07
393,진안군,둥지2농장,전북특별자치도 진안군 부귀면 두남리 408번지  ,2017-10-16,정상,육계,허가,3159,2026-01-07
394,진안군,소나무 농장 2,전북특별자치도 진안군 성수면 좌산리 1411번지  ,2017-10-16,정상,육우,허가,987.5,2026-01-07
395,진안군,승도농장,전북특별자치도 진안군 마령면 계서리 1497번지  ,2018-01-05,정상,한우,허가,352,2026-01-07
396,진안군,현대농장,전북특별자치도 진안군 부귀면 거석리 1156번지  ,2018-03-27,정상,한우,허가,268,2026-01-07
397,진안군,양지바른농장,전북특별자치도 진안군 진안읍 오천리 208번지  ,2018-03-30,정상,염소,등록,173.8,2026-01-07
398,진안군,알콩달콩 흑염소,전북특별자치도 진안군 부귀면 세동리 산 129번지  ,2018-07-31,정상,염소,등록,165.2,2026-01-07
399,진안군,성제농장,전북특별자치도 진안군 성수면 좌산리 840번지  ,2018-08-02,정상,염소,등록,100,2026-01-07
400,진안군,시원한 농장,전북특별자치도 진안군 진안읍 연장리 400번지  ,2018-08-14,정상,한우,허가,200,2026-01-07
401,진안군,은택농장,전북특별자치도 진안군 진안읍 반월리 542번지 4호  ,2018-09-21,정상,한우,허가,306,2026-01-07
402,진안군,승철농장,전북특별자치도 진안군 진안읍 물곡리 618번지 1호  ,2018-09-28,정상,젖소,허가,406,2026-01-07
403,진안군,정호농장,전북특별자치도 진안군 진안읍 물곡리 644번지 4호  ,2018-09-28,정상,젖소,허가,580,2026-01-07
404,진안군,미화농장,전북특별자치도 진안군 동향면 능금리 2417번지  ,2018-11-02,정상,한우,허가,782.8,2026-01-07
405,진안군,널티로 목장,전북특별자치도 진안군 마령면 덕천리 603번지 1호  ,2018-12-18,정상,한우,허가,352.44,2026-01-07
406,진안군,학선농장,전북특별자치도 진안군 동향면 학선리 1080번지  ,2018-12-27,정상,한우,허가,295.84,2026-01-07
407,진안군,단지골 농장,"전북특별자치도 진안군 성수면 좌포리 882번지 외 5필지(883, 1045, 1046-2, 1047, 1575-5) ",2019-01-04,정상,육계,허가,6786,2026-01-07
408,진안군,봉좌농장,전북특별자치도 진안군 성수면 좌포리 349번지  ,2019-01-04,정상,한우,허가,391.5,2026-01-07
409,진안군,나래목장,"전북특별자치도 진안군 진안읍 물곡리 759번지 18호 ,760 ",2019-02-21,정상,육우,허가,1025,2026-01-07
410,진안군,부귀농장,전북특별자치도 진안군 부귀면 오룡리 236번지 1호  ,2019-03-19,정상,한우,허가,512,2026-01-07
411,진안군,슬기 제2농장,전북특별자치도 진안군 진안읍 물곡리 850번지  ,2019-03-22,정상,육우,허가,399.5,2026-01-07
412,진안군,순환농장,전북특별자치도 진안군 동향면 학선리 72번지 3호  ,2019-04-04,정상,한우,허가,398.34,2026-01-07
413,진안군,진안마이산 보어목장,전북특별자치도 진안군 성수면 좌포리 119번지 2호  ,2019-04-04,정상,염소,등록,795.2,2026-01-07
414,진안군,연평농장,"전북특별자치도 진안군 동향면 신송리 278번지 ,280 ",2019-04-16,정상,한우,허가,712.8,2026-01-07
415,진안군,훈이네 농장,전북특별자치도 진안군 성수면 좌포리 980번지  ,2019-04-24,정상,육계,허가,2352,2026-01-07
416,진안군,상현농장,전북특별자치도 진안군 성수면 좌포리 440번지 5호  ,2019-05-01,정상,육계,허가,2894,2026-01-07
417,진안군,창성농장,전북특별자치도 진안군 진안읍 정곡리 390번지 9호  ,2019-05-16,정상,한우,허가,1093.69,2026-01-07
418,진안군,손석노,전북특별자치도 진안군 부귀면 세동리 383번지  ,2019-05-24,정상,염소,등록,168,2026-01-07
419,진안군,율현농장,전북특별자치도 진안군 안천면 백화리 182번지  ,2019-06-20,정상,한우,허가,399.5,2026-01-07
420,진안군,혜진농장,전북특별자치도 진안군 성수면 좌산리 965번지  ,2019-08-20,정상,한우,허가,169.63,2026-01-07
421,진안군,복술농장,"전북특별자치도 진안군 성수면 신기리 620번지 , 620-3 ",2019-08-21,정상,한우,허가,756.9,2026-01-07
422,진안군,만성농장,전북특별자치도 진안군 성수면 구신리 757번지 1호  ,2019-08-21,정상,한우,허가,160,2026-01-07
423,진안군,환주농장,"전북특별자치도 진안군 진안읍 반월리 349, 350번지  ",2019-09-05,정상,사슴,등록,424,2026-01-07
424,진안군,관수농장,전북특별자치도 진안군 진안읍 연장리 68번지  ,2019-09-27,정상,한우,허가,195.5,2026-01-07
425,진안군,금적골 농장,전북특별자치도 진안군 성수면 좌산리 461번지  ,2019-09-27,정상,염소,등록,140,2026-01-07
426,진안군,에덴농장,전북특별자치도 진안군 진안읍 연장리 773번지 1호  ,2019-10-08,정상,한우,허가,346.55,2026-01-07
427,진안군,마이산피그농업회사법인유한회사,전북특별자치도 진안군 마령면 계서리 992번지 1호  ,2019-10-14,정상,돼지,허가,5980.45,2026-01-07
428,진안군,성제농장2,전북특별자치도 진안군 성수면 좌산리 840번지 2호  ,2019-10-16,정상,한우,허가,77,2026-01-07
429,진안군,한우리 농장 1,전북특별자치도 진안군 부귀면 봉암리 31번지 1호  ,2019-10-16,정상,한우,허가,655.2,2026-01-07
430,진안군,우람목장,전북특별자치도 진안군 성수면 좌산리 1149번지  ,2019-10-29,정상,산양,등록,192,2026-01-07
431,진안군,청정 한우 농장,전북특별자치도 진안군 진안읍 가림리 1885번지 2호  ,2019-10-30,정상,한우,허가,369,2026-01-07
432,진안군,영수농장,전북특별자치도 진안군 부귀면 두남리 301번지 1호  ,2019-11-06,정상,육계,허가,3118,2026-01-07
433,진안군,사기점 농장 2,전북특별자치도 진안군 성수면 중길리 389번지 3호  ,2019-11-28,정상,한우,허가,275,2026-01-07
434,진안군,사기점 농장,전북특별자치도 진안군 성수면 중길리 389번지 3호  ,2019-11-29,정상,한우,허가,221.72,2026-01-07
435,진안군,승주농장,전북특별자치도 진안군 상전면 주평리 842번지 5호  ,2020-02-21,정상,한우,허가,202,2026-01-07
436,진안군,대호농장,전북특별자치도 진안군 마령면 계서리 463번지 3호  ,2020-03-13,정상,한우,허가,300.51,2026-01-07
437,진안군,장우농장,전북특별자치도 진안군 동향면 능금리 2231번지 29호  ,2020-04-01,정상,한우,허가,352,2026-01-07
438,진안군,무진장축협(2농장),전북특별자치도 진안군 마령면 계서리 555번지 2호  ,2020-05-13,정상,돼지,허가,849,2026-01-07
439,진안군,종엽농장,전북특별자치도 진안군 부귀면 세동리 815번지  ,2020-06-16,정상,산양,등록,576.24,2026-01-07
440,진안군,현진2농장,전북특별자치도 진안군 동향면 신송리 941번지  ,2020-06-22,정상,육계,허가,1495,2026-01-07
441,진안군,도형농장,"전북특별자치도 진안군 성수면 신기리 620번지 4호 , 620-5 ",2020-07-14,정상,한우,허가,760.9,2026-01-07
442,진안군,기원농장,전북특별자치도 진안군 성수면 외궁리 239번지 2호  ,2020-07-22,정상,한우,허가,399,2026-01-07
443,진안군,문수농장 2,전북특별자치도 진안군 진안읍 구룡리 841번지 2호  ,2020-07-22,정상,한우,허가,1034.15,2026-01-07
444,진안군,운장농장 2,전북특별자치도 진안군 주천면 대불리 1771번지 1호  ,2020-08-05,정상,한우,허가,280.23,2026-01-07
445,진안군,종현농장 2,전북특별자치도 진안군 동향면 능금리 2116번지  ,2020-08-05,정상,한우,허가,718.8,2026-01-07
446,진안군,요제농장,전북특별자치도 진안군 부귀면 봉암리 157번지  ,2020-09-08,정상,육계,허가,1625,2026-01-07
447,진안군,정호 2농장,전북특별자치도 진안군 안천면 신괴리 863번지 2호  ,2020-09-09,정상,한우,허가,552,2026-01-07
448,진안군,상기농장,전북특별자치도 진안군 동향면 능금리 2421번지  ,2020-09-11,정상,한우,허가,1344,2026-01-07
449,진안군,HL 푸드팜,전북특별자치도 진안군 진안읍 연장리 73번지 1호  ,2020-09-15,정상,사슴,등록,72,2026-01-07
450,진안군,윤순 농장,전북특별자치도 진안군 성수면 신기리 80번지 외 1필지 ,2020-09-17,정상,육우,허가,91.32,2026-01-07
451,진안군,준홍농장,"전북특별자치도 진안군 진안읍 가림리 351번지 외 352,356 ",2020-10-15,정상,돼지,허가,793,2026-01-07
452,진안군,경환농장,전북특별자치도 진안군 마령면 계서리 1225번지  ,2020-11-06,정상,한우,허가,336,2026-01-07
453,진안군,영조농장,전북특별자치도 진안군 동향면 학선리 672번지  ,2020-11-13,정상,한우,허가,58.86,2026-01-07
454,진안군,슬기농장 2,"전북특별자치도 진안군 진안읍 물곡리 1241번지 31호 외2필지(물곡리1242-4,1241) ",2020-12-02,정상,한우,허가,446.4,2026-01-07
455,진안군,석만농장,전북특별자치도 진안군 진안읍 군하리 3번지  ,2020-12-09,정상,한우,허가,280,2026-01-07
456,진안군,대성농장,전북특별자치도 진안군 마령면 동촌리 487번지 2호  ,2020-12-14,정상,한우,허가,832,2026-01-07
457,진안군,권성농장,전북특별자치도 진안군 성수면 중길리 816번지  ,2021-01-04,정상,한우,허가,1216,2026-01-07
458,진안군,이준 농장,전북특별자치도 진안군 성수면 중길리 816번지  ,2021-01-04,정상,한우,허가,960,2026-01-07
459,진안군,황금농장,전북특별자치도 진안군 부귀면 황금리 537번지 8호  ,2021-04-08,정상,한우,허가,360,2026-01-07
460,진안군,해룡농장2,전북특별자치도 진안군 백운면 동창리 1930번지  ,2021-04-08,정상,오리,허가,3734.5,2026-01-07
461,진안군,그집농장,전북특별자치도 진안군 동향면 능금리 2129번지  ,2021-04-19,정상,한우,허가,347.2,2026-01-07
462,진안군,진안홍삼한우협동조합,전북특별자치도 진안군 진안읍 오천리 1236번지 8호  ,2021-04-23,정상,한우,허가,1916.19,2026-01-07
463,진안군,성수농장,전북특별자치도 진안군 성수면 중길리 627번지  ,2021-06-11,정상,염소,등록,198,2026-01-07
464,진안군,청자농장,전북특별자치도 진안군 동향면 능금리 1046번지  ,2021-06-11,정상,한우,등록,48,2026-01-07
465,진안군,최규룡 농장,"전북특별자치도 진안군 동향면 능금리 1392번지 1393, 1394, 1794-1, 1795-1 ",2021-06-30,정상,한우,허가,352,2026-01-07
466,진안군,마이산양계농장,"전북특별자치도 진안군 진안읍 가림리 1732번지 외 2필지(1733,1734) ",2021-09-17,정상,육계,허가,4492.6,2026-01-07
467,진안군,벧엘농장,"전북특별자치도 진안군 백운면 남계리 617-1 외 4필지(617-2,617-3,617-5,617-6) ",2021-12-10,정상,한우,허가,569,2026-01-07
468,진안군,현범농장,"전북특별자치도 진안군 부귀면 신정리 629번지 3호 , 631-2 ",2021-12-10,정상,한우,허가,220,2026-01-07
469,진안군,영신농장,"전북특별자치도 진안군 성수면 용포리 880번지 , 881 ",2022-01-06,정상,한우,허가,675,2026-01-07
470,진안군,종근농장,전북특별자치도 진안군 부귀면 세동리 185번지 6호  ,2022-01-25,정상,염소,등록,183.26,2026-01-07
471,진안군,생명농장,전북특별자치도 진안군 마령면 덕천리 1528번지 2호  ,2022-03-20,정상,염소,등록,170,2026-01-07
472,진안군,호준농장2,전북특별자치도 진안군 백운면 동창리 30번지  ,2022-06-10,정상,한우,허가,300,2026-01-07
473,진안군,백운양계2(중추장),전북특별자치도 진안군 백운면 평장리 539번지  ,2022-06-17,정상,산란육성계,허가,743.75,2026-01-07
474,진안군,경민농장,전북특별자치도 진안군 진안읍 가림리 1875-6번지  ,2022-07-29,정상,한우,허가,1935,2026-01-07
475,진안군,희종농장,전북특별자치도 진안군 진안읍 가림리 1895번지 4호  ,2022-09-27,정상,한우,허가,343.98,2026-01-07
476,진안군,무릉농장,전북특별자치도 진안군 주천면 무릉리 산 72번지 1호  ,2022-10-04,정상,염소,등록,188,2026-01-07
477,진안군,기훈농장,전북특별자치도 진안군 동향면 대량리 658번지 1호  ,2022-11-14,정상,한우,등록,31.83,2026-01-07
478,진안군,보경농장,전북특별자치도 진안군 동향면 자산리 144-3 ,2022-11-14,정상,한우,허가,336,2026-01-07
479,진안군,대연농장,전북특별자치도 진안군 진안읍 연장리 735번지  ,2022-11-18,정상,한우,허가,92.76,2026-01-07
480,진안군,삼봉농장,전북특별자치도 진안군 부귀면 두남리 794번지  ,2023-01-25,정상,한우,허가,449.5,2026-01-07
481,진안군,태홍농장,전북특별자치도 진안군 진안읍 구룡리 산 51번지 2호  ,2023-02-06,정상,한우,등록,45,2026-01-07
482,진안군,운마,전북특별자치도 진안군 부귀면 수항리 699번지 8호  ,2023-03-02,정상,한우,허가,350,2026-01-07
483,진안군,주원농장,전북특별자치도 진안군 동향면 자산리 1275번지  ,2023-04-03,정상,한우,허가,598.5,2026-01-07
484,진안군,현정이네 농장,전북특별자치도 진안군 진안읍 오천리 1236번지 8호 외 1필지(1236-14) ,2023-04-05,정상,염소,등록,1916,2026-01-07
485,진안군,중리농장,전북특별자치도 진안군 안천면 백화리 930번지  ,2023-04-07,정상,한우,등록,50,2026-01-07
486,진안군,은구농장,전북특별자치도 진안군 진안읍 운산리 561번지 1호  ,2023-04-11,정상,염소,등록,66,2026-01-07
487,진안군,제2 이화농장,전북특별자치도 진안군 백운면 남계리 396번지  ,2023-04-21,정상,육우,허가,331,2026-01-07
488,진안군,주용농장,전북특별자치도 진안군 안천면 신괴리 86번지 1호  ,2023-04-28,정상,한우,등록,45,2026-01-07
489,진안군,안방농장2,전북특별자치도 진안군 마령면 동촌리 334번지  ,2023-08-21,정상,한우,허가,352,2026-01-07
490,진안군,상영농장,전북특별자치도 진안군 진안읍 물곡리 675번지 1호  ,2023-11-02,정상,한우,허가,352,2026-01-07
491,진안군,현정이네 흑염소 농장,전북특별자치도 진안군 진안읍 반월리 628번지  ,2023-12-22,정상,염소,등록,686,2026-01-07
492,진안군,준순농장,전북특별자치도 진안군 부귀면 세동리 224번지  ,2024-01-23,정상,한우,등록,30,2026-01-07
493,진안군,조은농장,전북특별자치도 진안군 진안읍 오천리 산 58번지 1호  ,2024-02-28,정상,염소,등록,60,2026-01-07
494,진안군,마이산 한우 농장,전북특별자치도 진안군 성수면 좌포리 123번지 1호 외 1필지(123-2) ,2024-03-04,정상,한우,허가,262.7,2026-01-07
495,진안군,금마3농장,전북특별자치도 진안군 진안읍 반월리 486번지  ,2024-03-21,정상,한우,허가,448,2026-01-07
496,진안군,훈이한우농장,전북특별자치도 진안군 진안읍 가림리 1997번지  ,2024-03-28,정상,한우,허가,384,2026-01-07
497,진안군,경랑농장,전북특별자치도 진안군 마령면 덕천리 375번지 2호  ,2024-04-01,정상,한우,등록,99,2026-01-07
498,진안군,지인농장,전북특별자치도 진안군 진안읍 오천리 1236번지 8호 외 1필지(1236-14) ,2024-04-05,정상,한우,허가,1915.83,2026-01-07
499,진안군,데미샘꿈그린,전북특별자치도 진안군 백운면 신암리 128번지 외 1필지(128-4) ,2024-04-09,정상,염소,등록,166,2026-01-07
500,진안군,도깨비농장,전북특별자치도 진안군 진안읍 물곡리 757-2번지  ,2024-06-05,정상,한우,허가,320,2026-01-07
501,진안군,진안보어농장,전북특별자치도 진안군 성수면 중길리 517번지 1호  ,2024-07-23,정상,산양,등록,784,2026-01-07
502,진안군,두섭농장,전북특별자치도 진안군 부귀면 세동리 90번지 2호  ,2024-08-05,정상,한우,등록,50,2026-01-07
503,진안군,희종축사,전북특별자치도 진안군 진안읍 가림리 1895번지 3호  ,2024-08-07,정상,한우,허가,343.98,2026-01-07
504,진안군,초원농장2,전북특별자치도 진안군 진안읍 가막리 산 73번지 외 1필지(842) ,2024-08-28,정상,한우,허가,350,2026-01-07
505,진안군,영군농장,전북특별자치도 진안군 안천면 백화리 201번지 1호  ,2024-09-12,정상,한우,허가,280,2026-01-07
506,진안군,이레축산2,전북특별자치도 진안군 부귀면 봉암리 708번지 ,2024-10-02,정상,한우,허가,336,2026-01-07
