사업장명칭,주사육업종,사업장소재지(지번),사육두수
윤봉현농장,한우,전남광주통합특별시 해남군 계곡면 성진리 489번지 외5필지 ,165
산들농원,육계,전남광주통합특별시 해남군 문내면 용암리 809번지 8호 외 3필지 ,155000
지성농장,한우,전남광주통합특별시 해남군 문내면 동외리 789번지 8호  ,100
농민농장,한우,전남광주통합특별시 해남군 문내면 동외리 735번지  ,4
갈우리 닭 농장,육계,전남광주통합특별시 해남군 문내면 석교리 904번지 2호 외 5필지 ,62000
예사향농원,육계,전남광주통합특별시 해남군 문내면 석교리 865번지 8호 외 3필지 및 865-2 외 1필지 ,70000
박맹수 농장,한우,전남광주통합특별시 해남군 황산면 원호리 913번지 4호  ,9
김명주 농장,한우,전남광주통합특별시 해남군 황산면 연호리 279번지 12호 외 3필지 ,13
황우축산,한우,전남광주통합특별시 해남군 황산면 원호리 82번지 1호 외 1필지 및 950-1 외 3필지 ,33
이순남농장,한우,전남광주통합특별시 해남군 해남읍 내사리 86번지 5호  ,72
안문섭농장,한우,전남광주통합특별시 해남군 화산면 부길리 213번지 4호  ,35
김예중농장,한우,전남광주통합특별시 해남군 화산면 안호리 370번지 1호  ,21
태양축산,한우,전남광주통합특별시 해남군 옥천면 용산리 602번지 외2필지 ,60
아원목장,젖소,전남광주통합특별시 해남군 옥천면 영신리 353번지 1호 외 2필지 ,66
상강한우,한우,전남광주통합특별시 해남군 옥천면 청신리 80번지 외3필지 ,80
옥천한우,한우,전남광주통합특별시 해남군 옥천면 신죽리 725번지 5호  ,60
팜스월드 해남팜 1농장,돼지,전남광주통합특별시 해남군 마산면 상등리 990번지 13호 외 2필지 및 990-14 외 3필지 ,6500
호교농원,육계,전남광주통합특별시 해남군 마산면 상등리 990번지 16호  ,60000
전종규농장,한우,전남광주통합특별시 해남군 산이면 상공리 694번지 1호  ,30
김춘식농장,한우,전남광주통합특별시 해남군 송지면 서정리 290번지 외1필지 ,33
마봉축산,한우,전남광주통합특별시 해남군 송지면 마봉리 813번지  ,24
나래축산,한우,전남광주통합특별시 해남군 북평면 오산리 934번지 1호  ,10
밀알축산,한우,"전남광주통합특별시 해남군 황산면 관춘리 646번지 5호 ,-1,-3 ",30
징의축산,한우,전남광주통합특별시 해남군 황산면 한자리 1272번지  ,103
저산목장,젖소,전남광주통합특별시 해남군 삼산면 송정리 491번지 1호 외 1필지 ,140
산들목장,젖소,전남광주통합특별시 해남군 삼산면 상가리 406번지 외 1필지 및 406-1 외 1필지 ,140
덕양목장1,젖소,"전남광주통합특별시 해남군 옥천면 월평리 763번지 8호 외 3필지(제1동, 제3동) ",80
두메목장,젖소,전남광주통합특별시 해남군 옥천면 영신리 36번지 47호  ,150
신 샬롬목장,젖소,전남광주통합특별시 해남군 계곡면 여수리 712번지 5호  ,114
씨알목장,젖소,전남광주통합특별시 해남군 계곡면 반계리 69번지  ,72
한울목장,한우,"전남광주통합특별시 해남군 북일면 운전리 58번지 (1동, 3동) ",200
영호목장,한우,전남광주통합특별시 해남군 화원면 영호리 726번지 1호  ,90
가나목장,젖소,전남광주통합특별시 해남군 해남읍 용정리 268번지  ,117
대둔목장,젖소,전남광주통합특별시 해남군 현산면 조산리 85번지 14호  ,253
김영선농장,한우,전남광주통합특별시 해남군 계곡면 덕정리 20번지 외 1필지 ,45
무의목장,한우,전남광주통합특별시 해남군 옥천면 영신리 448번지 4호  ,15
최유만농장,한우,전남광주통합특별시 해남군 북평면 이진리 795번지  ,30
수형축산,한우,전남광주통합특별시 해남군 북평면 서홍리 1034번지 1호 외 4필지 ,78
한드림농장,돼지,전남광주통합특별시 해남군 황산면 송호리 936번지 3호  ,750
강병효농장,한우,전남광주통합특별시 해남군 황산면 일신리 197번지 3호 외 2필지 ,40
대성목장,젖소,전남광주통합특별시 해남군 계곡면 장소리 304번지 외 5필지 ,73
송호하나농장,돼지,전남광주통합특별시 해남군 황산면 송호리 302번지 7호  ,2000
세민농장,돼지,전남광주통합특별시 해남군 해남읍 신안리 304번지  ,713
박계일농장,한우,전남광주통합특별시 해남군 해남읍 백야리 602번지 19호  ,35
김세종농장,한우,전남광주통합특별시 해남군 계곡면 성진리 769번지  ,18
공주목장,젖소,전남광주통합특별시 해남군 계곡면 반계리 192번지 외 7필지 ,175
옥산농장,한우,전남광주통합특별시 해남군 옥천면 흑천리 535번지 외 2필지 ,90
바울축산,한우,전남광주통합특별시 해남군 황산면 일신리 46번지 10호 외 1필지 ,15
김성일농장,한우,전남광주통합특별시 해남군 황산면 일신리 8번지 1호 외 1필지 ,25
형제농장,육계,전남광주통합특별시 해남군 황산면 송호리 605번지 1호 외 1필지(605-2) ,53000
박종봉농장,한우,전남광주통합특별시 해남군 산이면 송천리 138번지 1호  ,24
계두농장,육계,전남광주통합특별시 해남군 산이면 진산리 1번지 1호  ,46000
김대인농장,한우,전남광주통합특별시 해남군 북평면 서홍리 948번지 4호  ,22
해송축산,돼지,전남광주통합특별시 해남군 산이면 송천리 132번지 9호  ,2300
거성농장,육계,전남광주통합특별시 해남군 산이면 상공리 211번지 5호  ,200000
도담농장,종계/산란계,전남광주통합특별시 해남군 산이면 금송리 745번지 1호  ,40000
대경목장,한우,전남광주통합특별시 해남군 삼산면 송정리 44번지  ,40
윤우현농장,한우,전남광주통합특별시 해남군 계곡면 반계리 13번지 1호  ,12
한농장,돼지,전남광주통합특별시 해남군 북평면 이진리 1206번지 1호 외1필지(1206-4번지) ,2000
다우리농장,돼지,전남광주통합특별시 해남군 현산면 월송리 930번지 3호  ,2500
이인상농장,한우,전남광주통합특별시 해남군 삼산면 신흥리 160번지 외 1필지(160-5번지) ,70
김길용농장,한우,전남광주통합특별시 해남군 삼산면 원진리 259번지 2호 외 3필지 ,50
그린목장,한우,전남광주통합특별시 해남군 삼산면 평활리 365번지 9호  ,30
강향화농장,한우,전남광주통합특별시 해남군 삼산면 평활리 324번지  ,34
삼진축산,한우,전남광주통합특별시 해남군 삼산면 평활리 492번지 36호  ,30
이정기농장,한우,전남광주통합특별시 해남군 해남읍 남천리 604번지 12호 외3필지 ,120
말매농장,한우,전남광주통합특별시 해남군 해남읍 고도리 288번지  ,30
청운농장,돼지,전남광주통합특별시 해남군 옥천면 백호리 854번지 1호 외 6필지 ,1700
충평농장,한우,전남광주통합특별시 해남군 문내면 충평리 143번지 2호 외 1필지 ,60
전정남농장,한우,전남광주통합특별시 해남군 문내면 충평리 107번지 5호 외 1필지 ,17
박종기농장,한우,전남광주통합특별시 해남군 문내면 충평리 598번지 1호 외 1필지 ,45
지우축산,돼지,전남광주통합특별시 해남군 북평면 오산리 231번지 외 4필지 ,700
오산축산,돼지,전남광주통합특별시 해남군 북평면 오산리 404번지  ,1100
조대웅농장,한우,전남광주통합특별시 해남군 북일면 운전리 191번지  ,21
박화식농장,한우,전남광주통합특별시 해남군 북일면 흥촌리 722번지 외 4필지 ,27
이금연농장,한우,전남광주통합특별시 해남군 북일면 용일리 955번지  ,15
최선호농장,한우,전남광주통합특별시 해남군 북일면 방산리 32번지  ,16
실로암목장,젖소,전남광주통합특별시 해남군 북일면 운전리 177번지  ,124
이화봉농장,한우,전남광주통합특별시 해남군 마산면 상등리 979번지  ,40
강경진농장,한우,전남광주통합특별시 해남군 황산면 일신리 23번지 18호  ,52
유일한농장,한우,전남광주통합특별시 해남군 황산면 연호리 694번지 34호  ,30
천일축산,한우,전남광주통합특별시 해남군 화산면 석호리 952번지 2호 외4필지 ,61
화신축산,한우,전남광주통합특별시 해남군 화산면 평호리 128번지 55호  ,85
강남농장,한우,전남광주통합특별시 해남군 송지면 미야리 1008번지 외3필지 ,47
천지농장,한우,전남광주통합특별시 해남군 북평면 평암리 630번지 외 9필지 ,45
환원농장,한우,전남광주통합특별시 해남군 북일면 운전리 275번지 외 3필지 ,50
대현농장,한우,전남광주통합특별시 해남군 마산면 연구리 634번지  ,18
평화목장,육우,전남광주통합특별시 해남군 마산면 상등리 산 2번지 36호  ,40
종종축산,한우,전남광주통합특별시 해남군 마산면 연구리 636번지 1호  ,20
이광채농장,한우,전남광주통합특별시 해남군 마산면 산막리 158번지 1호  ,60
김광진농장,한우,전남광주통합특별시 해남군 산이면 금호리 9번지 2호  ,30
이금수농장,한우,전남광주통합특별시 해남군 화원면 신덕리 949번지 1호  ,23
홍순학농장,한우,전남광주통합특별시 해남군 화원면 마산리 195번지 4호  ,51
신행석농장,한우,전남광주통합특별시 해남군 화원면 마산리 244번지 3호  ,18
강병태농장,한우,전남광주통합특별시 해남군 화원면 마산리 245번지  ,59
김성열농장,한우,전남광주통합특별시 해남군 화원면 구림리 338번지 1호  ,19
주용상농장,한우,"전남광주통합특별시 해남군 화원면 후산리 129번지 1호 외 2필지(129-2, 129-3) ",51
박철진농장,한우,전남광주통합특별시 해남군 화원면 후산리 116번지 1호  ,36
김성호농장,한우,전남광주통합특별시 해남군 화원면 후산리 99번지 1호  ,37
김수복농장,한우,전남광주통합특별시 해남군 화원면 후산리 189번지 1호  ,22
진상순농장,한우,전남광주통합특별시 해남군 화원면 장춘리 395번지 1호  ,40
홍종현농장,한우,전남광주통합특별시 해남군 화원면 성산리 699번지 외 4필지 ,98
이갑휘농장,한우,전남광주통합특별시 해남군 화원면 성산리 367번지  ,24
임인재농장,한우,전남광주통합특별시 해남군 화원면 성산리 178번지  ,31
박순석농장,한우,전남광주통합특별시 해남군 산이면 금호리 94번지 1호  ,8
강형구농장,한우,전남광주통합특별시 해남군 산이면 금호리 220번지 1호  ,10
정다운농장,한우,전남광주통합특별시 해남군 해남읍 남천리 900번지  ,11
복평농장,한우,"전남광주통합특별시 해남군 해남읍 복평리 560번지 2호 (가동, 마동) ",31
대흥축산2,한우,전남광주통합특별시 해남군 해남읍 복평리 557번지  ,19
88축산,한우,전남광주통합특별시 해남군 해남읍 복평리 1078번지  ,60
강성채농장,한우,전남광주통합특별시 해남군 해남읍 복평리 531번지  ,60
박홍남농장,한우,전남광주통합특별시 해남군 해남읍 복평리 217번지  ,10
배영한농장,한우,"전남광주통합특별시 해남군 해남읍 복평리 136, 137-2, 135-2 ",111
김재철농장,한우,전남광주통합특별시 해남군 해남읍 연동리 804번지 1호  ,20
땅끝농장,한우,전남광주통합특별시 해남군 해남읍 용정리 446번지  ,25
민세영농장,한우,전남광주통합특별시 해남군 해남읍 남천리 307번지  ,97
이상만농장,한우,전남광주통합특별시 해남군 해남읍 안동리 84번지  ,30
김범일농장,한우,전남광주통합특별시 해남군 해남읍 신안리 226번지 외 2필지 ,60
행복 나루터1,한우,"전남광주통합특별시 해남군 해남읍 신안리 303번지 외 3필지(303-1, 303-2, 305-4) ",85
에스비팜 서백,돼지,전남광주통합특별시 해남군 마산면 외호리 652번지  ,6000
농업회사법인그린피그팜(주)자돈,돼지,전남광주통합특별시 해남군 황산면 원호리 341번지 1호  ,5300
복평농장,한우,전남광주통합특별시 해남군 해남읍 복평리 102번지  ,17
박영균농장,한우,전남광주통합특별시 해남군 해남읍 복평리 418번지  ,10
해남진도축협 연동사업장,한우,전남광주통합특별시 해남군 해남읍 연동리 580번지 2호  ,111
해남진도축협 북일사업장,한우,전남광주통합특별시 해남군 북일면 운전리 433번지  ,270
백억농장,한우,전남광주통합특별시 해남군 삼산면 송정리 361번지 외 4필지 ,20
최원영농장,한우,전남광주통합특별시 해남군 북평면 와룡리 247번지  ,4
천태산농원,한우,전남광주통합특별시 해남군 북평면 남창리 598번지 1호  ,120
최수현농장,한우,전남광주통합특별시 해남군 북일면 흥촌리 307번지 3호  ,27
강경오농장,한우,전남광주통합특별시 해남군 현산면 덕흥리 446번지  ,26
고현축산,한우,전남광주통합특별시 해남군 현산면 일평리 196번지 외 1필지(208번지) ,145
현산축산,한우,전남광주통합특별시 해남군 현산면 일평리 747번지 1호  ,15
흥아농장,한우,"전남광주통합특별시 해남군 현산면 읍호리 1021번지 1호 외2필지(1021-2,1023번지) ",50
오용기농장,한우,전남광주통합특별시 해남군 현산면 백포리 122번지 4호  ,30
일종축사,한우,전남광주통합특별시 해남군 현산면 일평리 227번지  ,8
신영주농장,한우,전남광주통합특별시 해남군 현산면 황산리 857번지 1호  ,28
박충해농장,한우,전남광주통합특별시 해남군 현산면 황산리 868번지  ,40
동전농축산,한우,전남광주통합특별시 해남군 현산면 황산리 1020번지 4호 외1필지 ,70
박기남농장,한우,전남광주통합특별시 해남군 현산면 구산리 351번지 1호 외 5필지 ,40
조운목장,한우,전남광주통합특별시 해남군 현산면 조산리 220번지 외 4필지 ,50
하옥자농장,한우,전남광주통합특별시 해남군 현산면 조산리 510번지 1호  ,75
조성록농장,한우,전남광주통합특별시 해남군 현산면 월송리 177번지  ,37
김광석농장,한우,전남광주통합특별시 해남군 현산면 월송리 558번지 5호  ,19
민영축산,한우,전남광주통합특별시 해남군 현산면 월송리 791번지 외2필지 ,65
강영택농장,한우,전남광주통합특별시 해남군 현산면 구산리 343번지 1호 (가동) ,26
이천웅농장,한우,전남광주통합특별시 해남군 현산면 구산리 331번지 외2필지 ,60
정호준농장,한우,전남광주통합특별시 해남군 현산면 월송리 510번지 8호  ,18
정회상농장,한우,전남광주통합특별시 해남군 현산면 만안리 227번지  ,12
달마축산,한우,전남광주통합특별시 해남군 송지면 서정리 441번지 외 8필지 ,206
최승권농장,한우,전남광주통합특별시 해남군 화산면 평호리 220번지 외 2필지 ,13
최재억농장,한우,전남광주통합특별시 해남군 화산면 연정리 234번지 외1필지 ,25
연곡농장,한우,전남광주통합특별시 해남군 화산면 연곡리 419번지  ,63
이병관농장,한우,전남광주통합특별시 해남군 화산면 연곡리 755번지 7호  ,60
이장배농장,한우,전남광주통합특별시 해남군 화산면 부길리 778번지 1호 외1필지 ,50
에스비팜 해남 농업회사법인 주식회사,돼지,전남광주통합특별시 해남군 마산면 외호리 34번지 외 8필지 ,2000
도은농장,한우,전남광주통합특별시 해남군 마산면 연구리 466번지  ,20
농업회사법인 선푸드주식회사,돼지,전남광주통합특별시 해남군 마산면 용전리 946번지 3호  ,3200
민석홍농장,한우,전남광주통합특별시 해남군 마산면 학의리 142번지  ,20
김양수농장,한우,전남광주통합특별시 해남군 마산면 상등리 87번지  ,25
이병승농장,한우,전남광주통합특별시 해남군 마산면 산막리 158번지  ,20
윤영현농장,한우,전남광주통합특별시 해남군 마산면 화내리 1010번지  ,20
김응달농장,한우,전남광주통합특별시 해남군 계곡면 황죽리 421번지 9호  ,40
장점재농장,한우,전남광주통합특별시 해남군 북평면 이진리 799번지 1호  ,1
황토농장,돼지,전남광주통합특별시 해남군 북평면 오산리 949번지 4호 외 3필지 ,1200
손동수농장,한우,전남광주통합특별시 해남군 북일면 신월리 219번지 1호  ,12
희진농장,한우,전남광주통합특별시 해남군 북일면 용일리 1163번지  ,60
종수농장,한우,전남광주통합특별시 해남군 마산면 학의리 333번지 1호 외 1필지(334-1) ,43
북일농장,돼지,전남광주통합특별시 해남군 북일면 만수리 250번지 2호 외 1필지 및 251-3 외 2필지 ,1000
이형열농장,한우,전남광주통합특별시 해남군 삼산면 송정리 244번지 1호  ,40
하늘닿은농장,한우,전남광주통합특별시 해남군 삼산면 평활리 337번지 23호  ,144
김상록농장,한우,전남광주통합특별시 해남군 산이면 초송리 555번지 12호 외 1필지 ,41
태인한우농장,한우,전남광주통합특별시 해남군 산이면 덕호리 498번지 1호 외 7필지 ,134
진흥농장,한우,"전남광주통합특별시 해남군 문내면 학동리 228번지 ,229 ",44
원동축산,한우,전남광주통합특별시 해남군 문내면 용암리 671번지 1호  ,13
박기만농장,한우,전남광주통합특별시 해남군 문내면 예락리 568번지 2호  ,35
김준식농장,한우,전남광주통합특별시 해남군 현산면 백포리 261번지 2호  ,14
김형열농장,한우,전남광주통합특별시 해남군 현산면 구시리 858번지 18호 외3필지 ,45
주안농장,한우,전남광주통합특별시 해남군 현산면 고현리 1001번지 1호 외 2필지 ,70
이석용농장,한우,전남광주통합특별시 해남군 현산면 조산리 44번지 1호  ,80
선산한우농장,한우,전남광주통합특별시 해남군 현산면 황산리 727번지 1호 외 2필지 ,35
고재형농장,한우,전남광주통합특별시 해남군 현산면 월송리 812번지 1호  ,16
안병석농장,한우,전남광주통합특별시 해남군 현산면 월송리 1233번지 1호  ,50
김준철농장,한우,전남광주통합특별시 해남군 현산면 월송리 1094번지 외 6필지 ,110
향교축산,한우,전남광주통합특별시 해남군 현산면 월송리 1084번지 2호 외4필지 ,220
창대축산,한우,"전남광주통합특별시 해남군 현산면 월송리 668번지 6호 외 2필지(668-1, 668-7) ",100
무지개농장,돼지,전남광주통합특별시 해남군 현산면 황산리 1081번지 8호  ,2500
양지목장,한우,전남광주통합특별시 해남군 옥천면 성산리 254번지  ,130
오재준농장,한우,전남광주통합특별시 해남군 옥천면 백호리 567번지 23호  ,57
윤동현농장,한우,전남광주통합특별시 해남군 옥천면 용동리 207번지 1호 외 2필지 ,40
새날목장,한우,전남광주통합특별시 해남군 옥천면 흑천리 782번지 1호 외6필지 ,115
명우농장,한우,전남광주통합특별시 해남군 황산면 연호리 194번지 외 3필지 ,100
설소동농장,한우,전남광주통합특별시 해남군 황산면 연호리 690번지  ,130
이수배농장,한우,전남광주통합특별시 해남군 옥천면 신죽리 481번지 1호  ,50
두다리축산,육계,전남광주통합특별시 해남군 황산면 송호리 119번지 2호  ,200000
강동남농장,한우,전남광주통합특별시 해남군 황산면 일신리 23번지 5호  ,17
석당농장,한우,전남광주통합특별시 해남군 황산면 관춘리 1173번지 9호  ,15
김홍일농장,한우,전남광주통합특별시 해남군 황산면 관춘리 1162번지 34호 외 3필지 ,30
신흥토종닭농장,육계,전남광주통합특별시 해남군 송지면 마봉리 1370번지  ,500
박성태농장,한우,"전남광주통합특별시 해남군 화산면 연곡리 244번지 외2필지(245,247번지) ",18
뿌리농장,한우,전남광주통합특별시 해남군 화산면 석호리 395번지 2호 외 1필지 ,200
한용주농장,한우,전남광주통합특별시 해남군 황산면 연당리 179번지 1호  ,16
강경석농장,한우,전남광주통합특별시 해남군 황산면 일신리 46번지 4호 외 3필지 ,18
현연농장,한우,전남광주통합특별시 해남군 황산면 외입리 631번지 2호 외 3필지 ,50
형제축산,한우,전남광주통합특별시 해남군 황산면 원호리 445번지 1호 외 5필지 ,300
이성순농장,한우,전남광주통합특별시 해남군 계곡면 성진리 1015번지  ,34
부곡농장,돼지,전남광주통합특별시 해남군 황산면 부곡리 765번지 1호  ,650
농업회사법인그린피그팜(주),돼지,전남광주통합특별시 해남군 황산면 연당리 8번지  ,1401
김성만농장,육계,전남광주통합특별시 해남군 황산면 송호리 860번지 7호  ,55000
덕진축산,한우,전남광주통합특별시 해남군 화산면 금풍리 269번지 4호  ,37
임종철농장,한우,전남광주통합특별시 해남군 화산면 석호리 850번지 4호  ,45
발산농장,한우,전남광주통합특별시 해남군 황산면 연호리 97번지 9호  ,7
박성재농장,한우,전남광주통합특별시 해남군 황산면 연호리 114번지 2호  ,10
정일농장,한우,전남광주통합특별시 해남군 송지면 해원리 863번지 1호  ,47
묵동목장,한우,전남광주통합특별시 해남군 옥천면 신죽리 731번지  ,70
김양언농장,한우,전남광주통합특별시 해남군 화산면 평호리 451번지  ,9
주명옥농장,한우,전남광주통합특별시 해남군 현산면 백포리 111번지 5호 외2필지 ,12
황산목장,한우,전남광주통합특별시 해남군 현산면 황산리 967번지  ,65
이양학농장,한우,전남광주통합특별시 해남군 현산면 조산리 2번지  ,60
백두농장,한우,전남광주통합특별시 해남군 북평면 남창리 959번지 외 1필지 ,98
김남중농장,한우,전남광주통합특별시 해남군 마산면 상등리 1036번지 1호  ,10
리원농장,한우,전남광주통합특별시 해남군 현산면 월송리 701번지  ,30
가학농장,한우,전남광주통합특별시 해남군 계곡면 가학리 191-21 ,7
이성학농장,한우,전남광주통합특별시 해남군 옥천면 청신리 789번지 18호  ,2
옥매농장,한우,전남광주통합특별시 해남군 황산면 옥동리 22번지  ,11
박미경농장,한우,전남광주통합특별시 해남군 문내면 난대리 591번지 2호  ,80
최재수농장,한우,전남광주통합특별시 해남군 북평면 오산리 490번지  ,7
성심농장,한우,전남광주통합특별시 해남군 해남읍 용정리 697번지 외 9필지 ,120
민필기농장,한우,전남광주통합특별시 해남군 마산면 화내리 540번지 외 6필지 ,20
장복석 농장,한우,전남광주통합특별시 해남군 해남읍 복평리 337번지  ,50
고센농장,한우,전남광주통합특별시 해남군 화원면 마산리 117번지 11호 외 1필지 ,80
부동농장,한우,전남광주통합특별시 해남군 산이면 부동리 747번지 11호  ,70
김영익농장,한우,전남광주통합특별시 해남군 옥천면 흑천리 215번지 외 1필지(216) 및 245-3 외 1필지 ,60
월송농장,한우,전남광주통합특별시 해남군 현산면 월송리 676번지 7호  ,30
김수조농장,한우,전남광주통합특별시 해남군 현산면 월송리 1008번지 외2필지 ,26
지정오농장,한우,전남광주통합특별시 해남군 현산면 월송리 1515번지 5호 외1필지(790번지) ,62
부자농장,한우,전남광주통합특별시 해남군 계곡면 사정리 452번지 6호 외 1필지 ,17
태양목장,한우,전남광주통합특별시 해남군 화산면 방축리 1125번지 외1필지 ,27
박관웅농장,한우,전남광주통합특별시 해남군 문내면 석교리 1300번지 1호 외 1필지 ,6
재호축산,한우,전남광주통합특별시 해남군 삼산면 창리 848번지 외 1필지 ,13
대성농장,한우,전남광주통합특별시 해남군 계곡면 성진리 142번지 외 1필지 ,10
김경길농장,한우,전남광주통합특별시 해남군 송지면 미야리 639번지 외 1필지(639-2) ,70
김병용농장,한우,전남광주통합특별시 해남군 현산면 황산리 105번지 1호  ,14
상배농장,한우,전남광주통합특별시 해남군 해남읍 내사리 566번지 1호 외 4필지 ,30
창구농장,한우,전남광주통합특별시 해남군 해남읍 용정리 807번지  ,27
태복수농장,한우,전남광주통합특별시 해남군 삼산면 봉학리 38번지 6호 외 2필지 ,56
석열농장,한우,전남광주통합특별시 해남군 송지면 군곡리 799번지 1호 외 1필지 ,13
상경농장,한우,전남광주통합특별시 해남군 현산면 만안리 340번지  ,10
송계축산,한우,전남광주통합특별시 해남군 화산면 안호리 854번지 1호  ,5
소룡농장,한우,전남광주통합특별시 해남군 삼산면 평활리 379번지 1호  ,10
관두축산,한우,전남광주통합특별시 해남군 삼산면 평활리 374번지 2호  ,34
태양농장,한우,전남광주통합특별시 해남군 삼산면 원진리 793번지 외 4필지 ,100
강연식농장,한우,전남광주통합특별시 해남군 황산면 일신리 64번지 1호  ,19
재성농장,한우,전남광주통합특별시 해남군 문내면 예락리 374번지  ,15
비낸농장,한우,전남광주통합특별시 해남군 화산면 평호리 561번지 6호  ,15
형제농장,한우,전남광주통합특별시 해남군 화산면 연곡리 251번지  ,32
운곡농장,한우,전남광주통합특별시 해남군 송지면 서정리 1088번지 외 1필지 ,13
주만농장,한우,전남광주통합특별시 해남군 화원면 후산리 119번지 5호 외1필지(82번지) ,24
혁재농장,한우,전남광주통합특별시 해남군 현산면 읍호리 672번지 1호  ,12
복준농장,한우,전남광주통합특별시 해남군 현산면 월송리 784번지 외 1필지(809) ,15
영오2농장,한우,전남광주통합특별시 해남군 문내면 석교리 938번지  ,43
뜨락농장,한우,전남광주통합특별시 해남군 마산면 용전리 759번지  ,8
진수농장,한우,전남광주통합특별시 해남군 마산면 연구리 1108번지 4호  ,52
순이농장,한우,전남광주통합특별시 해남군 해남읍 내사리 1349번지  ,8
흥촌농장,한우,전남광주통합특별시 해남군 북일면 흥촌리 1607번지 3호  ,18
정명저농장,한우,전남광주통합특별시 해남군 옥천면 영춘리 972번지 6호  ,11
귀소농장,한우,전남광주통합특별시 해남군 마산면 연구리 1083번지 34호 외 1필지 ,10
대경농장,한우,전남광주통합특별시 해남군 현산면 월송리 1505번지 2호  ,78
한우농장,한우,전남광주통합특별시 해남군 문내면 예락리 1423번지 3호 외 1필지 ,24
승남농장,한우,전남광주통합특별시 해남군 현산면 일평리 734번지 1호  ,19
가온농장,한우,전남광주통합특별시 해남군 북일면 금당리 438번지 17호  ,80
계수농장,한우,전남광주통합특별시 해남군 삼산면 평활리 486번지 1호  ,31
송촌한우농장,한우,전남광주통합특별시 해남군 현산면 월송리 791번지 외2필지 ,148
근화축산,한우,전남광주통합특별시 해남군 현산면 일평리 733번지  ,22
이민규농장,한우,전남광주통합특별시 해남군 삼산면 창리 812번지 외 1필지 ,10
우혁농장,한우,전남광주통합특별시 해남군 북평면 서홍리 1216번지 3호  ,30
최상모농장,한우,전남광주통합특별시 해남군 북일면 용일리 270번지 1호  ,19
성우축산,한우,전남광주통합특별시 해남군 삼산면 창리 983번지 6호 외 1필지 및 971 ,65
명우축산,한우,전남광주통합특별시 해남군 해남읍 내사리 390번지 외 2필지 ,100
태운축산,한우,전남광주통합특별시 해남군 송지면 송호리 663번지 3호  ,20
종수농장,한우,전남광주통합특별시 해남군 황산면 부곡리 366번지 16호  ,14
정선농장,한우,전남광주통합특별시 해남군 황산면 부곡리 130번지  ,16
고대축산,한우,전남광주통합특별시 해남군 문내면 고평리 557번지  ,25
대봉축산,한우,전남광주통합특별시 해남군 문내면 고평리 158번지  ,30
용철농장,한우,전남광주통합특별시 해남군 해남읍 내사리 548번지 1호  ,37
상윤목장,한우,전남광주통합특별시 해남군 삼산면 충리 315번지  ,19
시등목장,한우,전남광주통합특별시 해남군 삼산면 원진리 939번지  ,12
재호목장,한우,전남광주통합특별시 해남군 삼산면 창리 561번지  ,16
형철농장,한우,전남광주통합특별시 해남군 북평면 이진리 693번지 2호 외1필지 ,19
상우농장,한우,전남광주통합특별시 해남군 북평면 평암리 545번지 2호 외1필지 ,23
믿음축산,한우,전남광주통합특별시 해남군 현산면 읍호리 1014번지  ,25
봉동축산,한우,전남광주통합특별시 해남군 현산면 황산리 118번지 5호 외3필지 ,100
병두농장,한우,전남광주통합특별시 해남군 화산면 평호리 292번지 1호  ,27
원길농장,한우,전남광주통합특별시 해남군 삼산면 원진리 195번지  ,5
효정농장,한우,전남광주통합특별시 해남군 옥천면 성산리 387번지 1호 외 1필지 ,20
현수농장,한우,전남광주통합특별시 해남군 북일면 운전리 352번지 외 1필지 ,50
배미산축산,한우,전남광주통합특별시 해남군 북일면 신월리 1092번지  ,18
동북농축산,한우,전남광주통합특별시 해남군 현산면 황산리 202번지  ,8
수정동농장,한우,전남광주통합특별시 해남군 현산면 월송리 874번지 1호 외1필지 ,50
증산농장,한우,전남광주통합특별시 해남군 현산면 월송리 353번지 1호  ,34
와등축산,한우,전남광주통합특별시 해남군 황산면 연호리 116번지 26호 외1필지 ,61
성산축산,한우,전남광주통합특별시 해남군 화원면 성산리 450번지  ,23
순익농장,한우,전남광주통합특별시 해남군 화원면 마산리 111번지 2호 외2필지 ,30
순기농장,한우,전남광주통합특별시 해남군 삼산면 상가리 307번지 1호 외 2필지 ,11
화룡농장,한우,전남광주통합특별시 해남군 북일면 흥촌리 308번지 1호  ,17
민광배농장,한우,전남광주통합특별시 해남군 마산면 학의리 138번지 2호 외 1필지 ,23
별성농장,한우,전남광주통합특별시 해남군 화원면 후산리 94번지 1호  ,38
만덕농장,한우,전남광주통합특별시 해남군 마산면 노하리 979번지 9호 외 1필지 ,46
석승농장,한우,전남광주통합특별시 해남군 산이면 초송리 140번지 7호  ,31
엘림농장,한우,전남광주통합특별시 해남군 화원면 성산리 331번지 11호 외 3필지 ,14
춘식농장,한우,전남광주통합특별시 해남군 북평면 서홍리 748번지  ,65
영진농장,한우,전남광주통합특별시 해남군 북일면 용일리 1030번지 3호 외 2필지 ,32
미숙농장,한우,전남광주통합특별시 해남군 북일면 흥촌리 417번지  ,9
희선농장,한우,전남광주통합특별시 해남군 옥천면 신계리 503번지 3호  ,23
임세민농장,한우,전남광주통합특별시 해남군 해남읍 고도리 1번지 3호  ,8
김광석농장,한우,전남광주통합특별시 해남군 해남읍 복평리 248번지 4통  ,20
임향란농장,한우,전남광주통합특별시 해남군 삼산면 창리 29번지 1호 외 4필지 ,4
동해축산,한우,전남광주통합특별시 해남군 북평면 동해리 984번지 5호  ,5
김성호농장,한우,전남광주통합특별시 해남군 북평면 평암리 1167번지 1호  ,4
이병춘농장,한우,전남광주통합특별시 해남군 마산면 외호리 855번지 외 1필지 ,15
진태식농장,한우,전남광주통합특별시 해남군 산이면 구성리 23번지 8호  ,7
승미농장,한우,전남광주통합특별시 해남군 북일면 흥촌리 669번지  ,12
장강희농장,한우,전남광주통합특별시 해남군 삼산면 봉학리 755번지 4호  ,18
삼산축산,한우,전남광주통합특별시 해남군 삼산면 구림리 478번지  ,30
유창농장,한우,전남광주통합특별시 해남군 삼산면 원진리 185번지  ,8
김춘식농장,한우,전남광주통합특별시 해남군 화산면 평호리 530번지  ,38
선미축산,한우,전남광주통합특별시 해남군 화산면 금풍리 307번지  ,35
노장수농장,한우,전남광주통합특별시 해남군 송지면 통호리 460번지 1호 및 461번지 ,3
임종윤농장,한우,전남광주통합특별시 해남군 송지면 금강리 1450번지 4호  ,21
동선농장,한우,전남광주통합특별시 해남군 북일면 흥촌리 208번지 1호  ,8
이병관농장,한우,전남광주통합특별시 해남군 옥천면 송산리 204번지 2호  ,10
박동식농장,한우,전남광주통합특별시 해남군 마산면 연구리 907번지  ,19
김규팔농장,한우,전남광주통합특별시 해남군 산이면 부동리 747번지 11호  ,60
박순길농장,한우,전남광주통합특별시 해남군 산이면 예정리 515번지  ,22
이정율농장,한우,전남광주통합특별시 해남군 마산면 연구리 1237번지  ,8
승자농장,한우,전남광주통합특별시 해남군 마산면 연구리 1204번지 5호  ,27
박금난농장,한우,전남광주통합특별시 해남군 마산면 연구리 1167번지 1호  ,14
효성축산,한우,전남광주통합특별시 해남군 산이면 초송리 273번지 1호  ,47
청용축산,한우,전남광주통합특별시 해남군 화원면 신덕리 403번지  ,32
김영진농장,한우,전남광주통합특별시 해남군 화원면 신덕리 249번지 2호  ,50
순옥농장,한우,전남광주통합특별시 해남군 해남읍 내사리 553번지 7호 외1필지 ,30
정진석농장,한우,전남광주통합특별시 해남군 삼산면 원진리 456번지  ,11
김주일농장,한우,전남광주통합특별시 해남군 삼산면 원진리 234번지 1호  ,7
백문철농장,한우,전남광주통합특별시 해남군 옥천면 백호리 877번지  ,5
태영축산,한우,전남광주통합특별시 해남군 화산면 평호리 128번지 8호 외 4필지 ,118
장등농장,한우,전남광주통합특별시 해남군 현산면 백포리 316번지 1호 외 1필지 ,25
풀머리농장,한우,전남광주통합특별시 해남군 산이면 초송리 223번지 4호  ,8
부성축산,한우,전남광주통합특별시 해남군 현산면 백포리 329번지 1호 및 341-1 ,46
그린축산,한우,전남광주통합특별시 해남군 삼산면 상가리 808번지 9호 외 1필지 ,20
금영축산,한우,전남광주통합특별시 해남군 삼산면 상가리 808번지 7호  ,9
상수축산,한우,전남광주통합특별시 해남군 현산면 월송리 571번지 외 6필지 ,22
김민식농장,한우,전남광주통합특별시 해남군 옥천면 흑천리 644번지 4호  ,30
박오주농장,한우,전남광주통합특별시 해남군 마산면 상등리 산 2번지 39호  ,44
이상욱농장,한우,전남광주통합특별시 해남군 황산면 송호리 22번지 2호  ,15
서금옥농장,한우,전남광주통합특별시 해남군 황산면 송호리 27번지  ,10
한솔농장,한우,전남광주통합특별시 해남군 황산면 연당리 35번지 4호  ,8
토러스농장,한우,전남광주통합특별시 해남군 산이면 덕호리 6번지 1호 외 1필지 ,10
주경순농장,한우,전남광주통합특별시 해남군 산이면 상공리 814번지  ,2
박영수농장,한우,전남광주통합특별시 해남군 화산면 해창리 663번지 3   호  ,10
삼성농장,한우,전남광주통합특별시 해남군 북일면 흥촌리 970번지 외 6필지 ,7
증산축산,한우,전남광주통합특별시 해남군 현산면 월송리 407번지 2호  ,4
천종관농장,한우,전남광주통합특별시 해남군 옥천면 팔산리 68번지  ,6
당산목장,한우,전남광주통합특별시 해남군 계곡면 당산리 340번지 12호 외 3필지 ,18
이경민농장,한우,전남광주통합특별시 해남군 마산면 학의리 335번지 5호  ,10
이암농장,돼지,전남광주통합특별시 해남군 황산면 옥동리 60번지 2호  ,49
조점인농장,한우,전남광주통합특별시 해남군 해남읍 복평리 368번지  ,22
양지농장,한우,전남광주통합특별시 해남군 현산면 월송리 156번지  ,85
연화축산,한우,전남광주통합특별시 해남군 산이면 진산리 37번지 4호  ,66
송승암농장,한우,전남광주통합특별시 해남군 해남읍 신안리 225번지 2호 외 2필지 ,21
황선옥농장,한우,전남광주통합특별시 해남군 화산면 부길리 778번지 4호 외1필지 ,70
천승옥농장,한우,전남광주통합특별시 해남군 송지면 미야리 722번지  ,10
진열축산,한우,전남광주통합특별시 해남군 송지면 미야리 714번지 3호 외 3필지 ,26
민정숙농장,한우,전남광주통합특별시 해남군 마산면 상등리 297번지 18호 외 1필지(297-19) ,7
김상엽농장,한우,전남광주통합특별시 해남군 황산면 일신리 232번지  ,9
이성욱농장,한우,전남광주통합특별시 해남군 현산면 읍호리 388번지 1호 외3필지 ,48
신행태농장,한우,전남광주통합특별시 해남군 현산면 백포리 344번지 20호  ,10
평화목장,한우,전남광주통합특별시 해남군 마산면 상등리 산 2번지 39호  ,4
정우배농장,한우,전남광주통합특별시 해남군 화원면 마산리 217번지 1호  ,11
박시헌농장,한우,전남광주통합특별시 해남군 북평면 서홍리 503번지 1호 외 2필지 ,70
김정윤농장,한우,전남광주통합특별시 해남군 북평면 오산리 996번지  ,5
고유종농장,한우,전남광주통합특별시 해남군 북평면 와룡리 330번지 1호  ,40
박만춘농장,한우,전남광주통합특별시 해남군 북일면 방산리 588번지 4호  ,4
김전호농장,한우,전남광주통합특별시 해남군 북일면 금당리 160번지  ,3
추삼만농장,한우,전남광주통합특별시 해남군 황산면 연당리 27번지  ,10
진훈축산,한우,전남광주통합특별시 해남군 황산면 한자리 1007번지 2호  ,16
정양조농장,한우,전남광주통합특별시 해남군 산이면 초송리 776번지  ,28
호남축산,한우,전남광주통합특별시 해남군 화원면 후산리 88번지  ,7
김영배농장,한우,전남광주통합특별시 해남군 옥천면 신계리 332번지 3호  ,11
태희자연농장,한우,전남광주통합특별시 해남군 마산면 용전리 113번지 1호  ,12
심청농장,한우,전남광주통합특별시 해남군 마산면 용전리 966번지 2호 외 1필지(966-10) ,14
이병승농장,한우,전남광주통합특별시 해남군 마산면 맹진리 517번지  ,10
최형석농장,한우,전남광주통합특별시 해남군 화산면 평호리 552번지 9호  ,11
광천축산,한우,전남광주통합특별시 해남군 화산면 월호리 745번지  ,3
민건농장,한우,전남광주통합특별시 해남군 화산면 연곡리 756번지 1호  ,40
이성기농장,한우,전남광주통합특별시 해남군 화산면 송산리 67번지 외1필지 ,5
장기남농장,한우,전남광주통합특별시 해남군 현산면 구산리 14번지  ,15
김평진농장,한우,전남광주통합특별시 해남군 현산면 황산리 103번지 12호  ,12
김윤식농장,한우,전남광주통합특별시 해남군 북일면 흥촌리 170번지  ,30
이승현농장,한우,전남광주통합특별시 해남군 북일면 용일리 179번지 1호  ,17
이운영농장,한우,전남광주통합특별시 해남군 계곡면 반계리 428번지 1호  ,26
민관홍농장,한우,전남광주통합특별시 해남군 계곡면 법곡리 324번지  ,17
김도산농장,한우,전남광주통합특별시 해남군 산이면 초송리 1023번지 1호  ,58
차원용농장,한우,전남광주통합특별시 해남군 문내면 서상리 503번지 외 1필지 ,34
송용축산,한우,전남광주통합특별시 해남군 해남읍 용정리 275번지 1호 외5필지 ,109
오재태농장,한우,전남광주통합특별시 해남군 삼산면 송정리 508번지 3호  ,12
주광식농장,한우,전남광주통합특별시 해남군 삼산면 원진리 24번지 9호 외 1필지 ,25
승효농장,한우,전남광주통합특별시 해남군 송지면 해원리 608번지 2호  ,6
대명축산,한우,전남광주통합특별시 해남군 송지면 해원리 929번지  ,15
천창일농장,한우,전남광주통합특별시 해남군 송지면 미야리 217번지 12호  ,19
학가축산,한우,전남광주통합특별시 해남군 송지면 학가리 312번지 1호 외 1필지 ,42
박양규농장,한우,전남광주통합특별시 해남군 송지면 가차리 544번지 4호 외 1필지 ,35
신용농장,한우,전남광주통합특별시 해남군 북평면 와룡리 525번지  ,13
김대환농장,한우,전남광주통합특별시 해남군 북평면 서홍리 982번지 1호 외2필지 ,7
박금수농장,한우,전남광주통합특별시 해남군 북평면 서홍리 962번지 외 3필지 ,28
윤태현농장,한우,전남광주통합특별시 해남군 황산면 원호리 585번지  ,11
선농회목장,한우,전남광주통합특별시 해남군 해남읍 남천리 56번지 1호  ,6
손광길농장,한우,전남광주통합특별시 해남군 삼산면 원진리 365번지  ,27
정이농장,한우,전남광주통합특별시 해남군 삼산면 창리 563번지  ,20
희은농장,한우,전남광주통합특별시 해남군 화산면 가좌리 1176번지 1호  ,40
채현기농장,한우,전남광주통합특별시 해남군 화산면 연곡리 126번지 외1필지 ,11
강일구농장,한우,전남광주통합특별시 해남군 현산면 구산리 300번지 1호  ,43
김남배농장,한우,전남광주통합특별시 해남군 북평면 동해리 985번지 1호  ,6
박수혁농장,한우,전남광주통합특별시 해남군 북평면 서홍리 1042번지 4호  ,27
가는골농장,한우,전남광주통합특별시 해남군 북일면 방산리 694번지  ,10
진우농장,한우,전남광주통합특별시 해남군 북일면 흥촌리 152번지 31호  ,20
신명운농장,한우,전남광주통합특별시 해남군 북일면 방산리 596번지  ,3
최문남농장,한우,전남광주통합특별시 해남군 북일면 방산리 701번지  ,4
김재귀농장,한우,전남광주통합특별시 해남군 마산면 상등리 724번지 37호  ,5
이춘신농장,한우,전남광주통합특별시 해남군 마산면 장촌리 682번지 1호  ,17
김건호농장,한우,전남광주통합특별시 해남군 마산면 상등리 983번지 외 4필지 ,23
이송동농장,한우,전남광주통합특별시 해남군 황산면 외입리 1003번지  ,6
정오상농장,한우,전남광주통합특별시 해남군 황산면 원호리 70번지 4호  ,14
제우축산,한우,전남광주통합특별시 해남군 황산면 한자리 55번지 19호 외 1필지 및 55-22 ,43
이정표농장,한우,전남광주통합특별시 해남군 황산면 한자리 508번지 9호  ,23
혈도농장,한우,전남광주통합특별시 해남군 문내면 무고리 1892번지 10호  ,11
산수농장,한우,전남광주통합특별시 해남군 화원면 산호리 297번지 외 2필지 ,18
김갑식농장,한우,전남광주통합특별시 해남군 화원면 성산리 460번지 6호 외3필지 ,36
박경철농장,한우,전남광주통합특별시 해남군 황산면 호동리 1021번지 3호  ,29
박점석농장,한우,전남광주통합특별시 해남군 황산면 부곡리 704번지  ,17
고향산천농장,한우,전남광주통합특별시 해남군 삼산면 신흥리 108번지 16호  ,23
박병석농장,한우,전남광주통합특별시 해남군 삼산면 신흥리 873번지 2호  ,11
이광준농장,한우,전남광주통합특별시 해남군 화산면 부길리 205번지  ,8
연수축산,한우,전남광주통합특별시 해남군 송지면 학가리 234번지 외 1필지 ,8
최공환농장,한우,전남광주통합특별시 해남군 북일면 용일리 1259번지 5호  ,12
이연옥농장,한우,전남광주통합특별시 해남군 마산면 상등리 998번지  ,8
나영수농장,한우,전남광주통합특별시 해남군 현산면 구산리 333번지 2호  ,21
연효순농장,한우,전남광주통합특별시 해남군 현산면 월송리 1075번지 외 3필지 ,92
박영애농장,한우,전남광주통합특별시 해남군 황산면 남리리 316번지 3호  ,11
윤종하농장,한우,전남광주통합특별시 해남군 삼산면 신흥리 873번지 13호  ,5
윤두홍농장,한우,전남광주통합특별시 해남군 삼산면 신흥리 509번지  ,26
장영서농장,한우,전남광주통합특별시 해남군 산이면 금호리 946번지 2호 외 2필지 ,13
남일목장,한우,전남광주통합특별시 해남군 화원면 후산리 214번지 1호  ,20
채금성농장,한우,전남광주통합특별시 해남군 현산면 구시리 997번지 6호  ,24
영수농장,한우,전남광주통합특별시 해남군 현산면 황산리 688번지  ,4
일성한우농장,한우,전남광주통합특별시 해남군 화원면 장춘리 192번지 및 192-1 ,95
이일숙농장,한우,전남광주통합특별시 해남군 황산면 남리리 457번지  ,28
채원기농장,한우,전남광주통합특별시 해남군 화산면 연곡리 143번지  ,1
장영익농장,한우,전남광주통합특별시 해남군 계곡면 성진리 1085번지 5호  ,10
임마누엘농장,오리,전남광주통합특별시 해남군 현산면 덕흥리 632번지  ,17000
김영욱농장,한우,전남광주통합특별시 해남군 옥천면 흑천리 821번지 7호 외1필지 ,35
정남진농장,한우,전남광주통합특별시 해남군 산이면 초송리 974번지 2호  ,9
금호축산,한우,전남광주통합특별시 해남군 산이면 금호리 147번지  ,30
송정농장,한우,전남광주통합특별시 해남군 마산면 노하리 716번지 1호  ,62
가나다 송지농장,한우,전남광주통합특별시 해남군 송지면 미야리 4번지  ,11
팜스월드 해남팜 2농장,돼지,전남광주통합특별시 해남군 마산면 상등리 803번지 1호 외 2필지 ,400
범홍농장,한우,전남광주통합특별시 해남군 현산면 월송리 953번지 8호 외 1필지 ,900
오재식농장,한우,전남광주통합특별시 해남군 해남읍 내사리 939번지 1호  ,30
대우축산,한우,전남광주통합특별시 해남군 마산면 노하리 1018번지 5호  ,50
김종수농장,한우,전남광주통합특별시 해남군 마산면 송석리 615번지 외 2필지 ,20
천정수농장,한우,전남광주통합특별시 해남군 화산면 부길리 668번지 1호  ,11
승우농장,한우,전남광주통합특별시 해남군 옥천면 신계리 333번지  ,11
홍재환농장,한우,전남광주통합특별시 해남군 문내면 서상리 54번지  ,12
종민농장,한우,전남광주통합특별시 해남군 북일면 만수리 219번지 3호  ,6
박평순농장,한우,전남광주통합특별시 해남군 산이면 초송리 534번지 4호  ,9
초원목장,한우,전남광주통합특별시 해남군 삼산면 평활리 317번지 2호  ,152
광현농장,한우,전남광주통합특별시 해남군 마산면 외호리 34번지 20호  ,17
박종길농장,한우,전남광주통합특별시 해남군 북평면 이진리 716번지  ,12
상원농장,한우,전남광주통합특별시 해남군 화산면 석호리 679번지 2호  ,33
질마농장,한우,전남광주통합특별시 해남군 화원면 후산리 207번지 1호  ,11
경일농장,한우,전남광주통합특별시 해남군 북평면 이진리 797번지  ,18
정인축산,한우,전남광주통합특별시 해남군 해남읍 내사리 992번지 18호 (제1동) ,67
고종만농장,한우,전남광주통합특별시 해남군 북평면 서홍리 297번지 12호  ,30
섬안농장,육계,전남광주통합특별시 해남군 황산면 원호리 1049번지 5호  ,70000
상식농장,한우,전남광주통합특별시 해남군 화산면 방축리 11번지 외1필지 ,12
강채일농장,한우,전남광주통합특별시 해남군 해남읍 내사리 558번지 1호  ,150
김동식축산,한우,전남광주통합특별시 해남군 옥천면 신계리 341번지  ,6
김문수농장,한우,전남광주통합특별시 해남군 문내면 동외리 779번지  ,56
이귀열농장,한우,전남광주통합특별시 해남군 산이면 초송리 560번지 11호  ,10
정명진농장,한우,전남광주통합특별시 해남군 계곡면 사정리 531번지  ,3
대국축산,한우,전남광주통합특별시 해남군 삼산면 송정리 467번지 2호  ,11
김공택농장,한우,전남광주통합특별시 해남군 산이면 노송리 437번지 외 2필지 ,54
청운축산,한우,전남광주통합특별시 해남군 옥천면 백호리 854번지 8호  ,44
용전축사,한우,전남광주통합특별시 해남군 마산면 용전리 208번지  ,32
아름다운농장,한우,전남광주통합특별시 해남군 삼산면 상가리 270번지 6호  ,60
신흥푸른축산,한우,전남광주통합특별시 해남군 삼산면 신흥리 523번지 10호  ,27
주성실농장,한우,전남광주통합특별시 해남군 문내면 예락리 622번지  ,20
최은란농장,한우,전남광주통합특별시 해남군 해남읍 남천리 975번지 6호  ,5
전종규농장,한우,전남광주통합특별시 해남군 산이면 상공리 694번지 2호  ,55
조은농장,한우,전남광주통합특별시 해남군 화원면 후산리 162번지 1호 외1필지(217번지) ,80
이근배농장,한우,전남광주통합특별시 해남군 해남읍 백야리 312번지 1호  ,9
강성인농장,한우,전남광주통합특별시 해남군 황산면 한자리 8번지 5호  ,103
남도의꿈 1농장,돼지,전남광주통합특별시 해남군 황산면 송호리 936번지 1호  ,2000
천우축산,한우,전남광주통합특별시 해남군 송지면 가차리 970번지 외 4필지 ,10
증도농장,한우,전남광주통합특별시 해남군 문내면 충평리 718번지  ,29
황금한우,한우,전남광주통합특별시 해남군 해남읍 내사리 81번지 1호  ,47
남대문농장,한우,전남광주통합특별시 해남군 현산면 월송리 512번지  ,95
민성윤농장,한우,전남광주통합특별시 해남군 산이면 초송리 63번지 외1필지 ,10
은혜축산,한우,전남광주통합특별시 해남군 황산면 외입리 950번지 1호  ,9
토종한우농장,한우,전남광주통합특별시 해남군 문내면 석교리 1983번지 4호 외 2필지 ,7
삼성축산,한우,전남광주통합특별시 해남군 마산면 노하리 710번지 외 1필지 및 712-1 외 4필지 ,260
박준호농장,한우,전남광주통합특별시 해남군 문내면 용암리 1540번지  ,24
철수농장,한우,전남광주통합특별시 해남군 옥천면 영춘리 711번지 (2017.1.1까지) ,5
승교농장,한우,전남광주통합특별시 해남군 화산면 금풍리 329번지 외1필지 ,16
최명환농장,한우,전남광주통합특별시 해남군 해남읍 내사리 1189번지  ,7
곤축산농장,한우,전남광주통합특별시 해남군 화원면 후산리 258번지 2호  ,60
주현주농장,한우,전남광주통합특별시 해남군 문내면 무고리 87번지  ,3
비슬목장,한우,전남광주통합특별시 해남군 계곡면 당산리 1256번지 2호  ,13
이병연농장,한우,전남광주통합특별시 해남군 옥천면 송산리 40번지 1호  ,10
병욱농장,한우,전남광주통합특별시 해남군 옥천면 영춘리 458번지 2호  ,4
고려축산,한우,전남광주통합특별시 해남군 삼산면 충리 1155번지 8호  ,130
연우축산,한우,전남광주통합특별시 해남군 황산면 연당리 321번지 외 2필지 ,50
허병국농장,돼지,전남광주통합특별시 해남군 송지면 서정리 1071번지 4호  ,170
김경례농장,한우,전남광주통합특별시 해남군 해남읍 복평리 560번지 2호 (라동) ,15
콩우사랑목장,한우,전남광주통합특별시 해남군 북일면 내동리 240번지  ,9
최성농장,한우,전남광주통합특별시 해남군 화산면 연정리 239번지  ,8
영현농장,한우,전남광주통합특별시 해남군 현산면 덕흥리 458번지 (무기한) ,20
박광희농장,한우,전남광주통합특별시 해남군 산이면 덕호리 777번지 6호  ,40
유토피아,한우,전남광주통합특별시 해남군 산이면 덕호리 777번지 5호  ,38
장미자농장,한우,전남광주통합특별시 해남군 삼산면 원진리 390번지  ,10
대성농장,한우,전남광주통합특별시 해남군 현산면 황산리 106번지 1호  ,6
천지인농장,오리,전남광주통합특별시 해남군 옥천면 청신리 273번지  ,8000
농업회사법인(유) 이정,육계,전남광주통합특별시 해남군 마산면 송석리 12번지 4호 외 3필지 ,136000
이춘석농장,한우,전남광주통합특별시 해남군 북일면 신월리 145번지  ,20
윤주식농장,한우,전남광주통합특별시 해남군 황산면 옥동리 77번지  ,18
화산영농조합,한우,전남광주통합특별시 해남군 화산면 석호리 663번지 5호  ,17
봉동2농장,한우,"전남광주통합특별시 해남군 현산면 구시리 849번지 1호 ,-2,858-22,-24 ",20
호남축산,한우,전남광주통합특별시 해남군 해남읍 백야리 174번지 5호  ,30
영호한우농장,한우,전남광주통합특별시 해남군 화원면 영호리 830번지 외 1필지 ,64
상등축산,한우,전남광주통합특별시 해남군 마산면 상등리 487번지 16호  ,8
달산농장,한우,전남광주통합특별시 해남군 화산면 안호리 501번지  ,18
개미농장,한우,전남광주통합특별시 해남군 화산면 부길리 842번지 1호  ,1
야곱농장,한우,전남광주통합특별시 해남군 삼산면 구림리 320번지 외 1필지 ,4
만배축산,한우,전남광주통합특별시 해남군 현산면 월송리 1440번지 5호 외1필지(1440-6번지) ,122
땅끝축산,한우,전남광주통합특별시 해남군 송지면 통호리 235번지  ,15
늘해랑축산,한우,전남광주통합특별시 해남군 해남읍 용정리 77번지 11호 2027년 3월 2일까지 ,77
관동축산,한우,전남광주통합특별시 해남군 삼산면 평활리 398번지  ,40
팔복축산,한우,전남광주통합특별시 해남군 삼산면 평활리 417번지 7호  ,30
현산농장,한우,전남광주통합특별시 해남군 현산면 일평리 594번지  ,6
강질수 농장,한우,전남광주통합특별시 해남군 북평면 남창리 1313번지 2호  ,15
신창농장,한우,전남광주통합특별시 해남군 문내면 석교리 1517번지  ,37
김병열 축산,한우,전남광주통합특별시 해남군 삼산면 원진리 744번지 11호  ,6
오병천 축산,한우,전남광주통합특별시 해남군 계곡면 사정리 219번지 5호  ,9
학의농장,한우,전남광주통합특별시 해남군 현산면 고현리 1012번지  ,8
번영축산,한우,전남광주통합특별시 해남군 북일면 방산리 893번지 3호 외 1필지 ,6
증도축산,한우,전남광주통합특별시 해남군 문내면 무고리 993번지  ,8
해일축산,오리,전남광주통합특별시 해남군 황산면 남리리 465번지 외4필지 ,27000
금성축산,한우,전남광주통합특별시 해남군 화원면 월호리 342번지  ,65
임선옥 축산,한우,전남광주통합특별시 해남군 마산면 상등리 331번지  ,20
김영신축산,한우,전남광주통합특별시 해남군 해남읍 연동리 1007번지 2호  ,11
현산터골축산,한우,전남광주통합특별시 해남군 현산면 읍호리 995번지 외 1필지 ,78
청봉농장,한우,전남광주통합특별시 해남군 현산면 월송리 916번지  ,0
진호축산,한우,전남광주통합특별시 해남군 옥천면 청신리 179번지 외 1필지(180) ,7
성하축산,한우,전남광주통합특별시 해남군 삼산면 충리 314번지 102호  ,16
초아목장,한우,"전남광주통합특별시 해남군 문내면 석교리 1534번지 9호 ,-1,-11,-15 ",8
삼덕축산,한우,전남광주통합특별시 해남군 문내면 석교리 1562번지  ,15
록헌농장A,한우,전남광주통합특별시 해남군 해남읍 용정리 65번지 20호  ,24
성민축산,한우,전남광주통합특별시 해남군 현산면 구시리 979번지 1호  ,12
경희축산,한우,전남광주통합특별시 해남군 옥천면 백호리 1305번지 1호  ,9
예덴농원,한우,전남광주통합특별시 해남군 현산면 백포리 144번지 3호  ,10
하구시 길 축산,한우,전남광주통합특별시 해남군 현산면 구시리 796번지 4호  ,27
용만네 농장,한우,전남광주통합특별시 해남군 문내면 난대리 632번지 외 1필지 ,50
남도의꿈 2농장,돼지,전남광주통합특별시 해남군 황산면 일신리 49번지 8호 외 1필지 ,1000
남진농장,한우,전남광주통합특별시 해남군 해남읍 복평리 305번지 1호 외 1필지 ,2
제일농장,한우,전남광주통합특별시 해남군 화산면 가좌리 92번지  ,13
후인농장,한우,전남광주통합특별시 해남군 황산면 연호리 459번지 1호  ,1
조은농장2,한우,전남광주통합특별시 해남군 화원면 후산리 162번지 1호 토지소유주 정훈(토지사용기간 2031년 9월말 까지) ,80
남촌농장,한우,전남광주통합특별시 해남군 옥천면 송산리 597번지 1호  ,33
혜정축산,한우,전남광주통합특별시 해남군 산이면 구성리 48번지 2호  ,23
우강축산,한우,전남광주통합특별시 해남군 화원면 매월리 278번지 3호  ,19
성우농장,한우,전남광주통합특별시 해남군 삼산면 신흥리 68번지 7호 외 2필지 ,32
지영축산,한우,전남광주통합특별시 해남군 문내면 무고리 351번지 1호  ,16
예향농원 제2농장,한우,전남광주통합특별시 해남군 문내면 예락리 1250번지 3호  ,47
전임농장,한우,전남광주통합특별시 해남군 해남읍 내사리 731번지 3호  ,13
정철축산,한우,전남광주통합특별시 해남군 문내면 용암리 848번지 외 2필지 ,27
단성목장,한우,전남광주통합특별시 해남군 마산면 연구리 8번지 2호  ,167
고정축산,한우,전남광주통합특별시 해남군 송지면 서정리 9번지 6호 외1필지 ,33
대동축산,한우,전남광주통합특별시 해남군 해남읍 복평리 560번지 2호 (다동) ,28
창신농장,한우,전남광주통합특별시 해남군 현산면 월송리 837번지  ,15
철현축산,한우,전남광주통합특별시 해남군 문내면 고당리 81번지 및 354번지 ,12
영일축산,한우,전남광주통합특별시 해남군 문내면 고당리 399번지  ,11
현우축산,한우,전남광주통합특별시 해남군 황산면 한자리 8번지 1호  ,120
고수농장,한우,전남광주통합특별시 해남군 해남읍 남천리 226번지 4호  ,13
번영축산,한우,전남광주통합특별시 해남군 마산면 맹진리 729번지 1호 외 1필지 ,20
누렁이농장,한우,전남광주통합특별시 해남군 계곡면 법곡리 1401번지 11호  ,7
유림축산,한우,전남광주통합특별시 해남군 계곡면 여수리 926번지 1호  ,5
미래농장,한우,전남광주통합특별시 해남군 계곡면 성진리 1078번지 1호  ,40
해강축산,한우,전남광주통합특별시 해남군 화산면 석호리 825번지 7호  ,92
대진축산,한우,전남광주통합특별시 해남군 산이면 대진리 757번지 6호  ,16
이삭농장,한우,전남광주통합특별시 해남군 계곡면 법곡리 1401번지 8호  ,41
만성축산,한우,전남광주통합특별시 해남군 계곡면 가학리 228번지 51호 외 1필지 ,15
신한축사,한우,전남광주통합특별시 해남군 현산면 월송리 676번지 13호  ,10
청희축산,한우,전남광주통합특별시 해남군 북일면 용일리 320번지 1호  ,5
김재창목장,한우,전남광주통합특별시 해남군 황산면 송호리 391번지  ,34
김창용농장,오리,전남광주통합특별시 해남군 마산면 송석리 11번지 11호  ,16000
황금목장,한우,전남광주통합특별시 해남군 황산면 연호리 1278번지 1호 외 1필지(1278-7) ,157
평원농장,육계,전남광주통합특별시 해남군 황산면 외입리 265번지 2호  ,64000
하늘빛농원,한우,전남광주통합특별시 해남군 삼산면 충리 937번지  ,67
우토골농장,한우,전남광주통합특별시 해남군 삼산면 신흥리 207번지 외 3필지 ,19
태진축산,한우,전남광주통합특별시 해남군 해남읍 복평리 558번지 1호 외 1필지 ,27
산이축산,한우,전남광주통합특별시 해남군 산이면 부동리 690번지  ,0
무지개농장 2,육계,전남광주통합특별시 해남군 황산면 송호리 13번지  ,40500
한우태인농장,한우,전남광주통합특별시 해남군 산이면 덕호리 458번지 7호  ,78
가을농장,한우,전남광주통합특별시 해남군 산이면 덕호리 841번지 1호  ,22
송천축산,한우,전남광주통합특별시 해남군 산이면 송천리 294번지 1호  ,14
월교농장,한우,전남광주통합특별시 해남군 해남읍 내사리 1575번지 5호  ,20
장순농장,한우,전남광주통합특별시 해남군 화산면 평호리 561번지 11호  ,36
수일농장,한우,전남광주통합특별시 해남군 계곡면 사정리 596번지  ,2
이우형농장,한우,전남광주통합특별시 해남군 계곡면 성진리 726번지 1호  ,7
이우상농장,한우,전남광주통합특별시 해남군 해남읍 내사리 1439번지 1호  ,46
혁이네 농장,한우,전남광주통합특별시 해남군 해남읍 내사리 1439번지 3호 외 1필지 ,80
은찬농장,한우,전남광주통합특별시 해남군 계곡면 사정리 17번지 7호  ,21
박영석농장,한우,전남광주통합특별시 해남군 옥천면 청신리 556번지 4호  ,38
신성농장,한우,전남광주통합특별시 해남군 계곡면 성진리 581번지 16호  ,11
박주환농장,한우,전남광주통합특별시 해남군 마산면 학의리 764번지 3호  ,4
성배축산,한우,전남광주통합특별시 해남군 송지면 군곡리 2388번지 1호  ,5
대성축산,한우,전남광주통합특별시 해남군 북평면 와룡리 642번지 19호  ,14
대성축산 2농장,한우,전남광주통합특별시 해남군 북평면 남창리 66번지  ,20
일권축산,한우,전남광주통합특별시 해남군 삼산면 원진리 1146번지 5호  ,26
대광농장,한우,전남광주통합특별시 해남군 삼산면 신흥리 35번지 28호 외 1필지 ,22
도은축산,한우,전남광주통합특별시 해남군 삼산면 충리 277번지  ,4
미완성농장,한우,전남광주통합특별시 해남군 북일면 만수리 610번지 2호  ,245
경희축산,한우,전남광주통합특별시 해남군 해남읍 복평리 549번지 3호  ,5
영상축산,한우,전남광주통합특별시 해남군 문내면 서상리 72번지  ,40
연주목장,한우,전남광주통합특별시 해남군 문내면 충평리 108번지 6호  ,31
석준목장,한우,전남광주통합특별시 해남군 문내면 충평리 58번지 외 2필지 ,43
하준농장,한우,"전남광주통합특별시 해남군 화산면 연곡리 568번지 ,566,567 ",20
노송목장,한우,전남광주통합특별시 해남군 산이면 노송리 361번지  ,12
월호농장,한우,전남광주통합특별시 해남군 화산면 월호리 846번지 2호  ,20
땅끝한우농장,한우,전남광주통합특별시 해남군 화산면 가좌리 578번지 5호  ,87
서재농장,한우,전남광주통합특별시 해남군 화산면 송산리 259번지  ,48
까망흑염소농장,산양,전남광주통합특별시 해남군 삼산면 신흥리 550번지  ,300
하늘부부농장,한우,전남광주통합특별시 해남군 송지면 서정리 1190번지 8호 외 2필지 ,40
구시리축산,한우,전남광주통합특별시 해남군 현산면 구시리 1183번지 21호  ,18
금동축산,한우,전남광주통합특별시 해남군 현산면 만안리 673번지 6호  ,7
윤서영농조합법인,한우,전남광주통합특별시 해남군 산이면 초송리 166번지 1호 외5필지 ,320
거성축산,한우,전남광주통합특별시 해남군 현산면 읍호리 1048번지  ,6
병태농장,한우,전남광주통합특별시 해남군 화원면 후산리 131번지 1호  ,45
김광용농장,한우,전남광주통합특별시 해남군 현산면 일평리 212번지 2호  ,64
서준농장,한우,전남광주통합특별시 해남군 산이면 초송리 172번지 12호  ,34
가재골농장,한우,"전남광주통합특별시 해남군 삼산면 상가리 844번지 7호 외 2필지(844-8,844-9번지) ",31
원농장,한우,전남광주통합특별시 해남군 마산면 상등리 423번지 2호  ,65
중앙축산,한우,전남광주통합특별시 해남군 계곡면 가학리 227번지 4호  ,72
신흥농장,한우,전남광주통합특별시 해남군 삼산면 신흥리 873번지 12호  ,13
미선축산,한우,전남광주통합특별시 해남군 황산면 일신리 46번지 21호  ,35
천하농장,한우,전남광주통합특별시 해남군 삼산면 평활리 1103번지 2호 외 1필지 ,21
김두식농장,한우,전남광주통합특별시 해남군 화산면 평호리 502번지  ,15
찬성농장,한우,전남광주통합특별시 해남군 산이면 초송리 275번지 2호  ,10
야콘부부농장,염소,"전남광주통합특별시 해남군 황산면 송호리 493번지 염소670㎡, 한우50㎡ ",27
하모니농장,염소,전남광주통합특별시 해남군 화원면 후산리 24번지 8호  ,380
사랑농장,한우,전남광주통합특별시 해남군 산이면 초송리 266번지  ,15
수연축사,한우,전남광주통합특별시 해남군 산이면 부동리 41번지  ,23
지희숙축사,한우,전남광주통합특별시 해남군 현산면 월송리 1512번지 4호  ,18
갈마농장,한우,전남광주통합특별시 해남군 계곡면 법곡리 880번지 2호  ,34
이주호농장,한우,전남광주통합특별시 해남군 화산면 부길리 646번지  ,3
연화농장,한우,전남광주통합특별시 해남군 산이면 초송리 385번지 42호  ,17
하느골농장,한우,전남광주통합특별시 해남군 삼산면 평활리 366번지 17호  ,19
허광식축사,한우,전남광주통합특별시 해남군 삼산면 평활리 253번지 10호  ,8
한우농장,한우,전남광주통합특별시 해남군 삼산면 원진리 335번지  ,9
서상재축사,한우,전남광주통합특별시 해남군 삼산면 구림리 254번지 12호  ,7
천지농장,한우,전남광주통합특별시 해남군 화산면 부길리 701번지  ,9
김일환축사,한우,전남광주통합특별시 해남군 화산면 안호리 588번지 3호  ,24
알뜰농장,한우,전남광주통합특별시 해남군 화산면 방축리 451번지 5호  ,20
원기농장,한우,전남광주통합특별시 해남군 화산면 송산리 1053번지 2호  ,10
루이농장,한우,전남광주통합특별시 해남군 문내면 석교리 881번지  ,15
윤영상축사,한우,전남광주통합특별시 해남군 북일면 금당리 535번지 1호  ,22
박옥경축사,한우,전남광주통합특별시 해남군 삼산면 봉학리 352번지 1호 외 2필지 ,23
산위축사,한우,전남광주통합특별시 해남군 삼산면 원진리 793번지 28호  ,5
풍호축산,한우,전남광주통합특별시 해남군 삼산면 신흥리 463번지 2호  ,6
가나축산,한우,전남광주통합특별시 해남군 삼산면 평활리 408번지 외 2필지 ,48
용두축사,한우,전남광주통합특별시 해남군 삼산면 창리 181번지  ,25
황산축산,한우,전남광주통합특별시 해남군 현산면 황산리 329번지 1호  ,18
허경축사,한우,전남광주통합특별시 해남군 송지면 미야리 687번지  ,6
금연축산,한우,전남광주통합특별시 해남군 송지면 금강리 678번지  ,13
평갑축사,한우,전남광주통합특별시 해남군 황산면 일신리 137번지 4호  ,11
임채기축사,한우,전남광주통합특별시 해남군 황산면 원호리 250번지  ,2
정수농장,한우,전남광주통합특별시 해남군 삼산면 구림리 877번지 15호  ,5
녹산농장,한우,전남광주통합특별시 해남군 삼산면 평활리 511번지 3호  ,22
이창욱축사,한우,전남광주통합특별시 해남군 현산면 월송리 305번지  ,28
이강섭축사,한우,전남광주통합특별시 해남군 현산면 구산리 316번지  ,5
서윤석축사,한우,전남광주통합특별시 해남군 옥천면 영춘리 545번지 1호  ,4
두레농장,한우,전남광주통합특별시 해남군 옥천면 신죽리 228번지  ,20
내동축산,한우,전남광주통합특별시 해남군 옥천면 신계리 757번지 11호  ,14
이화진축사,한우,전남광주통합특별시 해남군 마산면 연구리 1205번지  ,3
산동축산,한우,전남광주통합특별시 해남군 황산면 관춘리 873번지 2호  ,20
소울림농장,한우,전남광주통합특별시 해남군 삼산면 원진리 531번지  ,6
애자축산,한우,전남광주통합특별시 해남군 화산면 송산리 1023번지  ,17
윤양희축사,한우,전남광주통합특별시 해남군 화산면 방축리 983번지 1호  ,21
노영만축사,한우,전남광주통합특별시 해남군 화산면 평호리 126번지 10호  ,13
한주축사,한우,전남광주통합특별시 해남군 북일면 만수리 223번지 5호  ,5
강상열축사,한우,전남광주통합특별시 해남군 옥천면 영춘리 63번지 11호  ,18
전창호농장,한우,전남광주통합특별시 해남군 옥천면 흑천리 576번지 1호  ,6
서산농장,한우,전남광주통합특별시 해남군 옥천면 팔산리 991번지 6호  ,30
최세운축사,한우,전남광주통합특별시 해남군 옥천면 팔산리 799번지  ,7
일꾼한우농장,한우,전남광주통합특별시 해남군 황산면 남리리 996번지 외 3필지 ,40
금옥축산,한우,전남광주통합특별시 해남군 황산면 원호리 919번지 17호 외 2필지 ,22
임광남축사,한우,전남광주통합특별시 해남군 문내면 무고리 1914번지 1호  ,33
광열농장,한우,전남광주통합특별시 해남군 삼산면 평활리 588번지 11호  ,7
재민축사,한우,전남광주통합특별시 해남군 삼산면 원진리 791번지 1호  ,7
인오축산,한우,전남광주통합특별시 해남군 현산면 조산리 87번지 외 3필지 ,31
송암축사,한우,전남광주통합특별시 해남군 송지면 가차리 155번지  ,18
경진축사,한우,전남광주통합특별시 해남군 옥천면 흑천리 467번지 3호  ,11
우리축산,한우,전남광주통합특별시 해남군 삼산면 신흥리 191번지 1호  ,29
박복천축사,한우,전남광주통합특별시 해남군 현산면 월송리 362번지 1호  ,37
더불어숲,한우,"전남광주통합특별시 해남군 산이면 덕호리 1049번지 , 1053(1동) ",105
경도축산,한우,전남광주통합특별시 해남군 화산면 부길리 701번지 21호  ,7
금은농장,한우,전남광주통합특별시 해남군 삼산면 원진리 752번지 3호  ,33
범홍농장,한우,전남광주통합특별시 해남군 북평면 서홍리 1505번지 3호  ,78
덕촌농장,한우,전남광주통합특별시 해남군 삼산면 구림리 459번지 1호  ,8
흑석산흑염소농장,산양,전남광주통합특별시 해남군 계곡면 성진리 1015번지 1호  ,700
희진농장,한우,전남광주통합특별시 해남군 북일면 운전리 1462번지 4호  ,66
당포농장,육계,전남광주통합특별시 해남군 화원면 월호리 785번지 2호  ,85000
상금농장,한우,전남광주통합특별시 해남군 삼산면 신흥리 773번지 1호  ,15
재용농장,한우,전남광주통합특별시 해남군 황산면 호동리 192번지 외 1필지 ,155
승일농장,한우,전남광주통합특별시 해남군 계곡면 잠두리 142번지 4호  ,2
현영축산,한우,전남광주통합특별시 해남군 계곡면 사정리 907번지 5호  ,0
모자축산,한우,전남광주통합특별시 해남군 화산면 가좌리 668번지 1호  ,110
정성봉축산,한우,전남광주통합특별시 해남군 현산면 월송리 1648번지 1호 외1필지(29-1번지) ,130
가보영농조합법인 해남지점,돼지,전남광주통합특별시 해남군 옥천면 신죽리 401번지 4호  ,6000
조광현축산,한우,전남광주통합특별시 해남군 옥천면 팔산리 1001번지 4호  ,27
수영축산,한우,전남광주통합특별시 해남군 송지면 서정리 156번지 7호  ,12
임마누엘농장,육계,전남광주통합특별시 해남군 화산면 관동리 1135번지 1호  ,70000
남촌미래창조농장,육계,전남광주통합특별시 해남군 현산면 읍호리 1번지 7호  ,130000
한강농원,염소,전남광주통합특별시 해남군 해남읍 복평리 262번지 8호  ,30
무이농장,산양,전남광주통합특별시 해남군 계곡면 성진리 산 74번지  ,200
해성농장,한우,전남광주통합특별시 해남군 산이면 덕송리 271번지 1호  ,39
일명농장,한우,전남광주통합특별시 해남군 문내면 학동리 628번지  ,16
흑염소나라,산양,전남광주통합특별시 해남군 계곡면 가학리 306번지 63호  ,200
해룡농장,한우,전남광주통합특별시 해남군 송지면 해원리 878번지 외 1필지 ,14
푸른농장,산양,    ,120
대흥농장,육계,전남광주통합특별시 해남군 삼산면 평활리 411번지  ,60000
실로암2농장,한우,전남광주통합특별시 해남군 북일면 신월리 577번지 8호  ,70
반석농장,오리,전남광주통합특별시 해남군 문내면 무고리 356번지  ,15000
고려축산2농장,한우,전남광주통합특별시 해남군 옥천면 백호리 1046번지 1호  ,87
승리농장,한우,전남광주통합특별시 해남군 삼산면 상가리 807번지 6호  ,67
해오름농장,한우,전남광주통합특별시 해남군 산이면 덕호리 713번지 3호  ,130
윤복남농장,산양,전남광주통합특별시 해남군 문내면 고평리 546번지  ,2
신촌흑염소농장,염소,전남광주통합특별시 해남군 계곡면 가학리 191번지 18호 외 1필지 ,300
나래축산,한우,전남광주통합특별시 해남군 삼산면 평활리 366번지 47호 외 1필지 ,18
코코농장,종계/산란계,전남광주통합특별시 해남군 현산면 구시리 750번지  ,500
오빠야농장,육계,전남광주통합특별시 해남군 현산면 읍호리 1067번지 3호 외 2필지 ,98000
계곡산양목장 유한회사 농업회사법인,염소,전남광주통합특별시 해남군 계곡면 법곡리 1319번지 1호  ,300
원섭농장,한우,전남광주통합특별시 해남군 해남읍 복평리 555번지  ,27
승희축산,한우,전남광주통합특별시 해남군 삼산면 원진리 1146번지 12호  ,2
연수농장,한우,전남광주통합특별시 해남군 현산면 조산리 498번지 2호 외 2필지 ,26
동전축산,한우,전남광주통합특별시 해남군 현산면 구산리 524번지 25호 외 12필지 ,208
공주농장,한우,전남광주통합특별시 해남군 계곡면 반계리 172번지 2호  ,30
부곡농장,한우,전남광주통합특별시 해남군 황산면 부곡리 766번지 3호  ,53
온누리농장,한우,전남광주통합특별시 해남군 현산면 일평리 194번지  ,18
농업회사법인 남해(주),한우,전남광주통합특별시 해남군 산이면 노송리 55번지 1호  ,70
소나무농장,한우,전남광주통합특별시 해남군 현산면 조산리 85번지 14호  ,170
향림동산(흑염소농장),산양,전남광주통합특별시 해남군 현산면 황산리 1061번지  ,100
나린흑염소,염소,전남광주통합특별시 해남군 문내면 예락리 1111번지 외 2필지 ,25
보원축산,한우,전남광주통합특별시 해남군 해남읍 용정리 77번지 17호 외 1필지 ,12
하늘농장,한우,전남광주통합특별시 해남군 마산면 상등리 1036번지 1호  ,50
한양축산,한우,전남광주통합특별시 해남군 현산면 조산리 1022번지 4호 외 1필지(1021-1) ,350
동근네한우농장,한우,전남광주통합특별시 해남군 송지면 미야리 1011번지 외 2필지 ,40
신안농장,한우,전남광주통합특별시 해남군 황산면 부곡리 800번지 3호 외 1필지 ,31
영신농장,염소,전남광주통합특별시 해남군 옥천면 영신리 537번지 10호  ,12
초양마루,염소,전남광주통합특별시 해남군 문내면 석교리 540번지  ,275
신안농장,한우,    ,110
실로암1농장,한우,전남광주통합특별시 해남군 북일면 운전리 173번지 외 4필지 ,370
사랑농장,한우,전남광주통합특별시 해남군 황산면 연호리 461번지  ,17
영마산농장,한우,전남광주통합특별시 해남군 마산면 노하리 422번지 1호  ,6
준우축산,한우,"전남광주통합특별시 해남군 마산면 상등리 427번지 1호 (1동, 2동) ",150
미래농산,한우,전남광주통합특별시 해남군 산이면 덕호리 1054번지  ,60
매작골농장,한우,전남광주통합특별시 해남군 송지면 산정리 1169번지 5호  ,135
아띠목장,한우,전남광주통합특별시 해남군 송지면 서정리 152번지  ,30
창암농장,한우,전남광주통합특별시 해남군 마산면 연구리 1116번지 9호  ,40
장점재농장,한우,전남광주통합특별시 해남군 북평면 서홍리 1517번지 4호  ,49
행복농장,한우,"전남광주통합특별시 해남군 황산면 연호리 698번지 6호 외 2필지(694-23, 698-10) ",63
탑골농장,한우,전남광주통합특별시 해남군 현산면 일평리 1005번지 1호  ,23
하늘닿은목장,한우,전남광주통합특별시 해남군 삼산면 평활리 317번지 3호  ,55
뚱이농장,한우,전남광주통합특별시 해남군 황산면 연호리 269번지 2호  ,28
손혁농장,산양,전남광주통합특별시 해남군 화원면 신덕리 1123번지 5호  ,50
민우농장,한우,전남광주통합특별시 해남군 산이면 초송리 140번지 3호  ,5
엄지농장,한우,전남광주통합특별시 해남군 해남읍 내사리 463번지 7호  ,12
강변산들,한우,전남광주통합특별시 해남군 해남읍 내사리 1421번지  ,3
윤기주농장,한우,전남광주통합특별시 해남군 해남읍 복평리 602번지 9호  ,29
범골흑염소농장,염소,전남광주통합특별시 해남군 마산면 외호리 389번지 1호  ,30
월금농장,한우,전남광주통합특별시 해남군 현산면 월송리 1519번지 3호 외 1필지 ,19
우주흑염소농장,산양,전남광주통합특별시 해남군 황산면 일신리 168번지 5호  ,200
두륜산농장,한우,전남광주통합특별시 해남군 북일면 운전리 1465번지 외 2필지 ,48
마하목장,한우,전남광주통합특별시 해남군 화원면 성산리 547번지  ,10
유진축산,한우,전남광주통합특별시 해남군 해남읍 내사리 1554번지 1호  ,100
준서축산,한우,전남광주통합특별시 해남군 해남읍 내사리 86번지 4호  ,3
정다운농장,한우,전남광주통합특별시 해남군 해남읍 남천리 898번지  ,24
서울목장,한우,전남광주통합특별시 해남군 옥천면 신죽리 519번지  ,9
국가대표 흑염소,염소,전남광주통합특별시 해남군 문내면 동외리 515번지  ,18
남동축산,육우,전남광주통합특별시 해남군 해남읍 용정리 922번지  ,14
신흥농장,한우,전남광주통합특별시 해남군 화산면 연곡리 587번지 외 1필지 ,66
산푸름축산,한우,"전남광주통합특별시 해남군 황산면 일신리 13번지 , 13-11, 13-14, 13-15, 13-16, 13-17 ",95
늘채움한우,한우,전남광주통합특별시 해남군 삼산면 원진리 268번지  ,1
해마농장,육계,전남광주통합특별시 해남군 마산면 용전리 622번지 18호  ,500
밀알축산,한우,전남광주통합특별시 해남군 황산면 관춘리 276번지 17호  ,50
해남황토한우농장,한우,전남광주통합특별시 해남군 화산면 석호리 361번지  ,16
만희농장,한우,전남광주통합특별시 해남군 북평면 동해리 570번지 외 4필지 ,120
싱싱농장,한우,전남광주통합특별시 해남군 현산면 고현리 350번지  ,5
선재축산,한우,전남광주통합특별시 해남군 현산면 조산리 891번지 1호  ,148
해원축산,한우,전남광주통합특별시 해남군 산이면 덕호리 784번지 14호  ,9
이현 1농장,한우,전남광주통합특별시 해남군 삼산면 원진리 25번지 1호  ,11
이주석농장,한우,"전남광주통합특별시 해남군 현산면 황산리 1063번지 1063-1, 1063-4 ",53
갈마농장,한우,전남광주통합특별시 해남군 계곡면 법곡리 1524번지  ,32
믿음축산,한우,전남광주통합특별시 해남군 문내면 무고리 344번지 3호 외 1필지 ,14
일성흑염소,염소,전남광주통합특별시 해남군 화원면 장춘리 93번지  ,200
황금농장,돼지,전남광주통합특별시 해남군 북평면 남창리 879번지 2호 외 2필지 ,80
코리농장,한우,전남광주통합특별시 해남군 현산면 월송리 937번지 2호  ,300
행복농장,한우,전남광주통합특별시 해남군 황산면 연호리 90번지 16호  ,11
부자농장,한우,전남광주통합특별시 해남군 산이면 대진리 803번지 7호  ,25
승재농장,한우,전남광주통합특별시 해남군 산이면 덕호리 827번지 1호  ,33
강호농장,한우,전남광주통합특별시 해남군 마산면 송석리 7번지 3호 및 7-5번지 ,74
정기축사,염소,전남광주통합특별시 해남군 황산면 남리리 483번지  ,0
땅끝축산,한우,전남광주통합특별시 해남군 계곡면 잠두리 224번지 3호  ,30
미래축산,한우,전남광주통합특별시 해남군 산이면 금호리 39번지 외 1필지 ,40
삼남매농장,한우,전남광주통합특별시 해남군 계곡면 잠두리 380번지 10호  ,0
이병락농장,한우,전남광주통합특별시 해남군 현산면 읍호리 1027번지  ,0
선호축산,한우,전남광주통합특별시 해남군 삼산면 충리 1026번지  ,64
영오1농장,한우,전남광주통합특별시 해남군 문내면 충평리 38번지 3호  ,60
영오3농장,한우,전남광주통합특별시 해남군 문내면 동외리 682번지 외 1필지 ,70
애자축산,한우,전남광주통합특별시 해남군 현산면 월송리 1490번지 1호  ,39
경환축산,한우,전남광주통합특별시 해남군 옥천면 청신리 39번지 외 1필지(37) ,9
참조은농장,육계,전남광주통합특별시 해남군 황산면 원호리 5번지 19호  ,115000
갈두농장,한우,전남광주통합특별시 해남군 북일면 금당리 227번지  ,16
무학농원,염소,전남광주통합특별시 해남군 화산면 가좌리 1097번지 1호  ,25
새날제2목장,한우,전남광주통합특별시 해남군 옥천면 흑천리 644번지 11호  ,97
팔도농장,한우,전남광주통합특별시 해남군 마산면 연구리 170번지  ,25
현영농장,한우,전남광주통합특별시 해남군 계곡면 성진리 1086번지 2호  ,17
농업회사법인범홍축산(주)제2농장,한우,전남광주통합특별시 해남군 현산면 월송리 950번지 3호  ,200
범홍농장2,한우,전남광주통합특별시 해남군 현산면 월송리 950번지  ,200
경진축산,한우,전남광주통합특별시 해남군 황산면 남리리 439번지 3호  ,10
양미축산,한우,전남광주통합특별시 해남군 황산면 부곡리 301번지 2호  ,0
민들레흑염소농장,염소,전남광주통합특별시 해남군 화산면 가좌리 603번지  ,600
호남축산,한우,전남광주통합특별시 해남군 황산면 송호리 905번지 2호  ,120
관묵농장,한우,전남광주통합특별시 해남군 황산면 일신리 651번지 1호 (1동) ,22
땅콩축산,한우,전남광주통합특별시 해남군 옥천면 영신리 592번지 10호  ,11
황칠농장,염소,전남광주통합특별시 해남군 화산면 부길리 308번지 1호  ,160
오송축산,한우,전남광주통합특별시 해남군 산이면 예정리 392번지 3호  ,70
선봉축산,한우,전남광주통합특별시 해남군 삼산면 신흥리 922번지 3호  ,58
도수농장,한우,전남광주통합특별시 해남군 해남읍 복평리 981번지 외 1필지 ,39
우성축산,한우,전남광주통합특별시 해남군 해남읍 내사리 453번지  ,8
형제농장,한우,전남광주통합특별시 해남군 마산면 외호리 855번지  ,17
선훈농장,한우,전남광주통합특별시 해남군 마산면 화내리 795번지 외 1필지 ,45
공용축산,한우,전남광주통합특별시 해남군 산이면 초송리 206번지 11호  ,13
신해남농장,한우,전남광주통합특별시 해남군 해남읍 내사리 444번지  ,50
김남중축산,한우,전남광주통합특별시 해남군 마산면 상등리 872번지 15호  ,50
우리농장,한우,전남광주통합특별시 해남군 북일면 방산리 30번지  ,40
우리농장,한우,전남광주통합특별시 해남군 북일면 방산리 32번지 3호  ,11
훈이농장,한우,전남광주통합특별시 해남군 화산면 송산리 240번지  ,124
해진영농조합법인,돼지,전남광주통합특별시 해남군 황산면 원호리 6번지  ,1500
영하축산,한우,전남광주통합특별시 해남군 마산면 장촌리 560번지  ,23
선애축산,한우,전남광주통합특별시 해남군 산이면 예정리 45번지 2호  ,5
신평축산,한우,전남광주통합특별시 해남군 계곡면 신평리 599번지  ,3
소라축산,한우,전남광주통합특별시 해남군 북평면 오산리 181번지  ,13
영상축산,한우,전남광주통합특별시 해남군 화원면 장춘리 612번지 3호  ,13
여원농장,한우,전남광주통합특별시 해남군 북평면 동해리 1번지 12호  ,11
가보영농조합법인 옥천지점,돼지,전남광주통합특별시 해남군 옥천면 신죽리 401번지 9호 외 5필지 ,280
매화영농조합법인,돼지,전남광주통합특별시 해남군 현산면 월송리 107번지 1호 외 1필지 ,4000
영석축산,한우,전남광주통합특별시 해남군 해남읍 복평리 559번지  ,14
승희농장,한우,전남광주통합특별시 해남군 계곡면 사정리 455번지  ,5
절골축산,한우,전남광주통합특별시 해남군 화원면 금평리 산 39번지 4호  ,3
마호축산,한우,전남광주통합특별시 해남군 옥천면 청신리 781번지  ,9
월평축산,한우,전남광주통합특별시 해남군 옥천면 월평리 322번지  ,5
저담정농장,돼지,전남광주통합특별시 해남군 현산면 월송리 108번지 3호 외 1필지(108-1) ,5000
무성축산,한우,전남광주통합특별시 해남군 계곡면 법곡리 1401번지 12호  ,11
우림축산,한우,전남광주통합특별시 해남군 해남읍 내사리 1552번지 3호  ,4
이건축산,한우,전남광주통합특별시 해남군 해남읍 내사리 1552번지 1호  ,4
해주농장,한우,전남광주통합특별시 해남군 송지면 서정리 158번지 및 158-1 ,71
연화농장,한우,전남광주통합특별시 해남군 마산면 화내리 588번지  ,4
성내농장,한우,전남광주통합특별시 해남군 삼산면 신흥리 940번지 8호  ,45
신성,한우,전남광주통합특별시 해남군 계곡면 성진리 581번지 15호  ,19
세화축산,한우,전남광주통합특별시 해남군 송지면 미야리 665번지 외 1필지 ,56
박창석농장,한우,전남광주통합특별시 해남군 화산면 연곡리 749번지 7호  ,43
최고축산,한우,전남광주통합특별시 해남군 북평면 오산리 1024번지  ,14
찬형농장,한우,전남광주통합특별시 해남군 삼산면 평활리 1125번지 7호  ,9
바우농장,염소,전남광주통합특별시 해남군 현산면 조산리 산 98번지  ,60
자연축산,한우,전남광주통합특별시 해남군 황산면 연당리 103번지 외 1필지 ,50
명원농장,한우,전남광주통합특별시 해남군 해남읍 안동리 84번지 1호  ,24
외입강화축산,한우,전남광주통합특별시 해남군 황산면 외입리 760번지 1호  ,17
준성축산,한우,전남광주통합특별시 해남군 화원면 인지리 276번지  ,3
배가농원,한우,전남광주통합특별시 해남군 계곡면 가학리 180번지 10호  ,19
인웅축산,한우,전남광주통합특별시 해남군 현산면 초호리 1105번지 2호  ,17
청용축산,한우,전남광주통합특별시 해남군 삼산면 신흥리 922번지 4호 외1필지 ,90
탑골농장,한우,전남광주통합특별시 해남군 화산면 관동리 116번지 4호  ,3
민순축산,한우,전남광주통합특별시 해남군 현산면 읍호리 61번지 외2필지 ,24
청우축산,한우,전남광주통합특별시 해남군 현산면 황산리 215번지  ,10
임해농장,한우,전남광주통합특별시 해남군 옥천면 팔산리 287번지  ,5
바울농장,염소,전남광주통합특별시 해남군 계곡면 당산리 669번지 3호 외1필지 ,30
재경축산,한우,전남광주통합특별시 해남군 해남읍 내사리 580번지 30호  ,8
골몰농장,한우,전남광주통합특별시 해남군 문내면 예락리 78번지 9호  ,10
자연로하스,육계,전남광주통합특별시 해남군 마산면 외호리 407번지 5호  ,206000
그라제농산,한우,전남광주통합특별시 해남군 화산면 연곡리 808번지 1호  ,28
청우농장,한우,전남광주통합특별시 해남군 옥천면 신계리 802번지  ,2
원익축산,한우,전남광주통합특별시 해남군 삼산면 원진리 1204번지  ,43
명인산업농장,육계,전남광주통합특별시 해남군 문내면 석교리 1066번지  ,100000
부자 흑염소농장,염소,전남광주통합특별시 해남군 마산면 외호리 369번지 1호  ,80
상아농장,한우,전남광주통합특별시 해남군 황산면 한자리 80번지 외1필지 ,22
재성축산,한우,전남광주통합특별시 해남군 황산면 한자리 81번지 1호 외1필지 ,21
청계농장,한우,전남광주통합특별시 해남군 옥천면 신계리 492번지 외3필지 ,24
부원목장,한우,전남광주통합특별시 해남군 해남읍 내사리 1551번지 1호 외 1필지(1550-2) ,37
세주한우농장,한우,전남광주통합특별시 해남군 옥천면 백호리 567번지 19호  ,11
영일축산,한우,전남광주통합특별시 해남군 화산면 금풍리 494번지 5호  ,15
성남축산,한우,전남광주통합특별시 해남군 현산면 초호리 526번지 1호  ,2
동전축산,한우,전남광주통합특별시 해남군 현산면 황산리 1040번지 3호  ,50
알마니양계,종계/산란계,전남광주통합특별시 해남군 해남읍 복평리 261번지 21호 외1필지 ,2400
창대축산,한우,전남광주통합특별시 해남군 해남읍 연동리 816번지 3호  ,10
길석농장,한우,전남광주통합특별시 해남군 화산면 부길리 785번지 1호  ,18
청룡흑염소농장,염소,전남광주통합특별시 해남군 옥천면 백호리 23번지 1호  ,200
부경축산,한우,전남광주통합특별시 해남군 황산면 한자리 244번지 외1필지 ,6
정이농장,한우,전남광주통합특별시 해남군 계곡면 성진리 712번지 1호  ,17
록헌농장B,한우,전남광주통합특별시 해남군 해남읍 용정리 65번지 12호  ,8
읍호축산,한우,전남광주통합특별시 해남군 현산면 읍호리 902번지 4호  ,62
장원축산,한우,전남광주통합특별시 해남군 산이면 덕호리 445번지 7호  ,10
평화농장,한우,전남광주통합특별시 해남군 산이면 초송리 380번지  ,57
해서네농장,한우,전남광주통합특별시 해남군 송지면 미야리 604번지 2호  ,45
은아농장,한우,전남광주통합특별시 해남군 황산면 송호리 860번지 4호  ,70
임마누엘 축사,한우,전남광주통합특별시 해남군 화산면 금풍리 77번지 1호  ,27
텃골 농장,한우,전남광주통합특별시 해남군 문내면 동외리 1214번지 1호  ,7
근명축산,한우,전남광주통합특별시 해남군 옥천면 청신리 778번지 3호 외 1필지 ,25
혜정목장,한우,"전남광주통합특별시 해남군 산이면 진산리 596번지 3호 외 3필지(596-4, 596-5, 596-6) ",15
송촌한우농장,한우,전남광주통합특별시 해남군 현산면 월송리 790번지  ,21
대웅농장,한우,전남광주통합특별시 해남군 문내면 서상리 78번지 1호  ,16
선재축산,한우,전남광주통합특별시 해남군 현산면 조산리 891번지 3호  ,70
한우마을목장1,한우,전남광주통합특별시 해남군 황산면 원호리 1095번지 2호  ,42
한우마을목장2,한우,전남광주통합특별시 해남군 황산면 원호리 1096번지 1호  ,65
고내미농장,한우,전남광주통합특별시 해남군 화원면 장춘리 121번지 외 1필지 ,15
외호리흑염소농장,염소,전남광주통합특별시 해남군 마산면 외호리 247번지  ,150
덕인농장,한우,전남광주통합특별시 해남군 현산면 월송리 337번지  ,13
종합축사,한우,전남광주통합특별시 해남군 문내면 고당리 465번지 1호  ,2
아침들녘,한우,전남광주통합특별시 해남군 황산면 원호리 738번지 7호 외 2필지 ,18
형제축사,한우,전남광주통합특별시 해남군 옥천면 영춘리 970번지 7호 외 1필지(970-8) ,31
보배네농장,한우,전남광주통합특별시 해남군 화산면 가좌리 567번지 1호 외 2필지 ,5
남도농장,한우,전남광주통합특별시 해남군 현산면 읍호리 86번지 9호  ,2
정후농장,한우,전남광주통합특별시 해남군 황산면 관춘리 934번지  ,6
현정축사,한우,전남광주통합특별시 해남군 계곡면 성진리 131번지 외 1필지(131-4) ,6
양지축산,한우,전남광주통합특별시 해남군 옥천면 백호리 1301번지 1호  ,2
승환축사,한우,전남광주통합특별시 해남군 현산면 월송리 1530번지 4호  ,22
민호농장,한우,전남광주통합특별시 해남군 옥천면 청신리 691번지 4호  ,10
성덕축산,한우,전남광주통합특별시 해남군 황산면 관춘리 1180번지 58호  ,2
오월농장,한우,전남광주통합특별시 해남군 문내면 석교리 1351번지 2호  ,3
은혜농장,한우,전남광주통합특별시 해남군 현산면 고현리 1163번지  ,35
한마음 축사,한우,전남광주통합특별시 해남군 문내면 석교리 822번지  ,3
대촌농장,한우,전남광주통합특별시 해남군 해남읍 내사리 1443번지 외 3필지 ,85
태광축산,한우,전남광주통합특별시 해남군 옥천면 흑천리 824번지 1호  ,13
우술소막,한우,전남광주통합특별시 해남군 옥천면 용산리 592번지  ,3
후양축산,한우,전남광주통합특별시 해남군 북평면 동해리 61번지 4호  ,6
우리축산,한우,전남광주통합특별시 해남군 현산면 일평리 211번지 1호  ,29
송학축사,한우,전남광주통합특별시 해남군 현산면 월송리 843번지 외 2필지 ,30
다인농장,한우,전남광주통합특별시 해남군 북일면 금당리 534번지 외 2필지 ,32
금성축산,한우,전남광주통합특별시 해남군 옥천면 용동리 382번지  ,2
미니 축산,한우,전남광주통합특별시 해남군 북평면 동해리 990번지 9호  ,12
시온농장,한우,전남광주통합특별시 해남군 화산면 석호리 618번지 외 1필지 ,25
재성축산,한우,전남광주통합특별시 해남군 황산면 한자리 81번지 2호 외 2필지 ,15
미소농장,한우,전남광주통합특별시 해남군 해남읍 내사리 1600번지  ,23
거목축산,육우,전남광주통합특별시 해남군 마산면 학의리 1221번지  ,16
채열농장,한우,전남광주통합특별시 해남군 현산면 조산리 9번지  ,20
삼정축산,한우,전남광주통합특별시 해남군 문내면 학동리 1635번지 1호 및 1635-2 ,47
산수골농장2,한우,전남광주통합특별시 해남군 현산면 만안리 67번지 1호  ,10
문내흑염소농장,염소,전남광주통합특별시 해남군 문내면 동외리 7번지 4호  ,150
농업회사법인 유한회사 한우야,한우,전남광주통합특별시 해남군 화원면 산호리 607번지 3호 외 6필지 ,120
신안1호농장,한우,전남광주통합특별시 해남군 해남읍 내사리 1450번지  ,5
민연축사,한우,전남광주통합특별시 해남군 북평면 와룡리 222번지 1호 외 1필지 ,9
재호농장,한우,전남광주통합특별시 해남군 옥천면 신죽리 226번지 외 1필지 ,40
유명농장,한우,전남광주통합특별시 해남군 문내면 석교리 225번지  ,50
박영애농장,한우,전남광주통합특별시 해남군 계곡면 잠두리 385번지 11호  ,29
통일농장,한우,전남광주통합특별시 해남군 해남읍 복평리 261번지 17호 외 1필지 ,45
명우축산,한우,전남광주통합특별시 해남군 해남읍 내사리 413번지 1호 외 2필지 ,40
정현축산,한우,전남광주통합특별시 해남군 삼산면 원진리 555번지 외 1필지 ,30
시온농장,한우,전남광주통합특별시 해남군 마산면 학의리 343번지 3호 외 1필지 ,30
요한이네농장,한우,"전남광주통합특별시 해남군 해남읍 내사리 569번지 , 566-4 ",27
큰뿌리농장,한우,전남광주통합특별시 해남군 계곡면 가학리 228번지 32호  ,9
응접골,한우,전남광주통합특별시 해남군 화산면 금풍리 501번지 3호  ,6
두성1,한우,전남광주통합특별시 해남군 마산면 노하리 618번지 4호 (1동) ,2
두성2,한우,전남광주통합특별시 해남군 마산면 노하리 618번지 4호 (2동) ,1
일성한우농장,한우,전남광주통합특별시 해남군 화원면 장춘리 190번지  ,52
나온농장,한우,전남광주통합특별시 해남군 북일면 금당리 686번지 1호  ,90
거성농장,한우,전남광주통합특별시 해남군 황산면 일신리 14번지 6호 외 1필지 ,18
그린농장,한우,전남광주통합특별시 해남군 해남읍 용정리 520번지 1호 및 520 ,10
대원농장,한우,전남광주통합특별시 해남군 계곡면 사정리 456번지  ,5
한아름축산,한우,전남광주통합특별시 해남군 황산면 일신리 155번지 5호  ,47
우리농장,한우,전남광주통합특별시 해남군 현산면 월송리 1350번지 외 1필지 ,23
강민재농장,한우,전남광주통합특별시 해남군 황산면 일신리 640번지 2호  ,54
나래농장,한우,전남광주통합특별시 해남군 해남읍 용정리 70번지 2호 외 2필지 ,80
신용축산,한우,전남광주통합특별시 해남군 북평면 와룡리 652번지 6호  ,4
화성농장,한우,전남광주통합특별시 해남군 황산면 관춘리 25번지 1호  ,9
부동축산,한우,전남광주통합특별시 해남군 황산면 한자리 171번지 1호  ,8
태호축사,한우,전남광주통합특별시 해남군 현산면 읍호리 1018번지  ,3
서민홍축사,한우,전남광주통합특별시 해남군 옥천면 용동리 1121번지  ,7
우수영흑염소농장,염소,전남광주통합특별시 해남군 문내면 선두리 175번지  ,250
가나목장,한우,전남광주통합특별시 해남군 해남읍 용정리 77번지 19호  ,30
금쇄동농장,한우,전남광주통합특별시 해남군 현산면 구시리 189번지 3호 외 1필지 ,6
양지농장,한우,전남광주통합특별시 해남군 북평면 이진리 512번지  ,8
난축산,한우,전남광주통합특별시 해남군 현산면 덕흥리 581번지 제1동 ,60
지안농장,한우,전남광주통합특별시 해남군 삼산면 원진리 1200번지  ,17
한양축산 2농장,한우,전남광주통합특별시 해남군 현산면 황산리 788번지 2호  ,32
김송란축사,한우,전남광주통합특별시 해남군 해남읍 용정리 683번지  ,1
대진축산 2농산,한우,전남광주통합특별시 해남군 산이면 초송리 158번지 1호  ,28
양회출축사,한우,전남광주통합특별시 해남군 화산면 석호리 260번지 1호  ,4
한양축산 3농장,한우,전남광주통합특별시 해남군 현산면 조산리 1023번지 1호  ,50
난축산 2농장,한우,전남광주통합특별시 해남군 현산면 덕흥리 581번지 제2동 ,15
선호농장,한우,전남광주통합특별시 해남군 화산면 가좌리 72번지  ,18
오량축산,한우,전남광주통합특별시 해남군 산이면 노송리 632번지 (마산면 학의리 1322 외 1필지) ,7
지인농장,한우,전남광주통합특별시 해남군 화산면 안호리 660번지 4호  ,7
하얀농장,한우,전남광주통합특별시 해남군 산이면 대진리 342번지 3호  ,5
용샘축산,한우,전남광주통합특별시 해남군 황산면 일신리 1번지 10호  ,6
영웅축산,한우,전남광주통합특별시 해남군 북일면 운전리 1462번지 5호  ,15
만대산자연농원,한우,전남광주통합특별시 해남군 마산면 외호리 63번지 3호  ,8
안양축산,한우,"전남광주통합특별시 해남군 현산면 조산리 85번지 2호 외 4필지( 85-3, -6, -8, -11) ",97
땅끝우림농장,한우,전남광주통합특별시 해남군 삼산면 상가리 841번지 10호  ,6
장영분축사,한우,전남광주통합특별시 해남군 해남읍 신안리 229번지  ,5
거북축산,한우,전남광주통합특별시 해남군 송지면 소죽리 993번지 2호  ,0
지민축산,한우,전남광주통합특별시 해남군 해남읍 내사리 992번지 18호 (제2동) ,10
월금농장,한우,전남광주통합특별시 해남군 송지면 금강리 821번지  ,12
신인축산,한우,전남광주통합특별시 해남군 북평면 이진리 975번지 4호  ,20
한성농장,한우,"전남광주통합특별시 해남군 화산면 월호리 864-1, 864-6, 873, 873-1, 가좌리 516, 517 ",60
실로암5농장,한우,전남광주통합특별시 해남군 북일면 운전리 1462번지 18호  ,44
고천암축사,한우,전남광주통합특별시 해남군 화산면 연곡리 808번지 3호  ,16
상가농장,한우,전남광주통합특별시 해남군 삼산면 상가리 807번지 4호  ,80
바우축산,한우,전남광주통합특별시 해남군 산이면 부동리 747번지 14호  ,85
대흥축산,한우,전남광주통합특별시 해남군 해남읍 남천리 684번지 외 1필지 ,4
저상목장,한우,전남광주통합특별시 해남군 화원면 영호리 722번지 1호  ,8
부길축산,한우,전남광주통합특별시 해남군 화산면 부길리 771번지 3호 외 1필지(771-4) ,23
윤식축사,한우,전남광주통합특별시 해남군 화원면 후산리 164번지  ,9
수민농장,한우,전남광주통합특별시 해남군 화원면 후산리 119번지  ,72
창암농장 2농장,한우,전남광주통합특별시 해남군 마산면 연구리 1116번지 16호  ,55
송천축산 2농장,한우,전남광주통합특별시 해남군 산이면 송천리 293번지 외 1필지(산8-3) ,30
누리축산,한우,전남광주통합특별시 해남군 현산면 월송리 966번지  ,4
사교농장,한우,전남광주통합특별시 해남군 문내면 용암리 479번지 1호 외 1필지(546-5) ,4
지푸라기농장,한우,전남광주통합특별시 해남군 북일면 금당리 687번지 14호  ,9
은혜농장,한우,전남광주통합특별시 해남군 계곡면 가학리 227번지 6호  ,7
종안농장,한우,전남광주통합특별시 해남군 화원면 성산리 460번지 2호 외 1필지(449-5) ,5
에코팜,한우,전남광주통합특별시 해남군 마산면 학의리 370번지  ,2
선명농장,한우,전남광주통합특별시 해남군 송지면 산정리 1171번지 4호  ,17
하늘농장,한우,전남광주통합특별시 해남군 옥천면 송산리 77번지 외 1필지((78) ,13
은찬농장,한우,전남광주통합특별시 해남군 황산면 일신리 47번지 4호  ,18
야망농장,한우,전남광주통합특별시 해남군 산이면 부동리 35번지 외 1필지 ,2
부성축산,한우,전남광주통합특별시 해남군 북평면 이진리 821번지 외 1필지(823-1) ,70
대풍목장,한우,"전남광주통합특별시 해남군 옥천면 청신리 535번지 3호 외 2필지(535-2, 535-4) ",15
blessed farm,한우,전남광주통합특별시 해남군 옥천면 흑천리 529번지 1호 외 1필지(527) ,18
성만축산 2농장,한우,전남광주통합특별시 해남군 황산면 관춘리 1259번지 42호  ,60
용우농장,한우,전남광주통합특별시 해남군 황산면 관춘리 686번지 11호  ,20
훈축사,한우,전남광주통합특별시 해남군 현산면 조산리 42번지 외 3필지 ,1
대동축산,한우,"전남광주통합특별시 해남군 북일면 내동리 524번지 3호 외 2필지(523-1, 922-24) ",10
만년축산,한우,전남광주통합특별시 해남군 계곡면 잠두리 414번지 8호 외 1필지(414-9) ,62
해광축산,한우,전남광주통합특별시 해남군 황산면 한자리 9번지 외 4필지 ,4
종민농장,한우,전남광주통합특별시 해남군 북일면 운전리 1190번지  ,80
진설미농장,한우,전남광주통합특별시 해남군 북일면 흥촌리 1409번지  ,60
진두축산,한우,전남광주통합특별시 해남군 화산면 송산리 693번지 외 2필지 ,11
승리농장2호,한우,전남광주통합특별시 해남군 삼산면 상가리 807번지 8호  ,23
해일축산,한우,전남광주통합특별시 해남군 삼산면 원진리 1146번지 3호  ,30
만수농장,한우,전남광주통합특별시 해남군 북일면 만수리 644번지 4호 외 1필지(644-23) ,15
황금축사,한우,전남광주통합특별시 해남군 삼산면 신흥리 925번지 3호  ,30
승은축산,한우,전남광주통합특별시 해남군 현산면 구산리 295-2번지  ,24
덕진농장 2농장,한우,전남광주통합특별시 해남군 화산면 금풍리 508번지 3호 외1필지(508-6번지) ,80
도솔축산,한우,전남광주통합특별시 해남군 송지면 마봉리 188번지  ,2
한준덕농장,한우,전남광주통합특별시 해남군 삼산면 구림리 840번지 6호  ,3
상가목장,육우,"전남광주통합특별시 해남군 삼산면 상가리 422번지 4호 외 3필지(422-7,-8,-13) ",160
까마또농장,한우,전남광주통합특별시 해남군 해남읍 내사리 1602번지  ,7
광준농장,한우,전남광주통합특별시 해남군 북평면 동해리 896번지  ,3
개미농장 2농장,한우,전남광주통합특별시 해남군 화산면 부길리 842번지 2호  ,32
승환축사,한우,전남광주통합특별시 해남군 문내면 무고리 897번지  ,7
채원농장,한우,전남광주통합특별시 해남군 황산면 한자리 244번지 2호 외 1필지(246-42) ,10
나라축사,한우,전남광주통합특별시 해남군 황산면 외입리 286번지  ,3
최춘식 농장,한우,"전남광주통합특별시 해남군 북일면 신월리 152번지 27호 외 2필지(152-6, 152-28) ",9
김준배농장,한우,전남광주통합특별시 해남군 계곡면 성진리 1015번지 4호  ,12
대광농장 2농장,한우,전남광주통합특별시 해남군 삼산면 신흥리 35번지 외 1필지(35-29) ,3
민성축사,한우,전남광주통합특별시 해남군 현산면 백포리 346번지 1호  ,21
신흥축산,한우,전남광주통합특별시 해남군 삼산면 신흥리 190번지 4호  ,25
김도현목장,한우,전남광주통합특별시 해남군 현산면 덕흥리 580번지 외 1필지(593) ,22
청춘목장,한우,전남광주통합특별시 해남군 옥천면 성산리 128번지 1호  ,20
호남축산,한우,전남광주통합특별시 해남군 마산면 산막리 171번지 5호 외 1필지(172-1) ,20
KS미래목장,한우,전남광주통합특별시 해남군 옥천면 청신리 858번지 9호  ,11
상원농장 투,한우,전남광주통합특별시 해남군 화산면 석호리 1248번지 9호  ,110
다우농장,한우,전남광주통합특별시 해남군 삼산면 원진리 1221번지  ,17
우보축산,한우,전남광주통합특별시 해남군 화산면 방축리 912번지 2호 외 1필지 ,14
소모아농장,한우,전남광주통합특별시 해남군 황산면 호동리 605번지 3호  ,8
이기영농장,한우,전남광주통합특별시 해남군 화산면 안호리 279번지  ,25
탑골농장 2농장,한우,전남광주통합특별시 해남군 현산면 일평리 1005번지 6호  ,47
구성축산2,한우,전남광주통합특별시 해남군 산이면 대진리 677번지 8호  ,20
국대농장,한우,전남광주통합특별시 해남군 문내면 동외리 515번지 6호  ,16
홍이농장,한우,전남광주통합특별시 해남군 마산면 용전리 387번지 8호  ,56
땅끝마을농장,한우,전남광주통합특별시 해남군 현산면 월송리 874번지 5호  ,9
행복나루터2,한우,전남광주통합특별시 해남군 해남읍 신안리 302번지 및 301 ,54
천하농장,돼지,전남광주통합특별시 해남군 삼산면 평활리 1104번지 4호 외1필지(충리 1110-15번지) ,50
희창이네 농장,한우,전남광주통합특별시 해남군 삼산면 구림리 843번지 1호  ,36
주원축산,한우,전남광주통합특별시 해남군 삼산면 신흥리 35번지 30호  ,45
산골농장,한우,전남광주통합특별시 해남군 북일면 금당리 520번지 1호 외 1필지(521) ,19
진양한우,한우,전남광주통합특별시 해남군 화산면 안호리 532번지 외 1필지(533) ,20
남형축산,한우,전남광주통합특별시 해남군 현산면 월송리 955번지  ,2
성진축산,한우,전남광주통합특별시 해남군 황산면 일신리 651번지 1호 (2동) ,4
한울목장 2농장,한우,전남광주통합특별시 해남군 북일면 운전리 58번지 (2동) ,63
성일목장,한우,전남광주통합특별시 해남군 황산면 연당리 121번지  ,33
하은농장,한우,전남광주통합특별시 해남군 삼산면 평활리 337번지 7호  ,19
도담축산,한우,전남광주통합특별시 해남군 황산면 일신리 258번지 15호  ,110
광명농장,한우,전남광주통합특별시 해남군 황산면 송호리 729번지 3호  ,9
율동축사,한우,전남광주통합특별시 해남군 화산면 율동리 825번지 2호  ,50
안빈축사,한우,전남광주통합특별시 해남군 해남읍 내사리 1348번지 외 1필지(1350) ,44
대산농장,한우,전남광주통합특별시 해남군 옥천면 대산리 754번지 7호 외 1필지 ,5
퍼시픽 농장,한우,전남광주통합특별시 해남군 문내면 석교리 1959번지 1호  ,8
해남하나농장 2농장,한우,전남광주통합특별시 해남군 옥천면 성산리 398번지 1호  ,11
하준하린 축사,한우,"전남광주통합특별시 해남군 마산면 학의리 784번지 외 2필지(787,787-1번지) ",15
김창선농장,한우,전남광주통합특별시 해남군 황산면 원호리 1126번지 1호  ,2
민지네 농장,한우,전남광주통합특별시 해남군 북일면 운전리 1462번지 15호  ,37
승유진농장,한우,전남광주통합특별시 해남군 산이면 초송리 243번지 2호 외 1필지 ,12
실로암 3농장,한우,전남광주통합특별시 해남군 북일면 운전리 65번지  ,42
황산목장,한우,"전남광주통합특별시 해남군 황산면 관춘리 198번지 4호 외 3필지(198, 198-1, 202-2) ",125
규태농장,한우,전남광주통합특별시 해남군 황산면 외입리 334번지 1호 외 1필지(357) ,4
금성당축사,한우,전남광주통합특별시 해남군 현산면 일평리 1번지  ,12
호남축사,한우,전남광주통합특별시 해남군 황산면 남리리 431번지 외 3필지 ,70
준 농장,한우,전남광주통합특별시 해남군 문내면 동외리 739번지  ,33
육일농장,한우,전남광주통합특별시 해남군 북평면 이진리 820번지 외 4필지 ,140
애솔팜,한우,전남광주통합특별시 해남군 옥천면 월평리 511번지 2호  ,2
이현 2농장,한우,전남광주통합특별시 해남군 삼산면 충리 1039번지  ,70
나주농장,한우,"전남광주통합특별시 해남군 해남읍 복평리 560번지 2호 (나동, 바동) ",28
유진축산,한우,전남광주통합특별시 해남군 북평면 이진리 854번지 2호  ,60
강남진농장,한우,전남광주통합특별시 해남군 북평면 남창리 1313번지 1호  ,15
김정수농장,한우,전남광주통합특별시 해남군 북평면 동해리 101번지 3호  ,12
태성축산,한우,전남광주통합특별시 해남군 북평면 오산리 1019번지 외 1필지 ,43
이여사축사,한우,전남광주통합특별시 해남군 계곡면 법곡리 1211번지  ,13
연축산,한우,전남광주통합특별시 해남군 북일면 용일리 869번지 외 1필지(868-3) ,86
와등2농장,한우,전남광주통합특별시 해남군 황산면 원호리 919번지 16호 외1필지(919-5번지) ,50
호산축사,한우,전남광주통합특별시 해남군 옥천면 영춘리 966번지 5호  ,2
고보용 축산,한우,전남광주통합특별시 해남군 화원면 신덕리 368번지 외 1필지 ,24
조홍득농장,한우,전남광주통합특별시 해남군 마산면 학의리 135번지 1호 외1필지(135번지) ,1
금오농장,한우,전남광주통합특별시 해남군 북평면 오산리 402번지  ,5
일신목장,한우,전남광주통합특별시 해남군 황산면 일신리 589번지 1호 외 1필지 ,12
꿈동산축산,한우,"전남광주통합특별시 해남군 현산면 황산리 103번지 외 2필지(103-15, 103-21) ",4
충평축산,한우,전남광주통합특별시 해남군 문내면 충평리 142번지 1호  ,60
부성축산,한우,전남광주통합특별시 해남군 현산면 백포리 341번지 1호  ,40
보담농장,한우,전남광주통합특별시 해남군 현산면 월송리 935번지  ,28
다은축사,한우,전남광주통합특별시 해남군 현산면 월송리 1502번지 2호  ,20
대박농장,한우,전남광주통합특별시 해남군 화산면 관동리 137번지  ,30
김말례 농장,한우,전남광주통합특별시 해남군 삼산면 원진리 349번지 5호 외 1필지(1105-7) ,14
영원축산,한우,전남광주통합특별시 해남군 현산면 구산리 343번지 1호 (나동) ,76
임대희농장,한우,전남광주통합특별시 해남군 문내면 석교리 457번지  ,9
오명선농장,한우,전남광주통합특별시 해남군 황산면 관춘리 841번지 외 1필지 ,15
다온농장,한우,전남광주통합특별시 해남군 북일면 금당리 602번지  ,42
실로암 5농장,한우,전남광주통합특별시 해남군 북평면 남창리 1060번지 4호  ,3
추관하농장,한우,전남광주통합특별시 해남군 산이면 예정리 383번지 외 2필지 ,106
민호축사,한우,전남광주통합특별시 해남군 계곡면 여수리 1189번지 1호  ,7
하늘목장,한우,전남광주통합특별시 해남군 삼산면 충리 1027번지 4호 외 5필지 ,60
태복수2농장,한우,전남광주통합특별시 해남군 삼산면 봉학리 38번지 7호 외 4필지 ,5
재영농장,한우,전남광주통합특별시 해남군 북일면 금당리 518번지  ,42
우리농장,한우,전남광주통합특별시 해남군 해남읍 백야리 146번지 1호  ,3
정후농장,한우,전남광주통합특별시 해남군 황산면 부곡리 55번지  ,26
예린농장,한우,전남광주통합특별시 해남군 황산면 원호리 3번지  ,100
대박농산,한우,전남광주통합특별시 해남군 산이면 대진리 208번지 6호  ,18
지민축산,한우,전남광주통합특별시 해남군 북일면 흥촌리 541번지  ,4
민영목장,한우,전남광주통합특별시 해남군 옥천면 흑천리 221번지 6호 외 1필지 ,29
고을제일농장,한우,전남광주통합특별시 해남군 북평면 평암리 21번지 2호  ,13
우금리농장,한우,전남광주통합특별시 해남군 산이면 대진리 192번지  ,5
농업회사법인 유한회사 더셀,육계,전남광주통합특별시 해남군 계곡면 반계리 140번지 1호 외 1필지(140-2) ,140000
태지팜,한우,전남광주통합특별시 해남군 문내면 예락리 5번지 1호  ,30
우수흑염소농장,염소,전남광주통합특별시 해남군 문내면 동외리 62번지 3호  ,280
내동농장,한우,전남광주통합특별시 해남군 북일면 내동리 187번지  ,5
형제농장,한우,전남광주통합특별시 해남군 북일면 운전리 1464번지 8호  ,1
록헌농장C,한우,전남광주통합특별시 해남군 해남읍 용정리 59번지 17호  ,30
가재골 2농장,한우,"전남광주통합특별시 해남군 삼산면 상가리 426번지 27호 외 5필지(426-16, -22, -26, -28, -31) ",10
성은축산,한우,"전남광주통합특별시 해남군 삼산면 상가리 422번지 14호 , 422-15 ",3
가학산 흑염소 농장,염소,전남광주통합특별시 해남군 계곡면 가학리 184번지 외 2필지 ,1000
성일목장,한우,"전남광주통합특별시 해남군 송지면 서정리 1402번지 3호 외 2필지(1402-4, 1402-5) ",7
학동목장,한우,전남광주통합특별시 해남군 옥천면 흑천리 46번지  ,2
동구목장,한우,전남광주통합특별시 해남군 옥천면 청신리 228번지 6호  ,4
다은농장,한우,전남광주통합특별시 해남군 마산면 연구리 446번지 2호  ,39
도현축산,한우,전남광주통합특별시 해남군 마산면 노하리 242번지 3호  ,64
수민 일농장,한우,"전남광주통합특별시 해남군 문내면 충평리 147번지 외 1필지, 154 ",60
은호축산,한우,전남광주통합특별시 해남군 해남읍 내사리 449번지 외 2필지 ,10
홍광열농장,한우,전남광주통합특별시 해남군 삼산면 평활리 384번지 3호  ,13
율민축산,한우,"전남광주통합특별시 해남군 송지면 금강리 83번지 외 2필지(84, 1054) ",2
텃골농장2,한우,전남광주통합특별시 해남군 문내면 동외리 1214번지 6호 외 1필지 ,98
농업회사법인(주)워낭 유토피아,한우,"전남광주통합특별시 해남군 마산면 연구리 1017번지 , 1018, 1019, 1020, 1021 ",30
보화목장,한우,전남광주통합특별시 해남군 마산면 연구리 1120번지 17호  ,3
상호농장,한우,전남광주통합특별시 해남군 화원면 장춘리 612번지 6호 외 1필지(612-10) ,20
덕양목장2,젖소,전남광주통합특별시 해남군 옥천면 월평리 763번지 8호 외 3필지(제2동) ,70
영기축사,한우,전남광주통합특별시 해남군 북평면 서홍리 1274번지 2호 외 1필지(291-1) ,11
이비농장,한우,전남광주통합특별시 해남군 화원면 후산리 222번지 외 1필지(221) ,6
형제농장-2,한우,전남광주통합특별시 해남군 북일면 신월리 225번지  ,3
외호축산,한우,"전남광주통합특별시 해남군 마산면 외호리 610번지 ,606 ",35
장광식농장,한우,전남광주통합특별시 해남군 황산면 원호리 443번지  ,60
월송축산,한우,"전남광주통합특별시 해남군 현산면 월송리 165번지 ,675-13 ",10
수아농장,한우,"전남광주통합특별시 해남군 황산면 일신리 313번지 ,313-2 ",15
해우농장,한우,"전남광주통합특별시 해남군 문내면 동외리 63번지 외 2필지(64, 65) ",30
김창진농장,한우,"전남광주통합특별시 해남군 삼산면 봉학리 580번지 ,580-6 ",14
동촌농장,한우,전남광주통합특별시 해남군 북평면 동해리 150번지 4호  ,16
원진축산,한우,전남광주통합특별시 해남군 삼산면 원진리 183번지 6호  ,8
천우2농장,한우,전남광주통합특별시 해남군 계곡면 가학리 227번지 2호  ,40
상아농장2,한우,"전남광주통합특별시 해남군 황산면 한자리 55번지 24호 외 2필지(55-25, 55-28) ",40
솔개재우,한우,전남광주통합특별시 해남군 문내면 석교리 1411번지 2호  ,5
가재골2농장,한우,전남광주통합특별시 해남군 삼산면 상가리 844번지 5호 외 1필지(844-6) ,9
용길축산,한우,"전남광주통합특별시 해남군 현산면 구산리 315번지 1호 ,313-2 ",20
선훈농장,한우,"전남광주통합특별시 해남군 북평면 이진리 808번지 3호 ,808-4,813-4 ",20
늘채움한우 2농장,한우,전남광주통합특별시 해남군 삼산면 원진리 1199번지  ,27
조명수축사,한우,전남광주통합특별시 해남군 현산면 월송리 167번지  ,24
은혜농장2,한우,"전남광주통합특별시 해남군 계곡면 가학리 227번지 13호 ,227-32 ",20
송평농장,한우,"전남광주통합특별시 해남군 화산면 평호리 358번지 ,359-2 ",10
황우축산 2농장,한우,"전남광주통합특별시 해남군 황산면 원호리 950번지 1호 ,132-3, 133-1, 133-2 ",20
서정농장,한우,전남광주통합특별시 해남군 마산면 노하리 977번지 12호  ,50
조홍득농장,한우,전남광주통합특별시 해남군 삼산면 충리 1567번지  ,90
준앤준농장,한우,전남광주통합특별시 해남군 해남읍 백야리 287번지 1호  ,6
하람농장,한우,"전남광주통합특별시 해남군 현산면 조산리 50번지 외 4필지(75, 74-1, 49-1, 44-4) ",0
이용준농장,한우,전남광주통합특별시 해남군 북평면 서홍리 15번지 2호  ,27
창주농장,한우,전남광주통합특별시 해남군 산이면 덕호리 466번지  ,6
사남매농장,한우,전남광주통합특별시 해남군 산이면 부동리 747번지 2호  ,30
민경태농장,한우,전남광주통합특별시 해남군 해남읍 남천리 177번지 외 1필지(306-1) ,11
민정욱농장,한우,전남광주통합특별시 해남군 마산면 노하리 562번지 4호  ,6
미남목장,한우,"전남광주통합특별시 해남군 송지면 서정리 1400번지 6호 외 3필지(1400-7, 1400-8, 1400-9) ",30
무학농원2,염소,전남광주통합특별시 해남군 화산면 가좌리 1102번지 1호  ,150
천우농장,한우,전남광주통합특별시 해남군 산이면 금호리 233번지  ,50
고순애농장,한우,전남광주통합특별시 해남군 현산면 고현리 1094번지  ,4
박원호농장,염소,전남광주통합특별시 해남군 송지면 산정리 37번지  ,15
진흥2농장,한우,전남광주통합특별시 해남군 문내면 학동리 1635번지 3호  ,70
성지축산,염소,전남광주통합특별시 해남군 문내면 용암리 461번지 14호 외1필지(461-15번지) ,50
한성축산,한우,"전남광주통합특별시 해남군 화산면 월호리 864, 864-2, 864-3 ",30
박춘기농장,염소,전남광주통합특별시 해남군 문내면 용암리 266번지 34호  ,50
이지준농장,염소,전남광주통합특별시 해남군 해남읍 내사리 1780번지 11호 외 1필지(1453) ,0
오준묵농장,한우,전남광주통합특별시 해남군 계곡면 사정리 198번지 20호  ,35
일품한우농장,한우,전남광주통합특별시 해남군 송지면 해원리 1267번지  ,30
대림축산,한우,전남광주통합특별시 해남군 황산면 원호리 439번지 1호 외 6필지 ,30
한울목장3,한우,전남광주통합특별시 해남군 북일면 운전리 56번지  ,30
공주농장2,한우,전남광주통합특별시 해남군 계곡면 반계리 181번지 외 1필지(181-1) ,10
우리흑염소농장,염소,전남광주통합특별시 해남군 문내면 석교리 68번지  ,100
이성기농장,한우,전남광주통합특별시 해남군 옥천면 신계리 499번지  ,25
사랑농장,한우,전남광주통합특별시 해남군 북일면 운전리 726번지 외 1필지(725-1) ,56
명문염소농장,염소,전남광주통합특별시 해남군 화원면 후산리 751번지 외2필지 ,100
박찬웅농장,염소,전남광주통합특별시 해남군 문내면 용암리 450번지  ,30
임준재농장,염소,전남광주통합특별시 해남군 계곡면 강절리 575번지 5호  ,30
믿음농장,한우,전남광주통합특별시 해남군 마산면 용전리 211번지 1호  ,35
산이농장,한우,"전남광주통합특별시 해남군 산이면 초송리 166번지 1호 외6필지(166-7,166-8,166-9,167-6,166-18,166-19) ",50
에코팜 흑염소 해남,염소,"전남광주통합특별시 해남군 해남읍 복평리 251번지 3호 (251-4, 251-5, 251-6, 251-7, 251-1, 250-11, 250-12, 251-8) ",0
정성모농장,한우,전남광주통합특별시 해남군 문내면 석교리 262번지  ,20
하준농장,한우,전남광주통합특별시 해남군 현산면 월송리 1384번지 외 1필지(1385) ,50
김형진농장,한우,전남광주통합특별시 해남군 북일면 운전리 1464번지 3호  ,0
수남농장,한우,전남광주통합특별시 해남군 옥천면 흑천리 762번지 20호  ,0
구일흑염소농장,염소,전남광주통합특별시 해남군 계곡면 성진리 1015번지 5호  ,50
장식농장,한우,전남광주통합특별시 해남군 송지면 송호리 601번지 외 1필지(603) ,0
e농장,염소,전남광주통합특별시 해남군 화산면 방축리 809번지 2호 외 1필지(809-3) ,80
강태성농장,한우,전남광주통합특별시 해남군 마산면 상등리 427번지 5호 외 1필지(427-6) ,30
시온축산,한우,전남광주통합특별시 해남군 화산면 연곡리 230번지  ,8
장가축산,한우,전남광주통합특별시 해남군 현산면 월송리 1648번지 5호  ,11
박준휘농장,염소,전남광주통합특별시 해남군 북일면 만수리 626번지 1호  ,0
이레농장,한우,전남광주통합특별시 해남군 삼산면 평활리 365번지 10호  ,0
윤성농장,한우,전남광주통합특별시 해남군 송지면 금강리 818번지 3호  ,5
한우축산,한우,전남광주통합특별시 해남군 문내면 서상리 690번지 2호  ,30
이가농장,한우,전남광주통합특별시 해남군 마산면 송석리 7번지 6호  ,0
이영선농장,한우,전남광주통합특별시 해남군 마산면 노하리 710번지 외 1필지(711-1) ,150
인하농장,한우,"전남광주통합특별시 해남군 계곡면 잠두리 142번지 11호 외 3필지(176-22, 142-19, 176-20) ",0
정우한우농장,한우,전남광주통합특별시 해남군 문내면 무고리 672번지 1호 외 1필지(672-2) ,0
오닮축산,한우,전남광주통합특별시 해남군 황산면 원호리 919-18 외 1필지(919-49) ,0
민호축산,한우,전남광주통합특별시 해남군 해남읍 내사리 468번지 1호 외 2필지 ,0
율동축산,한우,전남광주통합특별시 해남군 화산면 율동리 206번지 외 2필지 ,0
야물농장,한우,전남광주통합특별시 해남군 황산면 원호리 1100번지 2호  ,0
해진축산,한우,전남광주통합특별시 해남군 황산면 원호리 1100번지 13호  ,0
라온농장,한우,전남광주통합특별시 해남군 북일면 만수리 770번지 2호  ,0
재은농장,염소,전남광주통합특별시 해남군 해남읍 신안리 247번지 1호 외 1필지(247-2) ,10
행복흑염소농장,염소,전남광주통합특별시 해남군 현산면 조산리 783번지 1호  ,0
다솔 동해농장,오리,"전남광주통합특별시 해남군 북평면 동해리 974번지 8호 외 3필지(974-9, 974-10, 974-14) ",20000
대웅농장,한우,전남광주통합특별시 해남군 옥천면 팔산리 211번지  ,0
신바람농장,한우,"전남광주통합특별시 해남군 화산면 안호리 184번지 외 2필지(184-2, 184-5) ",0
김영남농장,한우,전남광주통합특별시 해남군 문내면 동외리 625번지 4호 외 1필지(191-40) ,0
고성의농장,한우,"전남광주통합특별시 해남군 문내면 동외리 625번지 5호 외 3필지(625-1, 191-20, 191-41) ",0
싱싱축산2호,한우,전남광주통합특별시 해남군 현산면 고현리 350번지 1호  ,0
부원목장투,한우,전남광주통합특별시 해남군 해남읍 내사리 1551번지 2호  ,0
덕진축산3농장,한우,"전남광주통합특별시 해남군 화산면 금풍리 274번지 외 2필지(275, 276) ",0
대성목장,한우,전남광주통합특별시 해남군 옥천면 대산리 418번지 1호  ,0
행운농장,한우,전남광주통합특별시 해남군 계곡면 가학리 178번지  ,0
홍근축산,한우,전남광주통합특별시 해남군 해남읍 내사리 1555번지 3호  ,0
다모아 축사,염소,전남광주통합특별시 해남군 계곡면 성진리 352번지  ,0
초아목장,한우,전남광주통합특별시 해남군 문내면 석교리 1534번지 18호  ,0
해풍농장,한우,"전남광주통합특별시 해남군 문내면 학동리 1633번지 1호 외 2필지(1633-2, 1633-3) ",0
정다운농장3축사,한우,전남광주통합특별시 해남군 해남읍 남천리 903번지 3호 외 1필지(903-4) ,0
로또농장,염소,전남광주통합특별시 해남군 문내면 난대리 630번지 1호 외 1필지(630) ,280
