농장명,행정동명,소재지주소,축종,사육두수,관리기관명,데이터기준일자
가곡농장,노성면,충청남도 논산시 노성면 가곡리 375-6,산양,10,충청남도 논산시 축수산과,2024-09-30
가나안농장,광석면,충청남도 논산시 광석면 사월리 230-21,산양,50,충청남도 논산시 축수산과,2024-09-30
에파코팜,가야곡면,충청남도 논산시 가야곡면 함적리 375-7,산양,1,충청남도 논산시 축수산과,2024-09-30
가브리엘 농장,은진면,충청남도 논산시 은진면 남산리 84,돼지,1000,충청남도 논산시 축수산과,2024-09-30
가야농장,가야곡면,충청남도 논산시 가야곡면 육곡리 27,한우,40,충청남도 논산시 축수산과,2024-09-30
박** 축사,가야곡면,충청남도 논산시 가야곡면 육곡리 108,한우,1,충청남도 논산시 축수산과,2024-09-30
인** 축사,성동면,충청남도 논산시 성동면 우곤리 1304-1,한우,1,충청남도 논산시 축수산과,2024-09-30
이**축사,부적면,충청남도 논산시 부적면 외성리 60-9,한우,1,충청남도 논산시 축수산과,2024-09-30
가야농장,가야곡면,충청남도 논산시 가야곡면 육곡리 528,한우,55,충청남도 논산시 축수산과,2024-09-30
임리목장,연산면,충청남도 논산시 연산면 임리 114-1,사슴,1,충청남도 논산시 축수산과,2024-09-30
가연농장,가야곡면,충청남도 논산시 가야곡면 종연리 309-1,한우,8,충청남도 논산시 축수산과,2024-09-30
갈산농장,광석면,충청남도 논산시 광석면 갈산리 429-1,한우,70,충청남도 논산시 축수산과,2024-09-30
강경농장,강경읍,충청남도 논산시 강경읍 채운리 196,한우,500,충청남도 논산시 축수산과,2024-09-30
강청농장,가야곡면,충청남도 논산시 가야곡면 강청리 147-7,한우,20,충청남도 논산시 축수산과,2024-09-30
건양농장,양촌면,충청남도 논산시 양촌면 모촌리 567-1,한우,479,충청남도 논산시 축수산과,2024-09-30
경민농장,노성면,충청남도 논산시 노성면 송당리 231-2,한우,13,충청남도 논산시 축수산과,2024-09-30
경원농장,은진면,충청남도 논산시 은진면 남산리 491,산양,10,충청남도 논산시 축수산과,2024-09-30
계룡농장,광석면,충청남도 논산시 광석면 중리 515-1,산양,17,충청남도 논산시 축수산과,2024-09-30
계백농장,연산면,충청남도 논산시 연산면 고정리 276-1,한우,28,충청남도 논산시 축수산과,2024-09-30
고정농장,성동면,충청남도 논산시 성동면 원봉리 419-2,한우,52,충청남도 논산시 축수산과,2024-09-30
강** 축사,양촌면,충청남도 논산시 양촌면 양촌리 127-2,한우,1,충청남도 논산시 축수산과,2024-09-30
곰밭농장,은진면,충청남도 논산시 은진면 토양리 산 45-11,한우,71,충청남도 논산시 축수산과,2024-09-30
광명농장,양촌면,충청남도 논산시 양촌면 임화리 200,한우,6,충청남도 논산시 축수산과,2024-09-30
(주)친환경식품축산농업회사법인 직영점,가야곡면,충청남도 논산시 가야곡면 두월리 44,한우,2,충청남도 논산시 축수산과,2024-09-30
광석양지농장,광석면,충청남도 논산시 광석면 중리 173,돼지,2500,충청남도 논산시 축수산과,2024-09-30
광석흑염소농장,광석면,충청남도 논산시 광석면 득윤리 16,염소,20,충청남도 논산시 축수산과,2024-09-30
광진농장,벌곡면,충청남도 논산시 벌곡면 만목리 420,돼지,800,충청남도 논산시 축수산과,2024-09-30
구암농장,노성면,충청남도 논산시 노성면 구암리 161,돼지,2300,충청남도 논산시 축수산과,2024-09-30
국보농장,연무읍,충청남도 논산시 연무읍 신화리 1503-9,육우,195,충청남도 논산시 축수산과,2024-09-30
금강농장,연무읍,충청남도 논산시 연무읍 소룡리 291,한우,220,충청남도 논산시 축수산과,2024-09-30
금성농장,성동면,충청남도 논산시 성동면 우곤리 84-1,한우,68,충청남도 논산시 축수산과,2024-09-30
금성사슴농장,연산면,충청남도 논산시 연산면 송정리 401,사슴,70,충청남도 논산시 축수산과,2024-09-30
금우림농장,상월면,충청남도 논산시 상월면 석종리 7,염소,30,충청남도 논산시 축수산과,2024-09-30
금태농장,광석면,충청남도 논산시 광석면 왕전리 813-1,육우,11,충청남도 논산시 축수산과,2024-09-30
길농장,연무읍,충청남도 논산시 연무읍 마산리 313-7,돼지,10,충청남도 논산시 축수산과,2024-09-30
김** 농장,노성면,충청남도 논산시 노성면 화곡리 207,한우,18,충청남도 논산시 축수산과,2024-09-30
김** 농장,성동면,충청남도 논산시 성동면 병촌리 341-17,한우,55,충청남도 논산시 축수산과,2024-09-30
김**농장,연무읍,충청남도 논산시 연무읍 동산리 665-7,한우,10,충청남도 논산시 축수산과,2024-09-30
김**농장,가야곡면,충청남도 논산시 가야곡면 병암리 8-48,한우,90,충청남도 논산시 축수산과,2024-09-30
김**농장,광석면,충청남도 논산시 광석면 갈산리 580-4,한우,10,충청남도 논산시 축수산과,2024-09-30
김**농장,성동면,충청남도 논산시 성동면 원봉리 467-15,한우,20,충청남도 논산시 축수산과,2024-09-30
김**농장,연무읍,충청남도 논산시 연무읍 황화정리 376,한우,11,충청남도 논산시 축수산과,2024-09-30
김** 농장,상월면,충청남도 논산시 상월면 월오리 412,한우,7,충청남도 논산시 축수산과,2024-09-30
김**농장,은진면,충청남도 논산시 은진면 교촌리 381-5,한우,25,충청남도 논산시 축수산과,2024-09-30
김** 농장,광석면,충청남도 논산시 광석면 갈산리 743-5,한우,50,충청남도 논산시 축수산과,2024-09-30
김**농장,연산면,충청남도 논산시 연산면 장전리 143-1,한우,20,충청남도 논산시 축수산과,2024-09-30
남양농장2,상월면,충청남도 논산시 상월면 한천리 671-2,한우,128,충청남도 논산시 축수산과,2024-09-30
남주농장,연산면,충청남도 논산시 연산면 송산리 536-2,한우,200,충청남도 논산시 축수산과,2024-09-30
김** 축사,성동면,충청남도 논산시 성동면 월성리 358-3,한우,2,충청남도 논산시 축수산과,2024-09-30
일신축사,노성면,충청남도 논산시 노성면 효죽리 88,한우,2,충청남도 논산시 축수산과,2024-09-30
내숙농장,부적면,충청남도 논산시 부적면 덕평리 95,한우,25,충청남도 논산시 축수산과,2024-09-30
노아농장,연무읍,충청남도 논산시 연무읍 양지리 16-8,돼지,2000,충청남도 논산시 축수산과,2024-09-30
논산가야자연흑염소농장,가야곡면,충청남도 논산시 가야곡면 목곡리 308,염소,36,충청남도 논산시 축수산과,2024-09-30
농업회사법인(주)팜스월드 마전농장,연무읍,충청남도 논산시 연무읍 마전리 1128,돼지,1793,충청남도 논산시 축수산과,2024-09-30
농업회사법인(주)팜스월드 소룡농장,연무읍,충청남도 논산시 연무읍 소룡리 638-16,돼지,1837,충청남도 논산시 축수산과,2024-09-30
농장,양촌면,충청남도 논산시 양촌면 인천리 432-36,한우,1,충청남도 논산시 축수산과,2024-09-30
농장,노성면,충청남도 논산시 노성면 교촌리 81,한우,1,충청남도 논산시 축수산과,2024-09-30
농장,은진면,충청남도 논산시 은진면 방축리 679,한우,1,충청남도 논산시 축수산과,2024-09-30
농장,상월면,충청남도 논산시 상월면 대명리 249-4,한우,1,충청남도 논산시 축수산과,2024-09-30
농장,상월면,충청남도 논산시 상월면 월오리 320-12,한우,1,충청남도 논산시 축수산과,2024-09-30
농장,채운면,충청남도 논산시 채운면 화정리 298-1,한우,1,충청남도 논산시 축수산과,2024-09-30
농장,노성면,충청남도 논산시 노성면 교촌리 279-1,한우,1,충청남도 논산시 축수산과,2024-09-30
농장,성동면,충청남도 논산시 성동면 원봉리 142-11,한우,1,충청남도 논산시 축수산과,2024-09-30
농장,연무읍,충청남도 논산시 연무읍 안심리 43-33,한우,1,충청남도 논산시 축수산과,2024-09-30
농장,상월면,충청남도 논산시 상월면 숙진리 433-2,한우,1,충청남도 논산시 축수산과,2024-09-30
농장,노성면,충청남도 논산시 노성면 교촌리 218-4,한우,2,충청남도 논산시 축수산과,2024-09-30
농장,가야곡면,충청남도 논산시 가야곡면 등리 324-2,한우,2,충청남도 논산시 축수산과,2024-09-30
농장,연산면,충청남도 논산시 연산면 덕암리 72-3,한우,2,충청남도 논산시 축수산과,2024-09-30
농장,부적면,충청남도 논산시 부적면 덕평리 349-9,한우,2,충청남도 논산시 축수산과,2024-09-30
농장,연무읍,충청남도 논산시 연무읍 마산리 625-15,한우,2,충청남도 논산시 축수산과,2024-09-30
농장,광석면,충청남도 논산시 광석면 득윤리 677-1,한우,2,충청남도 논산시 축수산과,2024-09-30
농장,상월면,충청남도 논산시 상월면 상도리 460번지 1,한우,2,충청남도 논산시 축수산과,2024-09-30
우리축산,성동면,충청남도 논산시 성동면 정지리 118-6,한우,3,충청남도 논산시 축수산과,2024-09-30
박** 축사,광석면,충청남도 논산시 광석면 산동리 380-1,한우,3,충청남도 논산시 축수산과,2024-09-30
농장,부적면,충청남도 논산시 부적면 덕평리 307-4,한우,2,충청남도 논산시 축수산과,2024-09-30
농장,양촌면,충청남도 논산시 양촌면 반암리 160-1,한우,2,충청남도 논산시 축수산과,2024-09-30
김**축사,은진면,충청남도 논산시 은진면 연서리 604,한우,3,충청남도 논산시 축수산과,2024-09-30
김** 축사,광석면,충청남도 논산시 광석면 항월리 60-4,한우,3,충청남도 논산시 축수산과,2024-09-30
농장,가야곡면,충청남도 논산시 가야곡면 왕암리 91-2,한우,2,충청남도 논산시 축수산과,2024-09-30
농장,가야곡면,충청남도 논산시 가야곡면 왕암리 105-4,한우,2,충청남도 논산시 축수산과,2024-09-30
농장,상월면,충청남도 논산시 상월면 월오리 320-8,한우,2,충청남도 논산시 축수산과,2024-09-30
농장,상월면,충청남도 논산시 상월면 산성리 341-2,한우,2,충청남도 논산시 축수산과,2024-09-30
농장,가야곡면,충청남도 논산시 가야곡면 삼전리 324-1,한우,2,충청남도 논산시 축수산과,2024-09-30
농장,양촌면,충청남도 논산시 양촌면 인천리 261,한우,2,충청남도 논산시 축수산과,2024-09-30
농장,노성면,충청남도 논산시 노성면 장구리 산 2-53,한우,2,충청남도 논산시 축수산과,2024-09-30
농장,가야곡면,충청남도 논산시 가야곡면 삼전리 654,한우,2,충청남도 논산시 축수산과,2024-09-30
농장,가야곡면,충청남도 논산시 가야곡면 삼전리 93-3,한우,2,충청남도 논산시 축수산과,2024-09-30
농장,가야곡면,충청남도 논산시 가야곡면 삼전리 358-3,한우,2,충청남도 논산시 축수산과,2024-09-30
농장,연무읍,충청남도 논산시 연무읍 고내리 1040-13,한우,3,충청남도 논산시 축수산과,2024-09-30
농장,상월면,충청남도 논산시 상월면 대촌리 65-1,한우,3,충청남도 논산시 축수산과,2024-09-30
농장,양촌면,충청남도 논산시 양촌면 양촌리 331,한우,3,충청남도 논산시 축수산과,2024-09-30
농장,연무읍,충청남도 논산시 연무읍 마산리 240,한우,3,충청남도 논산시 축수산과,2024-09-30
농장,노성면,충청남도 논산시 노성면 죽림리 61-9,한우,3,충청남도 논산시 축수산과,2024-09-30
농장,부적면,충청남도 논산시 부적면 아호리 134-5,한우,3,충청남도 논산시 축수산과,2024-09-30
농장,연산면,충청남도 논산시 연산면 송정리 467-2,한우,3,충청남도 논산시 축수산과,2024-09-30
농장,양촌면,충청남도 논산시 양촌면 중산리 463-5,한우,3,충청남도 논산시 축수산과,2024-09-30
그린팜,상월면,충청남도 논산시 상월면 상도리 682-7,산양,4,충청남도 논산시 축수산과,2024-09-30
농장,양촌면,충청남도 논산시 양촌면 양촌리 189,한우,3,충청남도 논산시 축수산과,2024-09-30
농장,양촌면,충청남도 논산시 양촌면 반암리 160-2,한우,3,충청남도 논산시 축수산과,2024-09-30
농장,양촌면,충청남도 논산시 양촌면 명암리 237,한우,3,충청남도 논산시 축수산과,2024-09-30
농장,연산면,충청남도 논산시 연산면 장전리 410-1,한우,3,충청남도 논산시 축수산과,2024-09-30
농장,상월면,충청남도 논산시 상월면 대명리 751-2,한우,3,충청남도 논산시 축수산과,2024-09-30
농장,가야곡면,충청남도 논산시 가야곡면 삼전리 275,한우,3,충청남도 논산시 축수산과,2024-09-30
김** 축사,양촌면,충청남도 논산시 양촌면 신기리 46-4,한우,4,충청남도 논산시 축수산과,2024-09-30
농장,노성면,충청남도 논산시 노성면 장구리 57,한우,3,충청남도 논산시 축수산과,2024-09-30
농장,광석면,충청남도 논산시 광석면 항월리 383-1,한우,3,충청남도 논산시 축수산과,2024-09-30
농장,양촌면,충청남도 논산시 양촌면 반곡리 184-1,한우,3,충청남도 논산시 축수산과,2024-09-30
농장,성동면,충청남도 논산시 성동면 원봉리 323,한우,3,충청남도 논산시 축수산과,2024-09-30
농장,노성면,충청남도 논산시 노성면 두사리 75-23,한우,3,충청남도 논산시 축수산과,2024-09-30
농장,양촌면,충청남도 논산시 양촌면 양촌리 314-2,한우,3,충청남도 논산시 축수산과,2024-09-30
농장,양촌면,충청남도 논산시 양촌면 거사리 97,한우,4,충청남도 논산시 축수산과,2024-09-30
농장,연무읍,충청남도 논산시 연무읍 마산리 122,한우,4,충청남도 논산시 축수산과,2024-09-30
농장,연무읍,충청남도 논산시 연무읍 안심리 403-10,한우,4,충청남도 논산시 축수산과,2024-09-30
농장,성동면,충청남도 논산시 성동면 정지리 349-1,한우,4,충청남도 논산시 축수산과,2024-09-30
농장,노성면,충청남도 논산시 노성면 죽림리 73-1,한우,4,충청남도 논산시 축수산과,2024-09-30
농장,부적면,충청남도 논산시 부적면 외성리 248번지,한우,4,충청남도 논산시 축수산과,2024-09-30
농장,부적면,충청남도 논산시 부적면 반송리 182,한우,4,충청남도 논산시 축수산과,2024-09-30
농장,벌곡면,충청남도 논산시 벌곡면 대덕리 475,한우,4,충청남도 논산시 축수산과,2024-09-30
농장,연무읍,충청남도 논산시 연무읍 마산리 200-10,한우,4,충청남도 논산시 축수산과,2024-09-30
농장,양촌면,충청남도 논산시 양촌면 도평리 265-2,한우,4,충청남도 논산시 축수산과,2024-09-30
농장,양촌면,충청남도 논산시 양촌면 양촌리 324,한우,4,충청남도 논산시 축수산과,2024-09-30
까치목장,성동면,충청남도 논산시 성동면 병촌리 240-1,한우,5,충청남도 논산시 축수산과,2024-09-30
농장,채운면,충청남도 논산시 채운면 장화리 114-2,한우,4,충청남도 논산시 축수산과,2024-09-30
농장,부적면,충청남도 논산시 부적면 외성리 217,한우,4,충청남도 논산시 축수산과,2024-09-30
농장,벌곡면,충청남도 논산시 벌곡면 도산리 177번-1,한우,4,충청남도 논산시 축수산과,2024-09-30
농장,성동면,충청남도 논산시 성동면 원남리 939-6,한우,4,충청남도 논산시 축수산과,2024-09-30
농장,광석면,충청남도 논산시 광석면 신당리 188-4,한우,4,충청남도 논산시 축수산과,2024-09-30
농장,가야곡면,충청남도 논산시 가야곡면 육곡리 11,한우,4,충청남도 논산시 축수산과,2024-09-30
농장,노성면,충청남도 논산시 노성면 두사리 16-10,한우,5,충청남도 논산시 축수산과,2024-09-30
농장,양촌면,충청남도 논산시 양촌면 산직리 142-3,한우,5,충청남도 논산시 축수산과,2024-09-30
농장,가야곡면,충청남도 논산시 가야곡면 등리 324-2,한우,5,충청남도 논산시 축수산과,2024-09-30
농장,연무읍,충청남도 논산시 연무읍 황화정리 570-37,한우,5,충청남도 논산시 축수산과,2024-09-30
농장,성동면,충청남도 논산시 성동면 정지리 183-2,한우,5,충청남도 논산시 축수산과,2024-09-30
농장,성동면,충청남도 논산시 성동면 정지리 118-9,한우,5,충청남도 논산시 축수산과,2024-09-30
버섯한우,연산면,충청남도 논산시 연산면 덕암리 303,한우,5,충청남도 논산시 축수산과,2024-09-30
농장,부적면,충청남도 논산시 부적면 덕평리 331,한우,5,충청남도 논산시 축수산과,2024-09-30
농장,연무읍,충청남도 논산시 연무읍 고내리 1098,한우,5,충청남도 논산시 축수산과,2024-09-30
농장,연산면,충청남도 논산시 연산면 임리 60,한우,5,충청남도 논산시 축수산과,2024-09-30
농장,연무읍,충청남도 논산시 연무읍 황화정리 산26-10,한우,5,충청남도 논산시 축수산과,2024-09-30
농장,노성면,충청남도 논산시 노성면 교촌리 118-2,한우,5,충청남도 논산시 축수산과,2024-09-30
농장,가야곡면,충청남도 논산시 가야곡면 삼전리 194-4,한우,5,충청남도 논산시 축수산과,2024-09-30
농장,가야곡면,충청남도 논산시 가야곡면 강청리 371,한우,5,충청남도 논산시 축수산과,2024-09-30
농장,연무읍,충청남도 논산시 연무읍 소룡리 491-2,한우,5,충청남도 논산시 축수산과,2024-09-30
농장,성동면,충청남도 논산시 성동면 정지리 265,한우,5,충청남도 논산시 축수산과,2024-09-30
농장,상월면,충청남도 논산시 상월면 학당리 288-4,한우,5,충청남도 논산시 축수산과,2024-09-30
농장,상월면,충청남도 논산시 상월면 상도리 332번지 1,한우,5,충청남도 논산시 축수산과,2024-09-30
석정이네 한우,연산면,충청남도 논산시 연산면 송산리 534-15,한우,5,충청남도 논산시 축수산과,2024-09-30
농장,연산면,충청남도 논산시 연산면 임리 57-1,한우,5,충청남도 논산시 축수산과,2024-09-30
농장,성동면,충청남도 논산시 성동면 원남리 734,한우,5,충청남도 논산시 축수산과,2024-09-30
농장,양촌면,충청남도 논산시 양촌면 양촌리 386,한우,5,충청남도 논산시 축수산과,2024-09-30
농장,양촌면,충청남도 논산시 양촌면 반암리 157-1,한우,5,충청남도 논산시 축수산과,2024-09-30
농장,양촌면,충청남도 논산시 양촌면 반암리 76-1,한우,5,충청남도 논산시 축수산과,2024-09-30
농장,연산면,충청남도 논산시 연산면 백석리 159,한우,5,충청남도 논산시 축수산과,2024-09-30
농장,가야곡면,충청남도 논산시 가야곡면 등리 381,한우,5,충청남도 논산시 축수산과,2024-09-30
농장,노성면,충청남도 논산시 노성면 가곡리 310,한우,5,충청남도 논산시 축수산과,2024-09-30
농장,광석면,충청남도 논산시 광석면 오강리 228,한우,5,충청남도 논산시 축수산과,2024-09-30
농장,가야곡면,충청남도 논산시 가야곡면 야촌리 262-4,한우,5,충청남도 논산시 축수산과,2024-09-30
농장,노성면,충청남도 논산시 노성면 두사리 75-17,한우,5,충청남도 논산시 축수산과,2024-09-30
농장,양촌면,충청남도 논산시 양촌면 중산리 93,한우,5,충청남도 논산시 축수산과,2024-09-30
농장,노성면,충청남도 논산시 노성면 교촌리 40,한우,5,충청남도 논산시 축수산과,2024-09-30
농장,가야곡면,충청남도 논산시 가야곡면 야촌리 401-4,한우,5,충청남도 논산시 축수산과,2024-09-30
농장,연무읍,충청남도 논산시 연무읍 마산리 505-32,한우,5,충청남도 논산시 축수산과,2024-09-30
농장,부적면,충청남도 논산시 부적면 반송리 479-8,한우,5,충청남도 논산시 축수산과,2024-09-30
농장,양촌면,충청남도 논산시 양촌면 중산리 785-2,한우,5,충청남도 논산시 축수산과,2024-09-30
농장,광석면,충청남도 논산시 광석면 신당리 29-1,한우,5,충청남도 논산시 축수산과,2024-09-30
농장,연산면,충청남도 논산시 연산면 임리 300,한우,5,충청남도 논산시 축수산과,2024-09-30
농장,광석면,충청남도 논산시 광석면 중리 110-15,한우,5,충청남도 논산시 축수산과,2024-09-30
농장,성동면,충청남도 논산시 성동면 원북리 363,한우,5,충청남도 논산시 축수산과,2024-09-30
농장,연무읍,충청남도 논산시 연무읍 동산리 562,한우,5,충청남도 논산시 축수산과,2024-09-30
농장,상월면,충청남도 논산시 상월면 신충리 산11-6,한우,6,충청남도 논산시 축수산과,2024-09-30
농장,성동면,충청남도 논산시 성동면 우곤리 302-1,한우,6,충청남도 논산시 축수산과,2024-09-30
농장,연무읍,충청남도 논산시 연무읍 황화정리 200-46,한우,6,충청남도 논산시 축수산과,2024-09-30
농장,부적면,충청남도 논산시 부적면 아호리 167-1,한우,6,충청남도 논산시 축수산과,2024-09-30
농장,노성면,충청남도 논산시 노성면 병사리 399,한우,6,충청남도 논산시 축수산과,2024-09-30
농장,연무읍,충청남도 논산시 연무읍 안심리 235,산양,6,충청남도 논산시 축수산과,2024-09-30
농장,부적면,충청남도 논산시 부적면 충곡리 23번지 4,한우,6,충청남도 논산시 축수산과,2024-09-30
농장,부적면,충청남도 논산시 부적면 신교리 577번지,한우,6,충청남도 논산시 축수산과,2024-09-30
김** 축사,광석면,충청남도 논산시 광석면 득윤리 500-7,한우,6,충청남도 논산시 축수산과,2024-09-30
농장,벌곡면,충청남도 논산시 벌곡면 검천리 401,한우,6,충청남도 논산시 축수산과,2024-09-30
농장,양촌면,충청남도 논산시 양촌면 임화리 592,한우,6,충청남도 논산시 축수산과,2024-09-30
농장,양촌면,충청남도 논산시 양촌면 명암리 349-1,한우,6,충청남도 논산시 축수산과,2024-09-30
농장,노성면,충청남도 논산시 노성면 장구리 84-10,한우,6,충청남도 논산시 축수산과,2024-09-30
농장,부적면,충청남도 논산시 부적면 외성리 497-30,한우,6,충청남도 논산시 축수산과,2024-09-30
농장,가야곡면,충청남도 논산시 가야곡면 육곡리 388,한우,6,충청남도 논산시 축수산과,2024-09-30
농장,가야곡면,충청남도 논산시 가야곡면 왕암리 140-4,한우,6,충청남도 논산시 축수산과,2024-09-30
농장,은진면,충청남도 논산시 은진면 와야리 56-2,한우,6,충청남도 논산시 축수산과,2024-09-30
농장,광석면,충청남도 논산시 광석면 신당리 473,한우,6,충청남도 논산시 축수산과,2024-09-30
농장,가야곡면,충청남도 논산시 가야곡면 등리 335,한우,7,충청남도 논산시 축수산과,2024-09-30
농장,연산면,충청남도 논산시 연산면 장전리 615,한우,7,충청남도 논산시 축수산과,2024-09-30
농장,성동면,충청남도 논산시 성동면 우곤리 441-1,한우,7,충청남도 논산시 축수산과,2024-09-30
농장,가야곡면,충청남도 논산시 가야곡면 육곡리 356-6,한우,7,충청남도 논산시 축수산과,2024-09-30
농장,연산면,충청남도 논산시 연산면 덕암리 135-1,한우,7,충청남도 논산시 축수산과,2024-09-30
농장,양촌면,충청남도 논산시 양촌면 반암리 366-6,한우,7,충청남도 논산시 축수산과,2024-09-30
농장,가야곡면,충청남도 논산시 가야곡면 왕암리 333-1,한우,7,충청남도 논산시 축수산과,2024-09-30
농장,성동면,충청남도 논산시 성동면 원북리 557,한우,7,충청남도 논산시 축수산과,2024-09-30
농장,부적면,충청남도 논산시 부적면 덕평리 245,한우,7,충청남도 논산시 축수산과,2024-09-30
농장,상월면,충청남도 논산시 상월면 대명리 44번지,한우,7,충청남도 논산시 축수산과,2024-09-30
농장,상월면,충청남도 논산시 상월면 석종리 260번지 16,한우,7,충청남도 논산시 축수산과,2024-09-30
농장,부적면,충청남도 논산시 부적면 아호리 700-1,한우,7,충청남도 논산시 축수산과,2024-09-30
청룡축산,광석면,충청남도 논산시 광석면 산동리 68-1,한우,7,충청남도 논산시 축수산과,2024-09-30
에벤에셀 축사,연무읍,충청남도 논산시 연무읍 신화리 1352-2,한우,7,충청남도 논산시 축수산과,2024-09-30
까치목장,성동면,충청남도 논산시 성동면 병촌리 225-2,한우,7,충청남도 논산시 축수산과,2024-09-30
윤** 축사,노성면,충청남도 논산시 노성면 송당리 257-5,한우,7,충청남도 논산시 축수산과,2024-09-30
이** 축사,상월면,충청남도 논산시 상월면 상도리 161-3,염소,7,충청남도 논산시 축수산과,2024-09-30
농장,연산면,충청남도 논산시 연산면 신양리 466-1,한우,7,충청남도 논산시 축수산과,2024-09-30
농장,광석면,충청남도 논산시 광석면 이사리 250-5,한우,7,충청남도 논산시 축수산과,2024-09-30
농장,양촌면,충청남도 논산시 양촌면 오산리 189-1,한우,7,충청남도 논산시 축수산과,2024-09-30
농장,양촌면,충청남도 논산시 양촌면 명암리 404-2,한우,7,충청남도 논산시 축수산과,2024-09-30
농장,연산면,충청남도 논산시 연산면 고정리 85-1,한우,8,충청남도 논산시 축수산과,2024-09-30
농장,성동면,충청남도 논산시 성동면 원봉리 504-1,한우,8,충청남도 논산시 축수산과,2024-09-30
농장,가야곡면,충청남도 논산시 가야곡면 야촌리 47-1,한우,8,충청남도 논산시 축수산과,2024-09-30
농장,연무읍,충청남도 논산시 연무읍 고내리 1113-2,한우,8,충청남도 논산시 축수산과,2024-09-30
농장,강경읍,충청남도 논산시 강경읍 채운리 216,산양,8,충청남도 논산시 축수산과,2024-09-30
농장,성동면,충청남도 논산시 성동면 월성리 320,한우,8,충청남도 논산시 축수산과,2024-09-30
농장,부적면,충청남도 논산시 부적면 외성리 373번지 1,한우,8,충청남도 논산시 축수산과,2024-09-30
농장,벌곡면,충청남도 논산시 벌곡면 수락리 79-2,한우,8,충청남도 논산시 축수산과,2024-09-30
농장,양촌면,충청남도 논산시 양촌면 양촌리 398,한우,8,충청남도 논산시 축수산과,2024-09-30
농장,양촌면,충청남도 논산시 양촌면 임화리 609-4,한우,8,충청남도 논산시 축수산과,2024-09-30
농장,양촌면,충청남도 논산시 양촌면 반암리 119,한우,8,충청남도 논산시 축수산과,2024-09-30
농장,양촌면,충청남도 논산시 양촌면 인천리 389-1,한우,8,충청남도 논산시 축수산과,2024-09-30
농장,광석면,충청남도 논산시 광석면 이사리 226-13,한우,8,충청남도 논산시 축수산과,2024-09-30
김** 축사,벌곡면,충청남도 논산시 벌곡면 어곡리 213-1,한우,8,충청남도 논산시 축수산과,2024-09-30
농장,상월면,충청남도 논산시 상월면 대명리 345,한우,8,충청남도 논산시 축수산과,2024-09-30
농장,성동면,충청남도 논산시 성동면 원북리 129,한우,9,충청남도 논산시 축수산과,2024-09-30
농장,광석면,충청남도 논산시 광석면 율리 141-4,한우,9,충청남도 논산시 축수산과,2024-09-30
농장,양촌면,충청남도 논산시 양촌면 양촌리 207,한우,9,충청남도 논산시 축수산과,2024-09-30
농장,양촌면,충청남도 논산시 양촌면 임화리 396,한우,9,충청남도 논산시 축수산과,2024-09-30
농장,부적면,충청남도 논산시 부적면 마구평리 384-1,한우,9,충청남도 논산시 축수산과,2024-09-30
농장,연무읍,충청남도 논산시 연무읍 황화정리 570-18,한우,9,충청남도 논산시 축수산과,2024-09-30
고향건강원,가야곡면,충청남도 논산시 가야곡면 목곡리 81,사슴,9,충청남도 논산시 축수산과,2024-09-30
농장,노성면,충청남도 논산시 노성면 화곡리 169,한우,9,충청남도 논산시 축수산과,2024-09-30
농장,연무읍,충청남도 논산시 연무읍 금곡리 242-2,한우,9,충청남도 논산시 축수산과,2024-09-30
농장,노성면,충청남도 논산시 노성면 죽림리 산35-34,한우,9,충청남도 논산시 축수산과,2024-09-30
농장,연무읍,충청남도 논산시 연무읍 마전리 886번,한우,10,충청남도 논산시 축수산과,2024-09-30
신화목장,연무읍,충청남도 논산시 연무읍 신화리 109-2,한우,10,충청남도 논산시 축수산과,2024-09-30
농장,성동면,충청남도 논산시 성동면 정지리 124,한우,10,충청남도 논산시 축수산과,2024-09-30
농장,지산동,충청남도 논산시 지산동 718-1,한우,10,충청남도 논산시 축수산과,2024-09-30
농장,양촌면,충청남도 논산시 양촌면 양촌리 276,한우,10,충청남도 논산시 축수산과,2024-09-30
대둔산목장,벌곡면,충청남도 논산시 벌곡면 도산리 110,한우,10,충청남도 논산시 축수산과,2024-09-30
농장,연무읍,충청남도 논산시 연무읍 황화정리 670-1,한우,10,충청남도 논산시 축수산과,2024-09-30
농장,성동면,충청남도 논산시 성동면 정지리 374,한우,10,충청남도 논산시 축수산과,2024-09-30
농장,부적면,충청남도 논산시 부적면 탑정리 126-1,한우,10,충청남도 논산시 축수산과,2024-09-30
농장,상월면,충청남도 논산시 상월면 학당리 375-7,한우,10,충청남도 논산시 축수산과,2024-09-30
농장,상월면,충청남도 논산시 상월면 한천리 68-12,한우,10,충청남도 논산시 축수산과,2024-09-30
농장,연산면,충청남도 논산시 연산면 화악리 228-3,한우,10,충청남도 논산시 축수산과,2024-09-30
농장,양촌면,충청남도 논산시 양촌면 반암리 378-3,사슴,10,충청남도 논산시 축수산과,2024-09-30
농장,성동면,충청남도 논산시 성동면 정지리 330-4,한우,10,충청남도 논산시 축수산과,2024-09-30
농장,채운면,충청남도 논산시 채운면 심암리 261-2,한우,10,충청남도 논산시 축수산과,2024-09-30
농장,성동면,충청남도 논산시 성동면 원봉리 112-1,한우,10,충청남도 논산시 축수산과,2024-09-30
농장,은진면,충청남도 논산시 은진면 시묘리 598-10,한우,10,충청남도 논산시 축수산과,2024-09-30
농장,벌곡면,충청남도 논산시 벌곡면 도산리 220,한우,10,충청남도 논산시 축수산과,2024-09-30
농장,광석면,충청남도 논산시 광석면 신당리 32-3,한우,10,충청남도 논산시 축수산과,2024-09-30
농장,은진면,충청남도 논산시 은진면 연서리 127-1,한우,10,충청남도 논산시 축수산과,2024-09-30
농장,양촌면,충청남도 논산시 양촌면 임화리 589,한우,10,충청남도 논산시 축수산과,2024-09-30
농장,성동면,충청남도 논산시 성동면 정지리 296-39,한우,10,충청남도 논산시 축수산과,2024-09-30
농장,은진면,충청남도 논산시 은진면 방축리 675,염소,10,충청남도 논산시 축수산과,2024-09-30
농장,양촌면,충청남도 논산시 양촌면 산직리 산 2-3,한우,10,충청남도 논산시 축수산과,2024-09-30
농장,부적면,충청남도 논산시 부적면 충곡리 312-1,염소,10,충청남도 논산시 축수산과,2024-09-30
농장,연무읍,충청남도 논산시 연무읍 황화정리 산26-14,한우,11,충청남도 논산시 축수산과,2024-09-30
농장,연무읍,충청남도 논산시 연무읍 황화정리 산101,한우,11,충청남도 논산시 축수산과,2024-09-30
농장,양촌면,충청남도 논산시 양촌면 양촌리 182-1,한우,11,충청남도 논산시 축수산과,2024-09-30
농장,노성면,충청남도 논산시 노성면 호암리 666,한우,11,충청남도 논산시 축수산과,2024-09-30
농장,가야곡면,충청남도 논산시 가야곡면 왕암리 227-1,한우,11,충청남도 논산시 축수산과,2024-09-30
농장,성동면,충청남도 논산시 성동면 원봉리 884,한우,11,충청남도 논산시 축수산과,2024-09-30
농장,성동면,충청남도 논산시 성동면 원남리 26-6,한우,11,충청남도 논산시 축수산과,2024-09-30
농장,노성면,충청남도 논산시 노성면 장구리 126-16,한우,11,충청남도 논산시 축수산과,2024-09-30
농장,상월면,충청남도 논산시 상월면 대촌리 400번지 3,한우,11,충청남도 논산시 축수산과,2024-09-30
농장,가야곡면,충청남도 논산시 가야곡면 목곡리 224,한우,11,충청남도 논산시 축수산과,2024-09-30
농장,가야곡면,충청남도 논산시 가야곡면 종연리 723,한우,11,충청남도 논산시 축수산과,2024-09-30
김** 축사,광석면,충청남도 논산시 광석면 이사리 376-5,염소,10,충청남도 논산시 축수산과,2024-09-30
농장,연무읍,충청남도 논산시 연무읍 고내리 141-2,한우,11,충청남도 논산시 축수산과,2024-09-30
농장,광석면,충청남도 논산시 광석면 득윤리 789-12,한우,11,충청남도 논산시 축수산과,2024-09-30
농장,연무읍,충청남도 논산시 연무읍 봉동리 113-2,한우,12,충청남도 논산시 축수산과,2024-09-30
부부목장,강경읍,충청남도 논산시 강경읍 채운리 160,한우,10,충청남도 논산시 축수산과,2024-09-30
양** 축사,성동면,충청남도 논산시 성동면 원봉리 838,한우,10,충청남도 논산시 축수산과,2024-09-30
전** 축사,노성면,충청남도 논산시 노성면 읍내리 339-5,한우,10,충청남도 논산시 축수산과,2024-09-30
권** 축사,양촌면,충청남도 논산시 양촌면 반암리 245-2,한우,10,충청남도 논산시 축수산과,2024-09-30
승화목장,연산면,충청남도 논산시 연산면 장전리 447,한우,10,충청남도 논산시 축수산과,2024-09-30
농장,노성면,충청남도 논산시 노성면 효죽리 629,한우,12,충청남도 논산시 축수산과,2024-09-30
농장,노성면,충청남도 논산시 노성면 가곡리 45-1,한우,12,충청남도 논산시 축수산과,2024-09-30
농장,가야곡면,충청남도 논산시 가야곡면 등리 381,한우,12,충청남도 논산시 축수산과,2024-09-30
농장,은진면,충청남도 논산시 은진면 토양리 473-2,한우,12,충청남도 논산시 축수산과,2024-09-30
농장,양촌면,충청남도 논산시 양촌면 반암리 315,한우,12,충청남도 논산시 축수산과,2024-09-30
농장,상월면,충청남도 논산시 상월면 대촌리 46-1,한우,12,충청남도 논산시 축수산과,2024-09-30
종근축산,양촌면,충청남도 논산시 양촌면 반암리 373,한우,11,충청남도 논산시 축수산과,2024-09-30
농장,연무읍,충청남도 논산시 연무읍 마산리 152-1,한우,12,충청남도 논산시 축수산과,2024-09-30
농장,상월면,충청남도 논산시 상월면 대명리 432번지,한우,12,충청남도 논산시 축수산과,2024-09-30
농장,연산면,충청남도 논산시 연산면 장전리 672-12,한우,12,충청남도 논산시 축수산과,2024-09-30
농장,양촌면,충청남도 논산시 양촌면 중산리 582,한우,12,충청남도 논산시 축수산과,2024-09-30
농장,덕지동,충청남도 논산시 덕지동 330-1,산양,12,충청남도 논산시 축수산과,2024-09-30
농장,광석면,충청남도 논산시 광석면 광리 180-5,한우,12,충청남도 논산시 축수산과,2024-09-30
농장,채운면,충청남도 논산시 채운면 용화리 328-7,한우,12,충청남도 논산시 축수산과,2024-09-30
농장,양촌면,충청남도 논산시 양촌면 산직리 15-15,한우,13,충청남도 논산시 축수산과,2024-09-30
농장,은진면,충청남도 논산시 은진면 교촌리 381-2,한우,13,충청남도 논산시 축수산과,2024-09-30
농장,양촌면,충청남도 논산시 양촌면 신흥리 266-1,한우,13,충청남도 논산시 축수산과,2024-09-30
농장,채운면,충청남도 논산시 채운면 화정리 46-1,한우,13,충청남도 논산시 축수산과,2024-09-30
농장,광석면,충청남도 논산시 광석면 득윤리 236-1,한우,13,충청남도 논산시 축수산과,2024-09-30
농장,벌곡면,충청남도 논산시 벌곡면 만목리 376,한우,13,충청남도 논산시 축수산과,2024-09-30
농장,부적면,충청남도 논산시 부적면 외성리 189번지 3,한우,13,충청남도 논산시 축수산과,2024-09-30
윤** 축사,은진면,충청남도 논산시 은진면 토양리 288,한우,12,충청남도 논산시 축수산과,2024-09-30
농장,성동면,충청남도 논산시 광석면 득윤리 236-1,한우,13,충청남도 논산시 축수산과,2024-09-30
농장,강경읍,충청남도 논산시 강경읍 채운리 443-1,한우,13,충청남도 논산시 축수산과,2024-09-30
장** 축사,성동면,충청남도 논산시 성동면 정지리 326,한우,12,충청남도 논산시 축수산과,2024-09-30
농장,가야곡면,충청남도 논산시 가야곡면 육곡리 325-1,한우,13,충청남도 논산시 축수산과,2024-09-30
농장,부적면,충청남도 논산시 부적면 마구평리 28,한우,14,충청남도 논산시 축수산과,2024-09-30
농장,벌곡면,충청남도 논산시 벌곡면 대덕리 305-1,한우,14,충청남도 논산시 축수산과,2024-09-30
농장,양촌면,충청남도 논산시 양촌면 임화리 671-3,한우,14,충청남도 논산시 축수산과,2024-09-30
신** 축사,광석면,충청남도 논산시 광석면 천동리 243-9,한우,12,충청남도 논산시 축수산과,2024-09-30
농장,가야곡면,충청남도 논산시 가야곡면 등리 415,한우,14,충청남도 논산시 축수산과,2024-09-30
농장,연무읍,충청남도 논산시 연무읍 황화정리 89-1,한우,14,충청남도 논산시 축수산과,2024-09-30
농장,상월면,충청남도 논산시 상월면 대명리 205번지 108,한우,14,충청남도 논산시 축수산과,2024-09-30
농장,부적면,충청남도 논산시 부적면 덕평리 289-11,한우,14,충청남도 논산시 축수산과,2024-09-30
농장,벌곡면,충청남도 논산시 벌곡면 한삼천리 25-2,한우,14,충청남도 논산시 축수산과,2024-09-30
농장,성동면,충청남도 논산시 성동면 원봉리 315,한우,14,충청남도 논산시 축수산과,2024-09-30
농장,부적면,충청남도 논산시 부적면 덕평리 23-21,한우,14,충청남도 논산시 축수산과,2024-09-30
농장,상월면,충청남도 논산시 상월면 숙진리 566,한우,14,충청남도 논산시 축수산과,2024-09-30
정** 축사,연산면,충청남도 논산시 연산면 신암리 216,한우,12,충청남도 논산시 축수산과,2024-09-30
농장,채운면,충청남도 논산시 채운면 우기리 159-2,한우,15,충청남도 논산시 축수산과,2024-09-30
농장,연산면,충청남도 논산시 연산면 표정리 352-2,한우,15,충청남도 논산시 축수산과,2024-09-30
농장,양촌면,충청남도 논산시 양촌면 신흥리 302-1,한우,15,충청남도 논산시 축수산과,2024-09-30
농장,양촌면,충청남도 논산시 양촌면 양촌리 238,한우,15,충청남도 논산시 축수산과,2024-09-30
농장,양촌면,충청남도 논산시 양촌면 중산리 476,한우,15,충청남도 논산시 축수산과,2024-09-30
농장,부적면,충청남도 논산시 부적면 덕평리 322-6,한우,15,충청남도 논산시 축수산과,2024-09-30
농장,벌곡면,충청남도 논산시 벌곡면 조동리 47,한우,15,충청남도 논산시 축수산과,2024-09-30
농장,연무읍,충청남도 논산시 연무읍 마전리 801-16,산양,15,충청남도 논산시 축수산과,2024-09-30
농장,연무읍,충청남도 논산시 연무읍 안심리 841-12,한우,15,충청남도 논산시 축수산과,2024-09-30
농장,노성면,충청남도 논산시 노성면 장구리 55,한우,15,충청남도 논산시 축수산과,2024-09-30
농장,연무읍,충청남도 논산시 연무읍 마전리 556,한우,15,충청남도 논산시 축수산과,2024-09-30
 ,벌곡면,충청남도 논산시 벌곡면 신양리 615,한우,13,충청남도 논산시 축수산과,2024-09-30
농장,연산면,충청남도 논산시 연산면 백석리 3-4,사슴,15,충청남도 논산시 축수산과,2024-09-30
농장,벌곡면,충청남도 논산시 벌곡면 조동리 285,한우,15,충청남도 논산시 축수산과,2024-09-30
농장,은진면,충청남도 논산시 은진면 연서리 143-1,한우,15,충청남도 논산시 축수산과,2024-09-30
농장,광석면,충청남도 논산시 광석면 득윤리 480-6,한우,15,충청남도 논산시 축수산과,2024-09-30
농장,연무읍,충청남도 논산시 연무읍 소룡리 562-4,한우,15,충청남도 논산시 축수산과,2024-09-30
농장,노성면,충청남도 논산시 노성면 병사리 148-5,산양,15,충청남도 논산시 축수산과,2024-09-30
농장,광석면,충청남도 논산시 광석면 신당리 669-1,한우,16,충청남도 논산시 축수산과,2024-09-30
농장,양촌면,충청남도 논산시 양촌면 산직리 531-4,한우,16,충청남도 논산시 축수산과,2024-09-30
농장,성동면,충청남도 논산시 성동면 우곤리 1308-1,한우,16,충청남도 논산시 축수산과,2024-09-30
농장,노성면,충청남도 논산시 노성면 병사리 산46-5,한우,16,충청남도 논산시 축수산과,2024-09-30
농장,가야곡면,충청남도 논산시 가야곡면 등리 376-3,한우,16,충청남도 논산시 축수산과,2024-09-30
농장,양촌면,충청남도 논산시 양촌면 인천리 23-1,한우,16,충청남도 논산시 축수산과,2024-09-30
농장,연무읍,충청남도 논산시 연무읍 소룡리 638-77,한우,16,충청남도 논산시 축수산과,2024-09-30
농장,성동면,충청남도 논산시 성동면 월성리 335,한우,16,충청남도 논산시 축수산과,2024-09-30
농장,광석면,충청남도 논산시 광석면 득윤리 480-14,한우,16,충청남도 논산시 축수산과,2024-09-30
농장,은진면,충청남도 논산시 은진면 남산리 55,한우,16,충청남도 논산시 축수산과,2024-09-30
농장,양촌면,충청남도 논산시 양촌면 반암리 269-17,한우,16,충청남도 논산시 축수산과,2024-09-30
농장,연무읍,충청남도 논산시 연무읍 고내리 261,한우,17,충청남도 논산시 축수산과,2024-09-30
농장,연산면,충청남도 논산시 연산면 임리 132-4,한우,17,충청남도 논산시 축수산과,2024-09-30
농장,연무읍,충청남도 논산시 연무읍 황화정리 1043,한우,17,충청남도 논산시 축수산과,2024-09-30
농장,연무읍,충청남도 논산시 연무읍 고내리 산252-2,한우,17,충청남도 논산시 축수산과,2024-09-30
농장,양촌면,충청남도 논산시 양촌면 채광리 103-3,한우,17,충청남도 논산시 축수산과,2024-09-30
농장,노성면,충청남도 논산시 노성면 효죽리 358-2,한우,17,충청남도 논산시 축수산과,2024-09-30
농장,은진면,충청남도 논산시 은진면 교촌리 428-4,한우,17,충청남도 논산시 축수산과,2024-09-30
농장,연산면,충청남도 논산시 연산면 장전리 775-1,한우,18,충청남도 논산시 축수산과,2024-09-30
농장,양촌면,충청남도 논산시 양촌면 반암리 133-1,한우,18,충청남도 논산시 축수산과,2024-09-30
농장,광석면,충청남도 논산시 광석면 항월리 69-1,한우,18,충청남도 논산시 축수산과,2024-09-30
농장,부적면,충청남도 논산시 부적면 외성리 27,한우,19,충청남도 논산시 축수산과,2024-09-30
서림농원,가야곡면,충청남도 논산시 가야곡면 양촌리 527,한우,15,충청남도 논산시 축수산과,2024-09-30
농장,은진면,충청남도 논산시 은진면 용산리 129-2,한우,19,충청남도 논산시 축수산과,2024-09-30
농장,부적면,충청남도 논산시 부적면 외성리 271-1,한우,19,충청남도 논산시 축수산과,2024-09-30
농장,벌곡면,충청남도 논산시 벌곡면 만목리 327,한우,19,충청남도 논산시 축수산과,2024-09-30
농장,등화동,충청남도 논산시 등화동 313-1,한우,19,충청남도 논산시 축수산과,2024-09-30
농장,연무읍,충청남도 논산시 연무읍 고내리 산 162-1,한우,19,충청남도 논산시 축수산과,2024-09-30
농장,연산면,충청남도 논산시 연산면 장전리 143-2,한우,20,충청남도 논산시 축수산과,2024-09-30
농장,가야곡면,충청남도 논산시 가야곡면 야촌리 338,한우,20,충청남도 논산시 축수산과,2024-09-30
농장,양촌면,충청남도 논산시 양촌면 반곡리 266-2,한우,20,충청남도 논산시 축수산과,2024-09-30
농장,부적면,충청남도 논산시 부적면 반송리 326,한우,20,충청남도 논산시 축수산과,2024-09-30
농장,노성면,충청남도 논산시 노성면 송당리 154,한우,20,충청남도 논산시 축수산과,2024-09-30
이** 축사,채운면,충청남도 논산시 채운면 화정리 182-3,한우,15,충청남도 논산시 축수산과,2024-09-30
권**축사,광석면,충청남도 논산시 광석면 산동리 81-1,한우,15,충청남도 논산시 축수산과,2024-09-30
농장,광석면,충청남도 논산시 광석면 항월리 490,한우,20,충청남도 논산시 축수산과,2024-09-30
농장,광석면,충청남도 논산시 광석면 항월리 655-1,한우,20,충청남도 논산시 축수산과,2024-09-30
농장,상월면,충청남도 논산시 상월면 신충리 425,한우,20,충청남도 논산시 축수산과,2024-09-30
농장,연산면,충청남도 논산시 연산면 장전리 166-1,한우,20,충청남도 논산시 축수산과,2024-09-30
농장,광석면,충청남도 논산시 광석면 사월리 306-3,한우,20,충청남도 논산시 축수산과,2024-09-30
농장,성동면,충청남도 논산시 성동면 화정리 76,한우,20,충청남도 논산시 축수산과,2024-09-30
농장,부적면,충청남도 논산시 부적면 아호리 691-4,한우,20,충청남도 논산시 축수산과,2024-09-30
김**축사,부적면,충청남도 논산시 부적면 덕평리 239-1,한우,16,충청남도 논산시 축수산과,2024-09-30
농장,광석면,충청남도 논산시 광석면 율리 310-2,한우,20,충청남도 논산시 축수산과,2024-09-30
농장,부적면,충청남도 논산시 부적면 반송리 194,한우,20,충청남도 논산시 축수산과,2024-09-30
농장,가야곡면,충청남도 논산시 가야곡면 두월리 394-2,한우,20,충청남도 논산시 축수산과,2024-09-30
농장,연무읍,충청남도 논산시 연무읍 마전리 13-2,한우,20,충청남도 논산시 축수산과,2024-09-30
농장,연무읍,충청남도 논산시 연무읍 고내리 산 112,산양,20,충청남도 논산시 축수산과,2024-09-30
농장,연산면,충청남도 논산시 연산면 장전리 315,한우,20,충청남도 논산시 축수산과,2024-09-30
농장,강경읍,충청남도 논산시 강경읍 채운리 371,한우,21,충청남도 논산시 축수산과,2024-09-30
증산축산,광석면,충청남도 논산시 광석면 왕전리 607,한우,16,충청남도 논산시 축수산과,2024-09-30
양** 축사,은진면,충청남도 논산시 은진면 토양리 204,한우,16,충청남도 논산시 축수산과,2024-09-30
농장,성동면,충청남도 논산시 성동면 정지리 389,한우,21,충청남도 논산시 축수산과,2024-09-30
농장,연무읍,충청남도 논산시 연무읍 봉동리 1101-7,한우,21,충청남도 논산시 축수산과,2024-09-30
항월목장,광석면,충청남도 논산시 광석면 항월리 453,한우,17,충청남도 논산시 축수산과,2024-09-30
농장,연무읍,충청남도 논산시 연무읍 고내리 170,한우,21,충청남도 논산시 축수산과,2024-09-30
농장,연무읍,충청남도 논산시 연무읍 황화정리 270-1,한우,21,충청남도 논산시 축수산과,2024-09-30
농장,노성면,충청남도 논산시 노성면 효죽리 184-4,한우,22,충청남도 논산시 축수산과,2024-09-30
윤**축사,연무읍,충청남도 논산시 연무읍 고내리 146-1,한우,17,충청남도 논산시 축수산과,2024-09-30
농장,부적면,충청남도 논산시 부적면 덕평리 349-2,한우,22,충청남도 논산시 축수산과,2024-09-30
농장,성동면,충청남도 논산시 성동면 정지리 240,한우,22,충청남도 논산시 축수산과,2024-09-30
농장,양촌면,충청남도 논산시 양촌면 양촌리 340-1,한우,22,충청남도 논산시 축수산과,2024-09-30
농장,연무읍,충청남도 논산시 연무읍 마전리 697-2,한우,22,충청남도 논산시 축수산과,2024-09-30
농장,연산면,충청남도 논산시 연산면 고정리 276,한우,23,충청남도 논산시 축수산과,2024-09-30
농장,양촌면,충청남도 논산시 양촌면 임화리 285-3,한우,23,충청남도 논산시 축수산과,2024-09-30
농장,광석면,충청남도 논산시 광석면 항월리 366,한우,23,충청남도 논산시 축수산과,2024-09-30
농장,가야곡면,충청남도 논산시 가야곡면 육곡리 109-8,한우,23,충청남도 논산시 축수산과,2024-09-30
농장,은진면,충청남도 논산시 은진면 용산리 541-1,한우,23,충청남도 논산시 축수산과,2024-09-30
농장,연무읍,충청남도 논산시 연무읍 안심리 27-9,한우,24,충청남도 논산시 축수산과,2024-09-30
농장,노성면,충청남도 논산시 노성면 읍내리 63-3,한우,24,충청남도 논산시 축수산과,2024-09-30
농장,연산면,충청남도 논산시 연산면 덕암리 496-1,한우,24,충청남도 논산시 축수산과,2024-09-30
농장,광석면,충청남도 논산시 광석면 중리 142-23,한우,24,충청남도 논산시 축수산과,2024-09-30
농장,노성면,충청남도 논산시 노성면 호암리 230-4,한우,24,충청남도 논산시 축수산과,2024-09-30
농장,가야곡면,충청남도 논산시 가야곡면 왕암리 140-5,한우,25,충청남도 논산시 축수산과,2024-09-30
농장,강경읍,충청남도 논산시 강경읍 채운리 209,한우,25,충청남도 논산시 축수산과,2024-09-30
농장,광석면,충청남도 논산시 광석면 왕전리 594-3,한우,25,충청남도 논산시 축수산과,2024-09-30
농장,부적면,충청남도 논산시 부적면 반송리 482-7,한우,25,충청남도 논산시 축수산과,2024-09-30
농장,양촌면,충청남도 논산시 양촌면 임화리 323-1,한우,25,충청남도 논산시 축수산과,2024-09-30
농장,광석면,충청남도 논산시 광석면 중리 3-1,한우,25,충청남도 논산시 축수산과,2024-09-30
농장,연무읍,충청남도 논산시 연무읍 마전리 862,한우,25,충청남도 논산시 축수산과,2024-09-30
농장,연산면,충청남도 논산시 연산면 송정리 164-18,한우,25,충청남도 논산시 축수산과,2024-09-30
농장,가야곡면,충청남도 논산시 가야곡면 등리 515-1,한우,25,충청남도 논산시 축수산과,2024-09-30
농장,부적면,충청남도 논산시 부적면 신풍리 580,한우,25,충청남도 논산시 축수산과,2024-09-30
노**축사,광석면,충청남도 논산시 광석면 갈산리 426,한우,19,충청남도 논산시 축수산과,2024-09-30
서**축사,가야곡면,충청남도 논산시 가야곡면 육곡리 188,한우,19,충청남도 논산시 축수산과,2024-09-30
농장,상월면,충청남도 논산시 상월면 대명리 135-3,한우,26,충청남도 논산시 축수산과,2024-09-30
농장,연산면,충청남도 논산시 연산면 한전리 31,한우,26,충청남도 논산시 축수산과,2024-09-30
농장,성동면,충청남도 논산시 성동면 정지리 341-5,한우,26,충청남도 논산시 축수산과,2024-09-30
농장,노성면,충청남도 논산시 노성면 병사리 산 46-4,한우,27,충청남도 논산시 축수산과,2024-09-30
농장,양촌면,충청남도 논산시 양촌면 임화리 129-1,한우,27,충청남도 논산시 축수산과,2024-09-30
농장,노성면,충청남도 논산시 노성면 읍내리 23,한우,28,충청남도 논산시 축수산과,2024-09-30
농장,양촌면,충청남도 논산시 양촌면 양촌리 153,한우,28,충청남도 논산시 축수산과,2024-09-30
농장,가야곡면,충청남도 논산시 가야곡면 육곡리 109-6,한우,28,충청남도 논산시 축수산과,2024-09-30
농장,부적면,충청남도 논산시 부적면 아호리 658,한우,29,충청남도 논산시 축수산과,2024-09-30
농장,양촌면,충청남도 논산시 양촌면 반암리 146,한우,29,충청남도 논산시 축수산과,2024-09-30
농장,양촌면,충청남도 논산시 양촌면 임화리 585-1,한우,29,충청남도 논산시 축수산과,2024-09-30
농장,연산면,충청남도 논산시 연산면 백석리 556,한우,30,충청남도 논산시 축수산과,2024-09-30
농장,연산면,충청남도 논산시 연산면 덕암리 133,한우,30,충청남도 논산시 축수산과,2024-09-30
농장,연무읍,충청남도 논산시 연무읍 신화리 304-19,한우,30,충청남도 논산시 축수산과,2024-09-30
농장,연무읍,충청남도 논산시 연무읍 황화정리 178,한우,30,충청남도 논산시 축수산과,2024-09-30
김**축사,광석면,충청남도 논산시 광석면 항월리 17,한우,20,충청남도 논산시 축수산과,2024-09-30
농장,노성면,충청남도 논산시 노성면 효죽리 336-1,한우,30,충청남도 논산시 축수산과,2024-09-30
농장,부적면,충청남도 논산시 부적면 신교리 707-1,한우,30,충청남도 논산시 축수산과,2024-09-30
농장,양촌면,충청남도 논산시 양촌면 석서리 203,한우,30,충청남도 논산시 축수산과,2024-09-30
농장,광석면,충청남도 논산시 광석면 득윤리 678,한우,30,충청남도 논산시 축수산과,2024-09-30
농장,광석면,충청남도 논산시 광석면 득윤리 173-1,한우,30,충청남도 논산시 축수산과,2024-09-30
농장,연무읍,충청남도 논산시 연무읍 신화리 75-1,한우,30,충청남도 논산시 축수산과,2024-09-30
농장,양촌면,충청남도 논산시 양촌면 도평리 519-85,한우,30,충청남도 논산시 축수산과,2024-09-30
농장,연무읍,충청남도 논산시 연무읍 황화정리 578-6,한우,31,충청남도 논산시 축수산과,2024-09-30
농장,연무읍,충청남도 논산시 연무읍 황화정리 570-34,한우,31,충청남도 논산시 축수산과,2024-09-30
농장,연산면,충청남도 논산시 연산면 어은리 256,한우,31,충청남도 논산시 축수산과,2024-09-30
농장,부적면,충청남도 논산시 부적면 외성리 202,한우,31,충청남도 논산시 축수산과,2024-09-30
윤석농원,광석면,충청남도 논산시 광석면 광리 181-32,염소,20,충청남도 논산시 축수산과,2024-09-30
농장,등화동,충청남도 논산시 등화동 68,한우,31,충청남도 논산시 축수산과,2024-09-30
농장,부적면,충청남도 논산시 부적면 마구평리 343-1,한우,33,충청남도 논산시 축수산과,2024-09-30
농장,연산면,충청남도 논산시 연산면 고정리 산8-11,한우,33,충청남도 논산시 축수산과,2024-09-30
아침축산,상월면,충청남도 논산시 상월면 대명리 467-1,한우,20,충청남도 논산시 축수산과,2024-09-30
이** 축사,양촌면,충청남도 논산시 양촌면 반곡리 233,한우,20,충청남도 논산시 축수산과,2024-09-30
농장,은진면,충청남도 논산시 은진면 용산리 145-22,한우,33,충청남도 논산시 축수산과,2024-09-30
김** 축사,은진면,충청남도 논산시 은진면 시묘리 476-2,염소,20,충청남도 논산시 축수산과,2024-09-30
형제축사,가야곡면,충청남도 논산시 가야곡면 등리 724-1,한우,20,충청남도 논산시 축수산과,2024-09-30
오**축사,상월면,충청남도 논산시 상월면 대명리 205-108,한우,20,충청남도 논산시 축수산과,2024-09-30
안** 축사,성동면,충청남도 논산시 성동면 정지리 240,한우,20,충청남도 논산시 축수산과,2024-09-30
농장,성동면,충청남도 논산시 성동면 정지리 319-1,한우,33,충청남도 논산시 축수산과,2024-09-30
농장,부적면,충청남도 논산시 부적면 신교리 199-1,한우,35,충청남도 논산시 축수산과,2024-09-30
태길목장,상월면,충청남도 논산시 상월면 대명리 273-6,한우,21,충청남도 논산시 축수산과,2024-09-30
농장,광석면,충청남도 논산시 광석면 왕전리 552-2,한우,35,충청남도 논산시 축수산과,2024-09-30
농 장,상월면,충청남도 논산시 상월면 대명리 161-13,한우,21,충청남도 논산시 축수산과,2024-09-30
농장,채운면,충청남도 논산시 채운면 장화리 237,한우,35,충청남도 논산시 축수산과,2024-09-30
정** 축사,양촌면,충청남도 논산시 양촌면 임화리 65-1,한우,21,충청남도 논산시 축수산과,2024-09-30
농장,부적면,충청남도 논산시 부적면 외성리 504-36,한우,36,충청남도 논산시 축수산과,2024-09-30
농장,광석면,충청남도 논산시 광석면 오강리 372-2,한우,36,충청남도 논산시 축수산과,2024-09-30
농장,연산면,충청남도 논산시 연산면 신암리 217,한우,37,충청남도 논산시 축수산과,2024-09-30
삼전축산,가야곡면,충청남도 논산시 가야곡면 삼전리 226-5,한우,22,충청남도 논산시 축수산과,2024-09-30
농장,광석면,충청남도 논산시 광석면 오강리 381-1,한우,37,충청남도 논산시 축수산과,2024-09-30
농장,등화동,충청남도 논산시 등화동 425-6,한우,37,충청남도 논산시 축수산과,2024-09-30
농장,광석면,충청남도 논산시 광석면 갈산리 600,한우,40,충청남도 논산시 축수산과,2024-09-30
농장,연무읍,충청남도 논산시 연무읍 마전리 776-11,돼지,40,충청남도 논산시 축수산과,2024-09-30
농장,연무읍,충청남도 논산시 연무읍 황화정리 797-8,한우,40,충청남도 논산시 축수산과,2024-09-30
농장,부적면,충청남도 논산시 부적면 아호리 119-4,한우,40,충청남도 논산시 축수산과,2024-09-30
농장,벌곡면,충청남도 논산시 벌곡면 조동리 121-1,한우,40,충청남도 논산시 축수산과,2024-09-30
농장,연무읍,충청남도 논산시 연무읍 동산리 835-3,한우,40,충청남도 논산시 축수산과,2024-09-30
농장,성동면,충청남도 논산시 성동면 원남리 1061-25,한우,40,충청남도 논산시 축수산과,2024-09-30
농장,상월면,충청남도 논산시 상월면 대명리 47-4,산양,40,충청남도 논산시 축수산과,2024-09-30
농장,상월면,충청남도 논산시 상월면 상도리 411-1,염소,40,충청남도 논산시 축수산과,2024-09-30
농장,연무읍,충청남도 논산시 연무읍 마산리 332,한우,41,충청남도 논산시 축수산과,2024-09-30
농장,채운면,충청남도 논산시 채운면 삼거리 796,한우,41,충청남도 논산시 축수산과,2024-09-30
농장,노성면,충청남도 논산시 노성면 효죽리 62-1,한우,45,충청남도 논산시 축수산과,2024-09-30
농장,성동면,충청남도 논산시 성동면 원봉리 419-2,한우,45,충청남도 논산시 축수산과,2024-09-30
농장,성동면,충청남도 논산시 성동면 우곤리 186-2,한우,46,충청남도 논산시 축수산과,2024-09-30
우암목장,연산면,충청남도 논산시 연산면 덕암리 173-2,한우,24,충청남도 논산시 축수산과,2024-09-30
농장,연무읍,충청남도 논산시 연무읍 마산리 358-16,한우,46,충청남도 논산시 축수산과,2024-09-30
농장,노성면,충청남도 논산시 노성면 병사리 414-6,한우,47,충청남도 논산시 축수산과,2024-09-30
농장,성동면,충청남도 논산시 성동면 원봉리 871-6,한우,50,충청남도 논산시 축수산과,2024-09-30
농장,연무읍,충청남도 논산시 연무읍 고내리 1097-33,한우,50,충청남도 논산시 축수산과,2024-09-30
농장,연산면,충청남도 논산시 연산면 덕암리 130-1,한우,50,충청남도 논산시 축수산과,2024-09-30
농장,연산면,충청남도 논산시 연산면 임리 145-1,한우,50,충청남도 논산시 축수산과,2024-09-30
농장,연무읍,충청남도 논산시 연무읍 신화리 816-5,한우,50,충청남도 논산시 축수산과,2024-09-30
허** 축사,양촌면,충청남도 논산시 양촌면 신기리 359-3,한우,24,충청남도 논산시 축수산과,2024-09-30
광석 한우 단지,광석면,충청남도 논산시 광석면 신당리 66-1,한우,25,충청남도 논산시 축수산과,2024-09-30
조** 축사,광석면,충청남도 논산시 광석면 율리 297-1,한우,25,충청남도 논산시 축수산과,2024-09-30
농장,가야곡면,충청남도 논산시 가야곡면 육곡리 224-1,한우,50,충청남도 논산시 축수산과,2024-09-30
농장,연무읍,충청남도 논산시 연무읍 고내리 1020-10,산양,50,충청남도 논산시 축수산과,2024-09-30
농장,양촌면,충청남도 논산시 양촌면 명암리 234,한우,50,충청남도 논산시 축수산과,2024-09-30
농장,부적면,충청남도 논산시 부적면 반송리 산 14-1,염소,50,충청남도 논산시 축수산과,2024-09-30
농장,광석면,충청남도 논산시 광석면 항월리 8,염소,50,충청남도 논산시 축수산과,2024-09-30
우리한우,연무읍,충청남도 논산시 연무읍 신화리 1357-3,한우,25,충청남도 논산시 축수산과,2024-09-30
농장,연무읍,충청남도 논산시 연무읍 봉동리 1177-8,한우,52,충청남도 논산시 축수산과,2024-09-30
농장,광석면,충청남도 논산시 광석면 천동리 626-1,한우,52,충청남도 논산시 축수산과,2024-09-30
농장,연산면,충청남도 논산시 연산면 덕암리 157,한우,53,충청남도 논산시 축수산과,2024-09-30
농장,연무읍,충청남도 논산시 연무읍 황화정리 575,한우,53,충청남도 논산시 축수산과,2024-09-30
충남한우원,성동면,충청남도 논산시 성동면 화정리 462-5,한우,25,충청남도 논산시 축수산과,2024-09-30
농장,가야곡면,충청남도 논산시 가야곡면 삼전리 105,한우,55,충청남도 논산시 축수산과,2024-09-30
농장,광석면,충청남도 논산시 광석면 천동리 284-2,한우,55,충청남도 논산시 축수산과,2024-09-30
농장,연산면,충청남도 논산시 연산면 오산리 369-4,한우,55,충청남도 논산시 축수산과,2024-09-30
농장,양촌면,충청남도 논산시 양촌면 신기리 189-7,한우,56,충청남도 논산시 축수산과,2024-09-30
농장,성동면,충청남도 논산시 성동면 원남리 1130-4,한우,59,충청남도 논산시 축수산과,2024-09-30
농장,연무읍,충청남도 논산시 연무읍 고내리 239,한우,60,충청남도 논산시 축수산과,2024-09-30
농장,연무읍,충청남도 논산시 연무읍 안심리 169,한우,60,충청남도 논산시 축수산과,2024-09-30
농장,광석면,충청남도 논산시 광석면 광리 179-5,염소,60,충청남도 논산시 축수산과,2024-09-30
농장,연무읍,충청남도 논산시 연무읍 고내리 696,염소,60,충청남도 논산시 축수산과,2024-09-30
농장,연무읍,충청남도 논산시 연무읍 신화리 1386-6,한우,62,충청남도 논산시 축수산과,2024-09-30
농장,노성면,충청남도 논산시 노성면 하도리 산 16-2,한우,66,충청남도 논산시 축수산과,2024-09-30
농장,벌곡면,충청남도 논산시 벌곡면 사정리 426,한우,70,충청남도 논산시 축수산과,2024-09-30
농장,연무읍,충청남도 논산시 연무읍 소룡리 480-5,한우,70,충청남도 논산시 축수산과,2024-09-30
농장,양촌면,충청남도 논산시 양촌면 중산리 318-2,한우,70,충청남도 논산시 축수산과,2024-09-30
갈미축산,광석면,충청남도 논산시 광석면 갈산리 433-5,한우,26,충청남도 논산시 축수산과,2024-09-30
김**축사,상월면,충청남도 논산시 상월면 상도리 68-2,한우,26,충청남도 논산시 축수산과,2024-09-30
농장,가야곡면,충청남도 논산시 가야곡면 목곡리 354-1,산양,70,충청남도 논산시 축수산과,2024-09-30
농장,연산면,충청남도 논산시 연산면 신양리 65,한우,71,충청남도 논산시 축수산과,2024-09-30
농장,성동면,충청남도 논산시 성동면 우곤리 697-2,한우,78,충청남도 논산시 축수산과,2024-09-30
농장,부적면,충청남도 논산시 부적면 덕평리 386-4,한우,90,충청남도 논산시 축수산과,2024-09-30
농장,노성면,충청남도 논산시 노성면 효죽리 113,한우,96,충청남도 논산시 축수산과,2024-09-30
농장,광석면,충청남도 논산시 광석면 왕전리 479,한우,100,충청남도 논산시 축수산과,2024-09-30
농장,연무읍,충청남도 논산시 연무읍 마전리 650-1,육우,100,충청남도 논산시 축수산과,2024-09-30
김** 축사,부적면,충청남도 논산시 부적면 덕평리 349-6,한우,28,충청남도 논산시 축수산과,2024-09-30
정**축사,광석면,충청남도 논산시 광석면 득윤리 225-1,한우,29,충청남도 논산시 축수산과,2024-09-30
농장,성동면,충청남도 논산시 성동면 우곤리 1304-3,한우,100,충청남도 논산시 축수산과,2024-09-30
임**축사,부적면,충청남도 논산시 부적면 신교리 98-3,한우,29,충청남도 논산시 축수산과,2024-09-30
농장,연무읍,충청남도 논산시 연무읍 마전리 298-67,산양,100,충청남도 논산시 축수산과,2024-09-30
농장,성동면,충청남도 논산시 성동면 정지리 81-1,산양,100,충청남도 논산시 축수산과,2024-09-30
농장,가야곡면,충청남도 논산시 가야곡면 삼전리 395-7,한우,100,충청남도 논산시 축수산과,2024-09-30
농장,연산면,충청남도 논산시 연산면 고양리 186-8,염소,100,충청남도 논산시 축수산과,2024-09-30
농장,벌곡면,충청남도 논산시 벌곡면 도산리 328,염소,100,충청남도 논산시 축수산과,2024-09-30
김**축사,노성면,충청남도 논산시 노성면 효죽리 357-6,한우,29,충청남도 논산시 축수산과,2024-09-30
여**축사,성동면,충청남도 논산시 성동면 월성리 335-3,한우,29,충청남도 논산시 축수산과,2024-09-30
농장,광석면,충청남도 논산시 광석면 갈산리 712-2,한우,100,충청남도 논산시 축수산과,2024-09-30
농장,노성면,충청남도 논산시 노성면 죽림리 124-4,한우,100,충청남도 논산시 축수산과,2024-09-30
농장,연무읍,충청남도 논산시 연무읍 신화리 117,한우,110,충청남도 논산시 축수산과,2024-09-30
농장,성동면,충청남도 논산시 성동면 개척리 42,한우,110,충청남도 논산시 축수산과,2024-09-30
농장,성동면,충청남도 논산시 성동면 개척리 28-13,한우,120,충청남도 논산시 축수산과,2024-09-30
농장,연무읍,충청남도 논산시 연무읍 봉동리 1229-8,젖소,130,충청남도 논산시 축수산과,2024-09-30
농장,부적면,충청남도 논산시 부적면 신교리 710-18,한우,130,충청남도 논산시 축수산과,2024-09-30
농장,광석면,충청남도 논산시 광석면 갈산리 712-7,한우,130,충청남도 논산시 축수산과,2024-09-30
농장,광석면,충청남도 논산시 광석면 산동리 82-5,한우,150,충청남도 논산시 축수산과,2024-09-30
유정목장,광석면,충청남도 논산시 광석면 갈산리 518-14,한우,30,충청남도 논산시 축수산과,2024-09-30
농장,가야곡면,충청남도 논산시 가야곡면 목곡리 476-2,한우,193,충청남도 논산시 축수산과,2024-09-30
농장,부적면,충청남도 논산시 부적면 반송리 274-7,산양,300,충청남도 논산시 축수산과,2024-09-30
농장,상월면,충청남도 논산시 상월면 학당리 56-1,돼지,400,충청남도 논산시 축수산과,2024-09-30
농장,광석면,충청남도 논산시 광석면 율리 310-32,돼지,450,충청남도 논산시 축수산과,2024-09-30
농장,부적면,충청남도 논산시 부적면 반송리 478-1,산양,500,충청남도 논산시 축수산과,2024-09-30
농장,광석면,충청남도 논산시 광석면 율리 278,돼지,600,충청남도 논산시 축수산과,2024-09-30
농장,노성면,충청남도 논산시 노성면 하도리 505-20,돼지,900,충청남도 논산시 축수산과,2024-09-30
농장,연무읍,충청남도 논산시 연무읍 동산리 193,돼지,1600,충청남도 논산시 축수산과,2024-09-30
농장,광석면,충청남도 논산시 광석면 중리 175,돼지,1800,충청남도 논산시 축수산과,2024-09-30
농장,연산면,충청남도 논산시 연산면 덕암리 477-2,돼지,3000,충청남도 논산시 축수산과,2024-09-30
늘푸른농장,연무읍,충청남도 논산시 연무읍 신화리 1351-4,한우,400,충청남도 논산시 축수산과,2024-09-30
다복농장,가야곡면,충청남도 논산시 가야곡면 등리 40-4,돼지,850,충청남도 논산시 축수산과,2024-09-30
다솔농장,광석면,충청남도 논산시 광석면 득윤리 105-2,한우,27,충청남도 논산시 축수산과,2024-09-30
다우한우농장,성동면,충청남도 논산시 성동면 우곤리 1536-2,한우,400,충청남도 논산시 축수산과,2024-09-30
달콤농장,은진면,충청남도 논산시 은진면 시묘리 230-7,한우,58,충청남도 논산시 축수산과,2024-09-30
대경농장,광석면,충청남도 논산시 광석면 왕전리 540-2,한우,102,충청남도 논산시 축수산과,2024-09-30
대광농장,양촌면,충청남도 논산시 양촌면 반암리 60-2,한우,17,충청남도 논산시 축수산과,2024-09-30
대광농장,광석면,충청남도 논산시 광석면 중리 162-1,돼지,2000,충청남도 논산시 축수산과,2024-09-30
김** 축사,노성면,충청남도 논산시 노성면 효죽리 122,한우,31,충청남도 논산시 축수산과,2024-09-30
대광농장,광석면,충청남도 논산시 광석면 중리 522-84,돼지,4000,충청남도 논산시 축수산과,2024-09-30
대근농장,연무읍,충청남도 논산시 연무읍 양지리 16-6,돼지,2100,충청남도 논산시 축수산과,2024-09-30
대금성농장,벌곡면,충청남도 논산시 벌곡면 조령리 369-2,한우,19,충청남도 논산시 축수산과,2024-09-30
강**축사,채운면,충청남도 논산시 채운면 심암리 159-8,한우,31,충청남도 논산시 축수산과,2024-09-30
경북목장,노성면,충청남도 논산시 노성면 병사리 332,젖소,32,충청남도 논산시 축수산과,2024-09-30
대길농장,상월면,충청남도 논산시 상월면 석종리 44-1,돼지,300,충청남도 논산시 축수산과,2024-09-30
대림농장,은진면,충청남도 논산시 은진면 성덕리 340-1,한우,20,충청남도 논산시 축수산과,2024-09-30
대명농장,상월면,충청남도 논산시 상월면 대명리 14-68,한우,221,충청남도 논산시 축수산과,2024-09-30
대명한우농장,부적면,충청남도 논산시 부적면 신교리 710-19,한우,70,충청남도 논산시 축수산과,2024-09-30
대박농장,연무읍,충청남도 논산시 연무읍 동산리 323,돼지,500,충청남도 논산시 축수산과,2024-09-30
대성농장,채운면,충청남도 논산시 채운면 심암리 389-1,한우,45,충청남도 논산시 축수산과,2024-09-30
박** 축사,양촌면,충청남도 논산시 양촌면 남산리 464-4,한우,34,충청남도 논산시 축수산과,2024-09-30
대성농장,광석면,충청남도 논산시 광석면 산동리 64-12,한우,70,충청남도 논산시 축수산과,2024-09-30
대성농장,벌곡면,충청남도 논산시 벌곡면 만목리 431-1,돼지,950,충청남도 논산시 축수산과,2024-09-30
대성한우농장,은진면,충청남도 논산시 은진면 용산리 274-2,한우,120,충청남도 논산시 축수산과,2024-09-30
대우농장,상월면,충청남도 논산시 상월면 대우리 238-3,한우,5,충청남도 논산시 축수산과,2024-09-30
장**축사,가야곡면,충청남도 논산시 가야곡면 강청리 333-46,한우,35,충청남도 논산시 축수산과,2024-09-30
대인농장,광석면,충청남도 논산시 광석면 율리 310-71,돼지,350,충청남도 논산시 축수산과,2024-09-30
대인농장,채운면,충청남도 논산시 채운면 우기리 234,돼지,530,충청남도 논산시 축수산과,2024-09-30
소** 축사,광석면,충청남도 논산시 광석면 항월리 24-5,한우,35,충청남도 논산시 축수산과,2024-09-30
대인농장,광석면,충청남도 논산시 광석면 율리 310-70,돼지,828,충청남도 논산시 축수산과,2024-09-30
대풍한우농장,부적면,충청남도 논산시 부적면 신교리 27,한우,105,충청남도 논산시 축수산과,2024-09-30
대홍농장,양촌면,충청남도 논산시 양촌면 반곡리 100,한우,25,충청남도 논산시 축수산과,2024-09-30
더덕농장,광석면,충청남도 논산시 광석면 사월리 292-23,한우,100,충청남도 논산시 축수산과,2024-09-30
김**축사,부적면,충청남도 논산시 부적면 덕평리 782-1,한우,36,충청남도 논산시 축수산과,2024-09-30
덕성1농장,가야곡면,충청남도 논산시 가야곡면 강청리 611-2,한우,80,충청남도 논산시 축수산과,2024-09-30
덕성2농장,가야곡면,충청남도 논산시 가야곡면 강청리 152-4,한우,24,충청남도 논산시 축수산과,2024-09-30
덕일농장,은진면,충청남도 논산시 은진면 남산리 산 29-3,돼지,21,충청남도 논산시 축수산과,2024-09-30
덕일농장,성동면,충청남도 논산시 성동면 삼산리 372-5,젖소,39,충청남도 논산시 축수산과,2024-09-30
광석한우단지,광석면,충청남도 논산시 광석면 신당리 66-1,한우,38,충청남도 논산시 축수산과,2024-09-30
덕진 2 농장,은진면,충청남도 논산시 은진면 시묘리 57-1,돼지,3400,충청남도 논산시 축수산과,2024-09-30
덕진농장,연무읍,충청남도 논산시 연무읍 동산리 197-2,돼지,1800,충청남도 논산시 축수산과,2024-09-30
일환축사,성동면,충청남도 논산시 성동면 원남리 921,한우,39,충청남도 논산시 축수산과,2024-09-30
도담 염소농장,노성면,충청남도 논산시 노성면 죽림리 364-8,염소,70,충청남도 논산시 축수산과,2024-09-30
도**농장,성동면,충청남도 논산시 성동면 우곤리 88-4,한우,13,충청남도 논산시 축수산과,2024-09-30
동명농장,노성면,충청남도 논산시 노성면 하도리 368,돼지,2557,충청남도 논산시 축수산과,2024-09-30
동아원 시험농장,지산동,충청남도 논산시 지산동 523,육우,1250,충청남도 논산시 축수산과,2024-09-30
동옥농장,성동면,충청남도 논산시 성동면 우곤리 17-5,돼지,1200,충청남도 논산시 축수산과,2024-09-30
동원농장,광석면,충청남도 논산시 광석면 율리 310-46,한우,35,충청남도 논산시 축수산과,2024-09-30
동제농장,광석면,충청남도 논산시 광석면 신당리 10-3,한우,50,충청남도 논산시 축수산과,2024-09-30
동해농장,상월면,충청남도 논산시 상월면 대명리 132-2,한우,19,충청남도 논산시 축수산과,2024-09-30
동현농장,양촌면,충청남도 논산시 양촌면 도평리 30,돼지,700,충청남도 논산시 축수산과,2024-09-30
두레농장,연무읍,충청남도 논산시 연무읍 양지리 16-5,돼지,1374,충청남도 논산시 축수산과,2024-09-30
두월농장,가야곡면,충청남도 논산시 가야곡면 두월리 478,한우,107,충청남도 논산시 축수산과,2024-09-30
득윤농장,광석면,충청남도 논산시 광석면 득윤리 566-13,돼지,500,충청남도 논산시 축수산과,2024-09-30
마산농장,연무읍,충청남도 논산시 연무읍 마산리 524,한우,30,충청남도 논산시 축수산과,2024-09-30
만수농장,부적면,충청남도 논산시 부적면 신교리 283,한우,21,충청남도 논산시 축수산과,2024-09-30
만우농장,연무읍,충청남도 논산시 연무읍 신화리 1353-10,한우,50,충청남도 논산시 축수산과,2024-09-30
E.G.FARM,성동면,충청남도 논산시 성동면 우곤리 762,한우,40,충청남도 논산시 축수산과,2024-09-30
맘보농장,상월면,충청남도 논산시 상월면 대명리 409,한우,10,충청남도 논산시 축수산과,2024-09-30
명성농장,채운면,충청남도 논산시 채운면 심암리 174-14,한우,15,충청남도 논산시 축수산과,2024-09-30
명천농장,연무읍,충청남도 논산시 연무읍 마전리 768-46,돼지,2301,충청남도 논산시 축수산과,2024-09-30
명현농장,광석면,충청남도 논산시 광석면 갈산리 120-1,젖소,80,충청남도 논산시 축수산과,2024-09-30
종현목장,광석면,충청남도 논산시 광석면 왕전리 514-47,젖소,40,충청남도 논산시 축수산과,2024-09-30
명현농장,연무읍,충청남도 논산시 연무읍 동산리 388,돼지,2500,충청남도 논산시 축수산과,2024-09-30
문교농장,광석면,충청남도 논산시 광석면 득윤리 42-29,한우,26,충청남도 논산시 축수산과,2024-09-30
문성광석농장,광석면,충청남도 논산시 광석면 중리 161-2,돼지,70,충청남도 논산시 축수산과,2024-09-30
문성농장2,연무읍,충청남도 논산시 연무읍 고내리 628-7,돼지,2508,충청남도 논산시 축수산과,2024-09-30
홍**축사,양촌면,충청남도 논산시 양촌면 임화리 529,한우,41,충청남도 논산시 축수산과,2024-09-30
거성 그린목장,연산면,충청남도 논산시 연산면 표정리 137-4,한우,43,충청남도 논산시 축수산과,2024-09-30
명품한우,가야곡면,충청남도 논산시 가야곡면 삼전리 231-4,한우,44,충청남도 논산시 축수산과,2024-09-30
민농장,광석면,충청남도 논산시 광석면 율리 310-48,돼지,680,충청남도 논산시 축수산과,2024-09-30
민영농장,채운면,충청남도 논산시 채운면 삼거리 1010-3,한우,4,충청남도 논산시 축수산과,2024-09-30
박**농장,연무읍,충청남도 논산시 연무읍 금곡리 117-12,한우,7,충청남도 논산시 축수산과,2024-09-30
박**농장,연무읍,충청남도 논산시 연무읍 신화리 325-19,한우,33,충청남도 논산시 축수산과,2024-09-30
박**농장,양촌면,충청남도 논산시 양촌면 거사리 325-1,한우,20,충청남도 논산시 축수산과,2024-09-30
박**농장,채운면,충청남도 논산시 채운면 심암리 58-2,한우,29,충청남도 논산시 축수산과,2024-09-30
김**축사,양촌면,충청남도 논산시 양촌면 도평리 507-4,한우,46,충청남도 논산시 축수산과,2024-09-30
밤비네농장,등화동,충청남도 논산시 등화동 398-3,사슴,2,충청남도 논산시 축수산과,2024-09-30
방**농장,채운면,충청남도 논산시 채운면 용화리 56,한우,8,충청남도 논산시 축수산과,2024-09-30
방주농장,노성면,충청남도 논산시 노성면 죽림리 29-11,돼지,2000,충청남도 논산시 축수산과,2024-09-30
우리목장,상월면,충청남도 논산시 상월면 석종리 42-2,젖소,49,충청남도 논산시 축수산과,2024-09-30
백석농장,연산면,충청남도 논산시 연산면 어은리 617-3,돼지,2500,충청남도 논산시 축수산과,2024-09-30
황화목장,연무읍,충청남도 논산시 연무읍 황화정리 459-1,젖소,50,충청남도 논산시 축수산과,2024-09-30
부부농장,노성면,충청남도 논산시 노성면 송당리 252,한우,18,충청남도 논산시 축수산과,2024-09-30
부성농장,광석면,충청남도 논산시 광석면 오강리 83,한우,68,충청남도 논산시 축수산과,2024-09-30
윤** 축사,노성면,충청남도 논산시 노성면 송당리 266-1,한우,50,충청남도 논산시 축수산과,2024-09-30
부원농장,가야곡면,충청남도 논산시 가야곡면 등리 386,한우,25,충청남도 논산시 축수산과,2024-09-30
부윤농장,부적면,충청남도 논산시 부적면 왕덕리 443-1,한우,30,충청남도 논산시 축수산과,2024-09-30
비룡농장,성동면,충청남도 논산시 성동면 원남리 1061-25,한우,130,충청남도 논산시 축수산과,2024-09-30
광석 한우 단지,광석면,충청남도 논산시 광석면 신당리 66-2,한우,50,충청남도 논산시 축수산과,2024-09-30
비오농장,연무읍,충청남도 논산시 연무읍 양지리 16-5,돼지,1200,충청남도 논산시 축수산과,2024-09-30
고내목장,연무읍,충청남도 논산시 연무읍 봉동리 1294-10,젖소,50,충청남도 논산시 축수산과,2024-09-30
빛나농장,벌곡면,충청남도 논산시 벌곡면 신양리 455-3,염소,1,충청남도 논산시 축수산과,2024-09-30
형제축산,양촌면,충청남도 논산시 양촌면 반암리 268-5,한우,50,충청남도 논산시 축수산과,2024-09-30
사암농장,연산면,충청남도 논산시 연산면 사포리 583-8,한우,70,충청남도 논산시 축수산과,2024-09-30
사포농장,연산면,충청남도 논산시 연산면 사포리 194-3,돼지,7000,충청남도 논산시 축수산과,2024-09-30
승환목장,연산면,충청남도 논산시 연산면 백석리 630-4,한우,50,충청남도 논산시 축수산과,2024-09-30
산동농장,연무읍,충청남도 논산시 연무읍 양지리 27,돼지,1500,충청남도 논산시 축수산과,2024-09-30
삼구농장,부적면,충청남도 논산시 부적면 덕평리 796-2,한우,80,충청남도 논산시 축수산과,2024-09-30
삼남농장,연산면,충청남도 논산시 연산면 사포리 196-64,산양,11,충청남도 논산시 축수산과,2024-09-30
삼성2농장,연무읍,충청남도 논산시 연무읍 양지리 16-104,돼지,2800,충청남도 논산시 축수산과,2024-09-30
삼은농장,성동면,충청남도 논산시 성동면 원봉리 417-6,염소,84,충청남도 논산시 축수산과,2024-09-30
삼익농장,부적면,충청남도 논산시 부적면 아호리 680-1,한우,197,충청남도 논산시 축수산과,2024-09-30
삼일농장,채운면,충청남도 논산시 채운면 삼거리 900-1,한우,50,충청남도 논산시 축수산과,2024-09-30
삼천리농장,가야곡면,충청남도 논산시 가야곡면 목곡리 437-8,한우,4,충청남도 논산시 축수산과,2024-09-30
삼호농장,성동면,충청남도 논산시 성동면 삼호리 26,한우,29,충청남도 논산시 축수산과,2024-09-30
삼흥농장,노성면,충청남도 논산시 노성면 죽림리 242-4,한우,15,충청남도 논산시 축수산과,2024-09-30
상봉농장,연무읍,충청남도 논산시 연무읍 봉동리 1186-7,젖소,130,충청남도 논산시 축수산과,2024-09-30
상현농장,광석면,충청남도 논산시 광석면 율리 318,돼지,650,충청남도 논산시 축수산과,2024-09-30
새마을농장,부적면,충청남도 논산시 부적면 덕평리 781-1,한우,60,충청남도 논산시 축수산과,2024-09-30
새하늘농장,상월면,충청남도 논산시 상월면 석종리 525-4,한우,3,충청남도 논산시 축수산과,2024-09-30
샘터농장,연산면,충청남도 논산시 연산면 관동리 255-1,돼지,785,충청남도 논산시 축수산과,2024-09-30
생동농장,연무읍,충청남도 논산시 연무읍 봉동리 1254-2,젖소,45,충청남도 논산시 축수산과,2024-09-30
진철목장,연산면,충청남도 논산시 연산면 신암리 95,젖소,50,충청남도 논산시 축수산과,2024-09-30
서반농장,노성면,충청남도 논산시 노성면 죽림리 119-8,한우,70,충청남도 논산시 축수산과,2024-09-30
황용목장,부적면,충청남도 논산시 부적면 감곡리 2-1,젖소,51,충청남도 논산시 축수산과,2024-09-30
서반농장,광석면,충청남도 논산시 광석면 산동리 82-8,한우,229,충청남도 논산시 축수산과,2024-09-30
서**농장,양촌면,충청남도 논산시 양촌면 중산리 385-1,한우,10,충청남도 논산시 축수산과,2024-09-30
서영농장,은진면,충청남도 논산시 은진면 와야리 30-2,한우,41,충청남도 논산시 축수산과,2024-09-30
서촌농장,연무읍,충청남도 논산시 연무읍 금곡리 337-10,한우,5,충청남도 논산시 축수산과,2024-09-30
석갈농장,성동면,충청남도 논산시 성동면 원북리 149-1,돼지,800,충청남도 논산시 축수산과,2024-09-30
석암농장,광석면,충청남도 논산시 광석면 중리 7-4,한우,169,충청남도 논산시 축수산과,2024-09-30
석원농장,은진면,충청남도 논산시 은진면 토양리 515-2,돼지,3600,충청남도 논산시 축수산과,2024-09-30
선미농장,노성면,충청남도 논산시 노성면 장구리 59,한우,70,충청남도 논산시 축수산과,2024-09-30
황금물결,양촌면,충청남도 논산시 양촌면 도평리 503,한우,54,충청남도 논산시 축수산과,2024-09-30
선일2농장,광석면,충청남도 논산시 광석면 율리 308-3,돼지,772,충청남도 논산시 축수산과,2024-09-30
선일농장,채운면,충청남도 논산시 채운면 화산리 183-3,사슴,10,충청남도 논산시 축수산과,2024-09-30
이젠축산,은진면,충청남도 논산시 은진면 방축리 697,육우,55,충청남도 논산시 축수산과,2024-09-30
선일농장,광석면,충청남도 논산시 광석면 율리 310-39,돼지,436,충청남도 논산시 축수산과,2024-09-30
선진농장,성동면,충청남도 논산시 성동면 원봉리 592-23,돼지,1000,충청남도 논산시 축수산과,2024-09-30
선희네농장,양촌면,충청남도 논산시 양촌면 반암리 104-3,한우,7,충청남도 논산시 축수산과,2024-09-30
설** 축사,연무읍,충청남도 논산시 연무읍 신화리 1353-2,한우,55,충청남도 논산시 축수산과,2024-09-30
성광농장,광석면,충청남도 논산시 광석면 율리 316,한우,6,충청남도 논산시 축수산과,2024-09-30
이찬재축사,노성면,충청남도 논산시 노성면 송당리 61-2,한우,56,충청남도 논산시 축수산과,2024-09-30
성동농장,성동면,충청남도 논산시 성동면 원봉리 503,염소,40,충청남도 논산시 축수산과,2024-09-30
성동농장,성동면,충청남도 논산시 성동면 우곤리 28-5,돼지,2000,충청남도 논산시 축수산과,2024-09-30
성림농장,부적면,충청남도 논산시 부적면 반송리 454-8,한우,40,충청남도 논산시 축수산과,2024-09-30
성심농장,성동면,충청남도 논산시 성동면 우곤리 190-3,염소,15,충청남도 논산시 축수산과,2024-09-30
위농축산,가야곡면,충청남도 논산시 가야곡면 두월리 7,한우,60,충청남도 논산시 축수산과,2024-09-30
성웅농장,광석면,충청남도 논산시 광석면 득윤리 810-1,한우,100,충청남도 논산시 축수산과,2024-09-30
성원농장,노성면,충청남도 논산시 노성면 장구리 264-3,한우,40,충청남도 논산시 축수산과,2024-09-30
성** 농장,가야곡면,충청남도 논산시 가야곡면 삼전리 219-1,한우,2,충청남도 논산시 축수산과,2024-09-30
훈이목장,연무읍,충청남도 논산시 연무읍 고내리 1040-58,젖소,60,충청남도 논산시 축수산과,2024-09-30
세원농장,광석면,충청남도 논산시 광석면 율리 310-56,돼지,649,충청남도 논산시 축수산과,2024-09-30
화정목장,성동면,충청남도 논산시 성동면 삼산리 143,젖소,60,충청남도 논산시 축수산과,2024-09-30
성형목장,가야곡면,충청남도 논산시 가야곡면 등리 339-28,한우,60,충청남도 논산시 축수산과,2024-09-30
세종농장,성동면,충청남도 논산시 성동면 원봉리 560-2,한우,60,충청남도 논산시 축수산과,2024-09-30
소영농장,연무읍,충청남도 논산시 연무읍 동산리 573-3,한우,48,충청남도 논산시 축수산과,2024-09-30
솔염소농장,양촌면,충청남도 논산시 양촌면 석서리 173-1,산양,300,충청남도 논산시 축수산과,2024-09-30
송림2농장,성동면,충청남도 논산시 성동면 우곤리 434,한우,29,충청남도 논산시 축수산과,2024-09-30
송림농장,강경읍,충청남도 논산시 강경읍 채운리 192,사슴,25,충청남도 논산시 축수산과,2024-09-30
송산농장,연산면,충청남도 논산시 연산면 송산리 531-9,한우,154,충청남도 논산시 축수산과,2024-09-30
야곱목장2,성동면,충청남도 논산시 성동면 우곤리 1424-5,젖소,61,충청남도 논산시 축수산과,2024-09-30
은혜목장,노성면,충청남도 논산시 노성면 장구리 172-15,젖소,62,충청남도 논산시 축수산과,2024-09-30
송암농장,성동면,충청남도 논산시 성동면 원남리 1058,한우,190,충청남도 논산시 축수산과,2024-09-30
정**축사,연무읍,충청남도 논산시 연무읍 신화리 530-3,한우,63,충청남도 논산시 축수산과,2024-09-30
송** 농장,성동면,충청남도 논산시 성동면 우곤리 1536-1,한우,232,충청남도 논산시 축수산과,2024-09-30
형제한우영농조합법인,양촌면,충청남도 논산시 양촌면 중산리 350-1,한우,65,충청남도 논산시 축수산과,2024-09-30
수성농장,광석면,충청남도 논산시 광석면 득윤리 1053-1,한우,174,충청남도 논산시 축수산과,2024-09-30
왕전목장,광석면,충청남도 논산시 광석면 사월리 177-30,젖소,65,충청남도 논산시 축수산과,2024-09-30
수아농장,양촌면,충청남도 논산시 양촌면 석서리 95-1,한우,23,충청남도 논산시 축수산과,2024-09-30
은진목장,연무읍,충청남도 논산시 연무읍 죽본리 219,젖소,67,충청남도 논산시 축수산과,2024-09-30
수암농장,양촌면,충청남도 논산시 양촌면 명암리 127-1,젖소,109,충청남도 논산시 축수산과,2024-09-30
수청농장,연무읍,충청남도 논산시 연무읍 동산리 480,돼지,950,충청남도 논산시 축수산과,2024-09-30
순수농장,연무읍,충청남도 논산시 연무읍 마전리 985-19,젖소,150,충청남도 논산시 축수산과,2024-09-30
승승농장,양촌면,충청남도 논산시 양촌면 석서리 26-1,한우,13,충청남도 논산시 축수산과,2024-09-30
승원농장,연산면,충청남도 논산시 연산면 임리 55-5,한우,30,충청남도 논산시 축수산과,2024-09-30
시온농장,연무읍,충청남도 논산시 연무읍 황화정리 460-2,한우,30,충청남도 논산시 축수산과,2024-09-30
신광농장,연산면,충청남도 논산시 연산면 신양리 392-2,한우,18,충청남도 논산시 축수산과,2024-09-30
신교농장,부적면,충청남도 논산시 부적면 신교리 672-1,한우,78,충청남도 논산시 축수산과,2024-09-30
신흥목장,광석면,충청남도 논산시 광석면 왕전리 514-35,한우,70,충청남도 논산시 축수산과,2024-09-30
신당농장,광석면,충청남도 논산시 광석면 신당리 91-76,한우,40,충청남도 논산시 축수산과,2024-09-30
신당농장,광석면,충청남도 논산시 광석면 신당리 208-17,한우,70,충청남도 논산시 축수산과,2024-09-30
신**염소농장,채운면,충청남도 논산시 채운면 용화리 400,염소,12,충청남도 논산시 축수산과,2024-09-30
신동방농장,은진면,충청남도 논산시 은진면 시묘리 328,한우,126,충청남도 논산시 축수산과,2024-09-30
신림농장,연산면,충청남도 논산시 연산면 임리 186-1,한우,108,충청남도 논산시 축수산과,2024-09-30
신림농장,노성면,충청남도 논산시 노성면 노티리 28-3,돼지,2431,충청남도 논산시 축수산과,2024-09-30
신풍농장,부적면,충청남도 논산시 부적면 신풍리 261-2,한우,24,충청남도 논산시 축수산과,2024-09-30
(주)도드람양돈서비스,양촌면,충청남도 논산시 양촌면 석서리 397-1,돼지,70,충청남도 논산시 축수산과,2024-09-30
신풍농장,부적면,충청남도 논산시 부적면 신풍리 277-1,염소,40,충청남도 논산시 축수산과,2024-09-30
신화농장,연무읍,충청남도 논산시 연무읍 신화리 1353-1,한우,50,충청남도 논산시 축수산과,2024-09-30
신화농장,연무읍,충청남도 논산시 연무읍 양지리 16-16,돼지,2500,충청남도 논산시 축수산과,2024-09-30
심**농장,상월면,충청남도 논산시 상월면 대우리 산 1,한우,310,충청남도 논산시 축수산과,2024-09-30
심암농장,채운면,충청남도 논산시 채운면 심암리 148-1,한우,10,충청남도 논산시 축수산과,2024-09-30
보배목장,채운면,충청남도 논산시 채운면 심암리 30,젖소,72,충청남도 논산시 축수산과,2024-09-30
황산벌한우,광석면,충청남도 논산시 광석면 득윤리 639,한우,72,충청남도 논산시 축수산과,2024-09-30
조**축사,광석면,충청남도 논산시 광석면 오강리 480,한우,72,충청남도 논산시 축수산과,2024-09-30
이**축사,광석면,충청남도 논산시 광석면 오강리 54-6,한우,72,충청남도 논산시 축수산과,2024-09-30
조** 축사,광석면,충청남도 논산시 광석면 신당리 610-61,한우,72,충청남도 논산시 축수산과,2024-09-30
김**축사,은진면,충청남도 논산시 은진면 남산리 36,한우,72,충청남도 논산시 축수산과,2024-09-30
김**축사,양촌면,충청남도 논산시 양촌면 채광리 208-7,한우,75,충청남도 논산시 축수산과,2024-09-30
신**축사,광석면,충청남도 논산시 광석면 율리 43-1,한우,76,충청남도 논산시 축수산과,2024-09-30
심암농장,채운면,충청남도 논산시 채운면 심암리 57-2,한우,144,충청남도 논산시 축수산과,2024-09-30
쌍둥이 농장,양촌면,충청남도 논산시 양촌면 거사리 138-1,한우,90,충청남도 논산시 축수산과,2024-09-30
아남농장,양촌면,충청남도 논산시 양촌면 중산리 723,한우,152,충청남도 논산시 축수산과,2024-09-30
아우라 농장,벌곡면,충청남도 논산시 벌곡면 만목리 47-1,돼지,1500,충청남도 논산시 축수산과,2024-09-30
동아목장,성동면,충청남도 논산시 성동면 화정리 307-3,젖소,80,충청남도 논산시 축수산과,2024-09-30
강청목장,가야곡면,충청남도 논산시 가야곡면 강청리 371-2,젖소,80,충청남도 논산시 축수산과,2024-09-30
야곱농장,성동면,충청남도 논산시 성동면 우곤리 150-1,젖소,40,충청남도 논산시 축수산과,2024-09-30
야촌농장,가야곡면,충청남도 논산시 가야곡면 야촌리 285,한우,35,충청남도 논산시 축수산과,2024-09-30
야훼농장,상월면,충청남도 논산시 상월면 대명리 252-11,한우,15,충청남도 논산시 축수산과,2024-09-30
양암농장,상월면,충청남도 논산시 상월면 대명리 327-5,한우,59,충청남도 논산시 축수산과,2024-09-30
양암농장,상월면,충청남도 논산시 상월면 대명리 334-3,돼지,1000,충청남도 논산시 축수산과,2024-09-30
양암한우농장,상월면,충청남도 논산시 상월면 석종리 60-27,한우,50,충청남도 논산시 축수산과,2024-09-30
마전목장,연무읍,충청남도 논산시 연무읍 마전리 768-20,젖소,84,충청남도 논산시 축수산과,2024-09-30
섭이네목장,광석면,충청남도 논산시 광석면 갈산리 169-1,젖소,85,충청남도 논산시 축수산과,2024-09-30
양유농장,노성면,충청남도 논산시 노성면 병사리 180,한우,8,충청남도 논산시 축수산과,2024-09-30
양재농장,연무읍,충청남도 논산시 연무읍 마전리 92-2,한우,18,충청남도 논산시 축수산과,2024-09-30
양지농장,연무읍,충청남도 논산시 연무읍 봉동리 6,돼지,1830,충청남도 논산시 축수산과,2024-09-30
양지농장2,광석면,충청남도 논산시 광석면 중리 522-11,돼지,1000,충청남도 논산시 축수산과,2024-09-30
어곡농장,벌곡면,충청남도 논산시 벌곡면 어곡리 411,돼지,715,충청남도 논산시 축수산과,2024-09-30
에벤에셀농장,광석면,충청남도 논산시 광석면 중리 161,돼지,2000,충청남도 논산시 축수산과,2024-09-30
동호목장,상월면,충청남도 논산시 상월면 신충리 134-10,젖소,93,충청남도 논산시 축수산과,2024-09-30
연산농장,연산면,충청남도 논산시 연산면 장전리 344-1,돼지,2500,충청남도 논산시 축수산과,2024-09-30
연암농장,노성면,충청남도 논산시 노성면 구암리 234-3,돼지,1810,충청남도 논산시 축수산과,2024-09-30
연암농장2,광석면,충청남도 논산시 광석면 율리 310-9,돼지,1181,충청남도 논산시 축수산과,2024-09-30
연암농장3,광석면,충청남도 논산시 광석면 율리 308-21,돼지,430,충청남도 논산시 축수산과,2024-09-30
연합농장,양촌면,충청남도 논산시 양촌면 모촌리 142,돼지,4000,충청남도 논산시 축수산과,2024-09-30
범호농원,가야곡면,충청남도 논산시 가야곡면 양촌리 380-5,한우,100,충청남도 논산시 축수산과,2024-09-30
지족목장,부적면,충청남도 논산시 부적면 신교리 708-2,한우,100,충청남도 논산시 축수산과,2024-09-30
영섭농장,성동면,충청남도 논산시 성동면 정지리 271-1,한우,70,충청남도 논산시 축수산과,2024-09-30
영이농장,등화동,충청남도 논산시 등화동 108-7,한우,13,충청남도 논산시 축수산과,2024-09-30
영진농장,은진면,충청남도 논산시 은진면 교촌리 376-3,한우,1,충청남도 논산시 축수산과,2024-09-30
영진농장,광석면,충청남도 논산시 광석면 율리 317,한우,47,충청남도 논산시 축수산과,2024-09-30
영화농장,상월면,충청남도 논산시 상월면 지경리 101-1,한우,50,충청남도 논산시 축수산과,2024-09-30
예원농장,가야곡면,충청남도 논산시 가야곡면 강청리 609,한우,92,충청남도 논산시 축수산과,2024-09-30
오산농장,연산면,충청남도 논산시 연산면 오산리 371-18,한우,229,충청남도 논산시 축수산과,2024-09-30
오산농장2,연산면,충청남도 논산시 연산면 오산리 371-15,한우,132,충청남도 논산시 축수산과,2024-09-30
오**농장,은진면,충청남도 논산시 은진면 토양리 175-1,한우,50,충청남도 논산시 축수산과,2024-09-30
오일농장,연무읍,충청남도 논산시 연무읍 양지리 17,돼지,3000,충청남도 논산시 축수산과,2024-09-30
왕덕농장,연산면,충청남도 논산시 연산면 장전리 426,한우,35,충청남도 논산시 축수산과,2024-09-30
김** 축사,광석면,충청남도 논산시 광석면 중리 533-10,한우,100,충청남도 논산시 축수산과,2024-09-30
선진,연산면,충청남도 논산시 연산면 송산리 536-1,한우,100,충청남도 논산시 축수산과,2024-09-30
이** 축사,연무읍,충청남도 논산시 연무읍 신화리 1355-2,한우,100,충청남도 논산시 축수산과,2024-09-30
외성농장,부적면,충청남도 논산시 부적면 외성리 234-6,한우,53,충청남도 논산시 축수산과,2024-09-30
외송농장,연무읍,충청남도 논산시 연무읍 봉동리 1144-4,한우,19,충청남도 논산시 축수산과,2024-09-30
요동농장,양촌면,충청남도 논산시 양촌면 반암리 108,염소,6,충청남도 논산시 축수산과,2024-09-30
용범농장,채운면,충청남도 논산시 채운면 심암리 27,돼지,1000,충청남도 논산시 축수산과,2024-09-30
김**축사2,광석면,충청남도 논산시 광석면 갈산리 465-2,한우,105,충청남도 논산시 축수산과,2024-09-30
용성농장,연무읍,충청남도 논산시 연무읍 소룡리 495-2,돼지,600,충청남도 논산시 축수산과,2024-09-30
강**축사2,광석면,충청남도 논산시 광석면 중리 545-3,한우,107,충청남도 논산시 축수산과,2024-09-30
용호농장,상월면,충청남도 논산시 상월면 월오리 651-3,한우,29,충청남도 논산시 축수산과,2024-09-30
우곤농장,성동면,충청남도 논산시 성동면 우곤리 45,돼지,2000,충청남도 논산시 축수산과,2024-09-30
우리농장,연산면,충청남도 논산시 연산면 어은리 617-3,돼지,1900,충청남도 논산시 축수산과,2024-09-30
우성농장,연무읍,충청남도 논산시 연무읍 황화정리 1409-1,한우,16,충청남도 논산시 축수산과,2024-09-30
우연농장,부적면,충청남도 논산시 부적면 외성리 269-1,한우,102,충청남도 논산시 축수산과,2024-09-30
반암축산,양촌면,충청남도 논산시 양촌면 반암리 254-2,한우,114,충청남도 논산시 축수산과,2024-09-30
이**축사,가야곡면,충청남도 논산시 가야곡면 왕암리 140-8,한우,115,충청남도 논산시 축수산과,2024-09-30
우일농장,노성면,충청남도 논산시 노성면 읍내리 123-1,한우,50,충청남도 논산시 축수산과,2024-09-30
원남농장,성동면,충청남도 논산시 성동면 원남리 653-2,한우,10,충청남도 논산시 축수산과,2024-09-30
도**축사1,연산면,충청남도 논산시 연산면 어은리 512,한우,123,충청남도 논산시 축수산과,2024-09-30
원농장,연무읍,충청남도 논산시 연무읍 마전리 1062-9,돼지,3300,충청남도 논산시 축수산과,2024-09-30
원스농장,은진면,충청남도 논산시 은진면 연서리 산 25-1,산양,30,충청남도 논산시 축수산과,2024-09-30
월성농장,연무읍,충청남도 논산시 연무읍 황화정리 797-8,육우,2,충청남도 논산시 축수산과,2024-09-30
영무목장,광석면,충청남도 논산시 광석면 항월리 170,젖소,130,충청남도 논산시 축수산과,2024-09-30
용강목장,연산면,충청남도 논산시 연산면 신암리 87- 6,젖소,130,충청남도 논산시 축수산과,2024-09-30
월성농장,연무읍,충청남도 논산시 연무읍 황화정리 200- 7,젖소,80,충청남도 논산시 축수산과,2024-09-30
월촌농장,상월면,충청남도 논산시 상월면 대촌리 377,염소,30,충청남도 논산시 축수산과,2024-09-30
유**농장,상월면,충청남도 논산시 상월면 상도리 346-1,한우,23,충청남도 논산시 축수산과,2024-09-30
대한목장,벌곡면,충청남도 논산시 벌곡면 양산리 383,젖소,130,충청남도 논산시 축수산과,2024-09-30
유니농장,연산면,충청남도 논산시 연산면 송산리 536-1,한우,215,충청남도 논산시 축수산과,2024-09-30
유**농장,은진면,충청남도 논산시 은진면 방축리 668,한우,5,충청남도 논산시 축수산과,2024-09-30
유정농장,연무읍,충청남도 논산시 연무읍 황화정리 570-7,한우,11,충청남도 논산시 축수산과,2024-09-30
이**축사,노성면,충청남도 논산시 노성면 호암리 222-4,한우,133,충청남도 논산시 축수산과,2024-09-30
장** 축사,광석면,충청남도 논산시 광석면 산동리 385-11,한우,138,충청남도 논산시 축수산과,2024-09-30
거사목장,양촌면,충청남도 논산시 양촌면 거사리 346-1,젖소,140,충청남도 논산시 축수산과,2024-09-30
최**축사,연산면,충청남도 논산시 연산면 어은리 438,한우,142,충청남도 논산시 축수산과,2024-09-30
유희농장,연산면,충청남도 논산시 연산면 장전리 421,한우,60,충청남도 논산시 축수산과,2024-09-30
율리농장,광석면,충청남도 논산시 광석면 율리 310-49,돼지,1300,충청남도 논산시 축수산과,2024-09-30
한솔목장,광석면,충청남도 논산시 광석면 사월리 184-4,젖소,148,충청남도 논산시 축수산과,2024-09-30
은하수농장,광석면,충청남도 논산시 광석면 천동리 186-3,염소,1,충청남도 논산시 축수산과,2024-09-30
은자목장,광석면,충청남도 논산시 광석면 갈산리 120-1,젖소,150,충청남도 논산시 축수산과,2024-09-30
영광목장,양촌면,충청남도 논산시 양촌면 거사리 346-1,한우,150,충청남도 논산시 축수산과,2024-09-30
은혜농장,광석면,충청남도 논산시 광석면 이사리 388-2,한우,60,충청남도 논산시 축수산과,2024-09-30
한**목장,은진면,충청남도 논산시 은진면 시묘리 188-2,한우,150,충청남도 논산시 축수산과,2024-09-30
이**농장,연산면,충청남도 논산시 연산면 송정리 185-1,사슴,2,충청남도 논산시 축수산과,2024-09-30
이**농장,연산면,충청남도 논산시 연산면 한전리 43,한우,5,충청남도 논산시 축수산과,2024-09-30
이**농장,가야곡면,충청남도 논산시 가야곡면 야촌리 373-2,한우,5,충청남도 논산시 축수산과,2024-09-30
이**농장,연무읍,충청남도 논산시 연무읍 죽평리 84,한우,7,충청남도 논산시 축수산과,2024-09-30
광성목장,연무읍,충청남도 논산시 연무읍 황화정리 152-2,젖소,158,충청남도 논산시 축수산과,2024-09-30
이**농장,성동면,충청남도 논산시 성동면 정지리 296-36,한우,19,충청남도 논산시 축수산과,2024-09-30
상월목장,상월면,충청남도 논산시 상월면 신충리 20-6,젖소,160,충청남도 논산시 축수산과,2024-09-30
이유농장,광석면,충청남도 논산시 광석면 갈산리 732-9,한우,150,충청남도 논산시 축수산과,2024-09-30
이정농장,가야곡면,충청남도 논산시 가야곡면 삼전리 793,염소,3,충청남도 논산시 축수산과,2024-09-30
대일목장,광석면,충청남도 논산시 광석면 중리 86-2,젖소,165,충청남도 논산시 축수산과,2024-09-30
이**농장,가야곡면,충청남도 논산시 가야곡면 등리 172-1,한우,4,충청남도 논산시 축수산과,2024-09-30
박**축사,연무읍,충청남도 논산시 연무읍 신화리 1384-12,한우,172,충청남도 논산시 축수산과,2024-09-30
정**축사,연산면,충청남도 논산시 연산면 송산리 554-4,한우,172,충청남도 논산시 축수산과,2024-09-30
이**농장,광석면,충청남도 논산시 광석면 천동리 244-13,한우,53,충청남도 논산시 축수산과,2024-09-30
논산목장,광석면,충청남도 논산시 광석면 왕전리 514,젖소,180,충청남도 논산시 축수산과,2024-09-30
솔안목장,성동면,충청남도 논산시 성동면 월성리 250,젖소,180,충청남도 논산시 축수산과,2024-09-30
명암목장,양촌면,충청남도 논산시 양촌면 명암리 263,젖소,180,충청남도 논산시 축수산과,2024-09-30
등리한우작목반,가야곡면,충청남도 논산시 가야곡면 등리 342-2,한우,185,충청남도 논산시 축수산과,2024-09-30
이**농장,강산동,충청남도 논산시 강산동 463,한우,5,충청남도 논산시 축수산과,2024-09-30
이**농장,가야곡면,충청남도 논산시 가야곡면 삼전리 536,한우,7,충청남도 논산시 축수산과,2024-09-30
이화농장,벌곡면,충청남도 논산시 벌곡면 만목리 404,돼지,500,충청남도 논산시 축수산과,2024-09-30
일진농장,광석면,충청남도 논산시 광석면 득윤리 355-8,한우,30,충청남도 논산시 축수산과,2024-09-30
일팔농장,연무읍,충청남도 논산시 연무읍 소룡리 638-52,한우,10,충청남도 논산시 축수산과,2024-09-30
도**축사2,연산면,충청남도 논산시 연산면 사포리 586-9,한우,200,충청남도 논산시 축수산과,2024-09-30
임리농장,연산면,충청남도 논산시 연산면 임리 136,한우,4,충청남도 논산시 축수산과,2024-09-30
임마누엘 농장,성동면,충청남도 논산시 성동면 원남리 653,돼지,500,충청남도 논산시 축수산과,2024-09-30
임**농장,가야곡면,충청남도 논산시 가야곡면 함적리 243-1,한우,17,충청남도 논산시 축수산과,2024-09-30
강**축사,광석면,충청남도 논산시 광석면 중리 545-1,한우,215,충청남도 논산시 축수산과,2024-09-30
임**농장,부적면,충청남도 논산시 부적면 반송리 92,산양,20,충청남도 논산시 축수산과,2024-09-30
월랑목장,부적면,충청남도 논산시 부적면 덕평리 1085-16,한우,220,충청남도 논산시 축수산과,2024-09-30
임화농장,양촌면,충청남도 논산시 양촌면 임화리 632,한우,35,충청남도 논산시 축수산과,2024-09-30
차**축사,부적면,충청남도 논산시 부적면 외성리 490-1,한우,225,충청남도 논산시 축수산과,2024-09-30
자연농장,광석면,충청남도 논산시 광석면 중리 162,돼지,2000,충청남도 논산시 축수산과,2024-09-30
장성농장,연무읍,충청남도 논산시 연무읍 황화정리 812-9,젖소,60,충청남도 논산시 축수산과,2024-09-30
박** 축사,연무읍,충청남도 논산시 연무읍 신화리 1384-10,한우,229,충청남도 논산시 축수산과,2024-09-30
장수농장,광석면,충청남도 논산시 광석면 갈산리 714-1,한우,10,충청남도 논산시 축수산과,2024-09-30
장**농장,노성면,충청남도 논산시 노성면 화곡리 224,한우,12,충청남도 논산시 축수산과,2024-09-30
재령농장,성동면,충청남도 논산시 성동면 원남리 39-2,한우,100,충청남도 논산시 축수산과,2024-09-30
저팔계농장,광석면,충청남도 논산시 광석면 중리 163-3,돼지,1914,충청남도 논산시 축수산과,2024-09-30
정돈농장,연무읍,충청남도 논산시 연무읍 봉동리 1662-4,한우,50,충청남도 논산시 축수산과,2024-09-30
정돈농장2,연무읍,충청남도 논산시 연무읍 봉동리 1663-2,한우,161,충청남도 논산시 축수산과,2024-09-30
명천팜스,연무읍,충청남도 논산시 연무읍 봉동리 1294-17,돼지,300,충청남도 논산시 축수산과,2024-09-30
정섭농장,광석면,충청남도 논산시 광석면 오강리 422-2,한우,50,충청남도 논산시 축수산과,2024-09-30
문** 축사,광석면,충청남도 논산시 광석면 중리 549-6,한우,316,충청남도 논산시 축수산과,2024-09-30
문빵글,광석면,충청남도 논산시 광석면 중리 549-7,한우,327,충청남도 논산시 축수산과,2024-09-30
정** 농장,광석면,충청남도 논산시 광석면 중리 533-1,한우,30,충청남도 논산시 축수산과,2024-09-30
제룡농장,연무읍,충청남도 논산시 연무읍 동산리 836,한우,18,충청남도 논산시 축수산과,2024-09-30
천두영농조합법인,광석면,충청남도 논산시 광석면 갈산리 132-1,한우,357,충청남도 논산시 축수산과,2024-09-30
제일농장,채운면,충청남도 논산시 채운면 우기리 129-1,한우,1,충청남도 논산시 축수산과,2024-09-30
도시강윤팜,은진면,충청남도 논산시 은진면 방축리 104-1,한우,384,충청남도 논산시 축수산과,2024-09-30
제일농장,채운면,충청남도 논산시 채운면 화정리 137-1,한우,40,충청남도 논산시 축수산과,2024-09-30
제일농장B,채운면,충청남도 논산시 채운면 삼거리 1030-1,한우,371,충청남도 논산시 축수산과,2024-09-30
조양농장(한** 축사),광석면,충청남도 논산시 광석면 중리 534- 8,한우,20,충청남도 논산시 축수산과,2024-09-30
조** 농장,양촌면,충청남도 논산시 양촌면 석서리 21- 4,한우,30,충청남도 논산시 축수산과,2024-09-30
조**농장,광석면,충청남도 논산시 광석면 이사리 201-3,산양,10,충청남도 논산시 축수산과,2024-09-30
대성한우,연무읍,충청남도 논산시 연무읍 신화리 1353-5,한우,438,충청남도 논산시 축수산과,2024-09-30
종문농장,노성면,충청남도 논산시 노성면 장구리 276-20,한우,4,충청남도 논산시 축수산과,2024-09-30
종현농장,광석면,충청남도 논산시 광석면 갈산리 618-6,한우,40,충청남도 논산시 축수산과,2024-09-30
주현농장,은진면,충청남도 논산시 은진면 시묘리 612-1,돼지,2000,충청남도 논산시 축수산과,2024-09-30
중리농장,광석면,충청남도 논산시 광석면 중리 180,돼지,1300,충청남도 논산시 축수산과,2024-09-30
중산농장,양촌면,충청남도 논산시 양촌면 중산리 639,염소,50,충청남도 논산시 축수산과,2024-09-30
중토농장,연무읍,충청남도 논산시 연무읍 양지리 25,돼지,2111,충청남도 논산시 축수산과,2024-09-30
지산농장,광석면,충청남도 논산시 광석면 갈산리 727-1,한우,26,충청남도 논산시 축수산과,2024-09-30
지혜농장,연산면,충청남도 논산시 연산면 백석리 343,한우,10,충청남도 논산시 축수산과,2024-09-30
진명농장,연무읍,충청남도 논산시 연무읍 신화리 1357-13,한우,250,충청남도 논산시 축수산과,2024-09-30
진보농장,광석면,충청남도 논산시 광석면 항월리 산 38,염소,20,충청남도 논산시 축수산과,2024-09-30
진산농장,양촌면,충청남도 논산시 양촌면 모촌리 126,산양,350,충청남도 논산시 축수산과,2024-09-30
성원종축(주),상월면,충청남도 논산시 상월면 대명리 14-29,한우,521,충청남도 논산시 축수산과,2024-09-30
진환농장,연무읍,충청남도 논산시 연무읍 신화리 1354-2,한우,200,충청남도 논산시 축수산과,2024-09-30
진회농장,광석면,충청남도 논산시 광석면 율리 310-34,돼지,160,충청남도 논산시 축수산과,2024-09-30
차령농장,연산면,충청남도 논산시 연산면 장전리 47-6,한우,70,충청남도 논산시 축수산과,2024-09-30
차령농장,광석면,충청남도 논산시 광석면 왕전리 510-6,한우,450,충청남도 논산시 축수산과,2024-09-30
양화축산,광석면,충청남도 논산시 광석면 율리 310-10,돼지,600,충청남도 논산시 축수산과,2024-09-30
무궁화목장,노성면,충청남도 논산시 노성면 읍내리 346-3,한우,600,충청남도 논산시 축수산과,2024-09-30
차봉농장,성동면,충청남도 논산시 성동면 화정리 454-1,한우,3,충청남도 논산시 축수산과,2024-09-30
창성농장,연무읍,충청남도 논산시 연무읍 고내리 234,한우,17,충청남도 논산시 축수산과,2024-09-30
창세농장,채운면,충청남도 논산시 채운면 용화리 39,한우,20,충청남도 논산시 축수산과,2024-09-30
채연농장,광석면,충청남도 논산시 광석면 산동리 82-4,한우,23,충청남도 논산시 축수산과,2024-09-30
농업회사법인 유한회사 양지,연무읍,충청남도 논산시 연무읍 봉동리 61,돼지,695,충청남도 논산시 축수산과,2024-09-30
청도농장,부적면,충청남도 논산시 부적면 덕평리 349-8,한우,84,충청남도 논산시 축수산과,2024-09-30
청명농장,양촌면,충청남도 논산시 양촌면 석서리 122-2,한우,65,충청남도 논산시 축수산과,2024-09-30
청운농장,연무읍,충청남도 논산시 연무읍 봉동리 1333-48,한우,6,충청남도 논산시 축수산과,2024-09-30
청운농장,연무읍,충청남도 논산시 연무읍 죽본리 250,한우,32,충청남도 논산시 축수산과,2024-09-30
청운농장,벌곡면,충청남도 논산시 벌곡면 어곡리 162-2,돼지,102,충청남도 논산시 축수산과,2024-09-30
청운농장,연무읍,충청남도 논산시 연무읍 죽본리 369-5,돼지,1200,충청남도 논산시 축수산과,2024-09-30
최**농장,양촌면,충청남도 논산시 양촌면 도평리 104-2,한우,1,충청남도 논산시 축수산과,2024-09-30
최**농장,연산면,충청남도 논산시 연산면 신암리 169-5,한우,25,충청남도 논산시 축수산과,2024-09-30
최** 농장,상월면,충청남도 논산시 상월면 학당리 64-7,한우,4,충청남도 논산시 축수산과,2024-09-30
최**농장,가야곡면,충청남도 논산시 가야곡면 조정리 166-2,한우,13,충청남도 논산시 축수산과,2024-09-30
최**농장,연무읍,충청남도 논산시 연무읍 고내리 823-4,한우,9,충청남도 논산시 축수산과,2024-09-30
축복농장,은진면,충청남도 논산시 은진면 성덕리 369,한우,20,충청남도 논산시 축수산과,2024-09-30
충곡농장,부적면,충청남도 논산시 부적면 충곡리 10-10,한우,50,충청남도 논산시 축수산과,2024-09-30
충남농장,광석면,충청남도 논산시 광석면 왕전리 396-1,한우,23,충청남도 논산시 축수산과,2024-09-30
청심,연산면,충청남도 논산시 연산면 장전리 741-4,돼지,989,충청남도 논산시 축수산과,2024-09-30
태경농장,상월면,충청남도 논산시 상월면 학당리 58-2,한우,92,충청남도 논산시 축수산과,2024-09-30
태양농장,채운면,충청남도 논산시 채운면 삼거리 1009-2,한우,6,충청남도 논산시 축수산과,2024-09-30
태양농장,상월면,충청남도 논산시 상월면 지경리 409-3,한우,26,충청남도 논산시 축수산과,2024-09-30
태영농장,상월면,충청남도 논산시 상월면 대촌리 65-4,한우,1,충청남도 논산시 축수산과,2024-09-30
태정농장,연무읍,충청남도 논산시 연무읍 동산리 194,산양,40,충청남도 논산시 축수산과,2024-09-30
태평농장,연무읍,충청남도 논산시 연무읍 마전리 776-17,돼지,2500,충청남도 논산시 축수산과,2024-09-30
평지농장,연무읍,충청남도 논산시 연무읍 소룡리 258,돼지,1126,충청남도 논산시 축수산과,2024-09-30
푸른흑염소농장,상월면,충청남도 논산시 상월면 대우리 229,염소,50,충청남도 논산시 축수산과,2024-09-30
하나농장,광석면,충청남도 논산시 광석면 율리 산 52,돼지,50,충청남도 논산시 축수산과,2024-09-30
하나농장,광석면,충청남도 논산시 광석면 중리 157-1,산양,100,충청남도 논산시 축수산과,2024-09-30
하나농장,광석면,충청남도 논산시 광석면 율리 310-38,돼지,608,충청남도 논산시 축수산과,2024-09-30
농업회사법인 진터 주식회사,연무읍,충청남도 논산시 연무읍 마전리 1062-17,돼지,1230,충청남도 논산시 축수산과,2024-09-30
하나농장2,광석면,충청남도 논산시 광석면 율리 310-55,돼지,450,충청남도 논산시 축수산과,2024-09-30
하나한우농장,광석면,충청남도 논산시 광석면 율리 310-59,한우,10,충청남도 논산시 축수산과,2024-09-30
하늘농장,광석면,충청남도 논산시 광석면 왕전리 510-3,한우,150,충청남도 논산시 축수산과,2024-09-30
하늘농장 5,광석면,충청남도 논산시 광석면 율리 314,돼지,200,충청남도 논산시 축수산과,2024-09-30
하늘농장1,광석면,충청남도 논산시 광석면 율리 310-41,돼지,1200,충청남도 논산시 축수산과,2024-09-30
하늘농장2,광석면,충청남도 논산시 광석면 율리 310-45,돼지,700,충청남도 논산시 축수산과,2024-09-30
하늘농장3,광석면,충청남도 논산시 광석면 율리 310-58,돼지,750,충청남도 논산시 축수산과,2024-09-30
하늘농장4,광석면,충청남도 논산시 광석면 율리 69-3,돼지,750,충청남도 논산시 축수산과,2024-09-30
하늘농장6,광석면,충청남도 논산시 광석면 율리 310-57,한우,246,충청남도 논산시 축수산과,2024-09-30
성희팜스,연산면,충청남도 논산시 연산면 덕암리 496-8,돼지,1600,충청남도 논산시 축수산과,2024-09-30
번영팜,상월면,충청남도 논산시 상월면 상도리 482-21,돼지,1700,충청남도 논산시 축수산과,2024-09-30
하늘농장7,광석면,충청남도 논산시 광석면 율리 310-12,돼지,30,충청남도 논산시 축수산과,2024-09-30
하란농장,연산면,충청남도 논산시 연산면 연산리 423-2,한우,30,충청남도 논산시 축수산과,2024-09-30
하얀농장,양촌면,충청남도 논산시 양촌면 도평리 141-1,한우,4,충청남도 논산시 축수산과,2024-09-30
학당농장,상월면,충청남도 논산시 상월면 학당리 262,한우,2,충청남도 논산시 축수산과,2024-09-30
한강농장,연무읍,충청남도 논산시 연무읍 죽본리 622,돼지,2500,충청남도 논산시 축수산과,2024-09-30
한길농장,연산면,충청남도 논산시 연산면 송정리 313,한우,3,충청남도 논산시 축수산과,2024-09-30
한길농장,채운면,충청남도 논산시 채운면 심암리 61-14,한우,22,충청남도 논산시 축수산과,2024-09-30
논산복돈,광석면,충청남도 논산시 광석면 중리 174,돼지,1842,충청남도 논산시 축수산과,2024-09-30
한라농장,연무읍,충청남도 논산시 연무읍 소룡리 410-1,돼지,1422,충청남도 논산시 축수산과,2024-09-30
한솔농장,광석면,충청남도 논산시 광석면 오강리 30-4,한우,2,충청남도 논산시 축수산과,2024-09-30
한솔농장,연산면,충청남도 논산시 연산면 장전리 47-1,한우,5,충청남도 논산시 축수산과,2024-09-30
한솔농장,양촌면,충청남도 논산시 양촌면 도평리 508,한우,37,충청남도 논산시 축수산과,2024-09-30
한신농장,양촌면,충청남도 논산시 양촌면 석서리 293-1,한우,23,충청남도 논산시 축수산과,2024-09-30
한우농장,은진면,충청남도 논산시 은진면 남산리 514-3,한우,30,충청남도 논산시 축수산과,2024-09-30
(주)해피팜스,연산면,충청남도 논산시 연산면 화악리 587-2,돼지,2000,충청남도 논산시 축수산과,2024-09-30
한일농장,부적면,충청남도 논산시 부적면 반송리 6-3,한우,20,충청남도 논산시 축수산과,2024-09-30
한전농장,연산면,충청남도 논산시 연산면 한전리 271-10,한우,16,충청남도 논산시 축수산과,2024-09-30
한천농장,광석면,충청남도 논산시 광석면 중리 129,한우,60,충청남도 논산시 축수산과,2024-09-30
농업회사법인 디딤돌,광석면,충청남도 논산시 광석면 중리 172,돼지,2000,충청남도 논산시 축수산과,2024-09-30
해성농장,광석면,충청남도 논산시 광석면 중리 68-38,돼지,1700,충청남도 논산시 축수산과,2024-09-30
햇살 염소농장,가야곡면,충청남도 논산시 가야곡면 양촌리 596-2,염소,80,충청남도 논산시 축수산과,2024-09-30
행복한 은혜농장,부적면,충청남도 논산시 부적면 마구평리 346-4,한우,127,충청남도 논산시 축수산과,2024-09-30
행복한농장,벌곡면,충청남도 논산시 벌곡면 양산리 395-1,한우,38,충청남도 논산시 축수산과,2024-09-30
행운농장,연산면,충청남도 논산시 연산면 송정리 392,한우,39,충청남도 논산시 축수산과,2024-09-30
현대농장,연무읍,충청남도 논산시 연무읍 양지리 21-4,돼지,3300,충청남도 논산시 축수산과,2024-09-30
현명농장,연무읍,충청남도 논산시 연무읍 동산리 393,돼지,600,충청남도 논산시 축수산과,2024-09-30
한국 축산 농원,노성면,충청남도 논산시 노성면 읍내리 263-1,돼지,2500,충청남도 논산시 축수산과,2024-09-30
현영농장,채운면,충청남도 논산시 채운면 야화리 34-2,한우,16,충청남도 논산시 축수산과,2024-09-30
현인준효농장,양촌면,충청남도 논산시 양촌면 채광리 89-2,한우,5,충청남도 논산시 축수산과,2024-09-30
현진농장,광석면,충청남도 논산시 광석면 오강리 477-1,한우,6,충청남도 논산시 축수산과,2024-09-30
현진농장,광석면,충청남도 논산시 광석면 오강리 478-1,한우,162,충청남도 논산시 축수산과,2024-09-30
현풍농장,성동면,충청남도 논산시 성동면 원북리 195,돼지,500,충청남도 논산시 축수산과,2024-09-30
형제농장,노성면,충청남도 논산시 노성면 하도리 19-7,한우,58,충청남도 논산시 축수산과,2024-09-30
형진농장,양촌면,충청남도 논산시 양촌면 석서리 121-10,한우,88,충청남도 논산시 축수산과,2024-09-30
호원농장,가야곡면,충청남도 논산시 가야곡면 등리 156,한우,143,충청남도 논산시 축수산과,2024-09-30
홍현농장,연무읍,충청남도 논산시 연무읍 양지리 16,돼지,3000,충청남도 논산시 축수산과,2024-09-30
홍현농장Ⅱ,연무읍,충청남도 논산시 연무읍 양지리 16-29,돼지,110,충청남도 논산시 축수산과,2024-09-30
농업회사법인 주식회사 돈앤우리,연무읍,충청남도 논산시 연무읍 양지리 16-23,돼지,3000,충청남도 논산시 축수산과,2024-09-30
화정농장,양촌면,충청남도 논산시 양촌면 임화리 1042-1,한우,53,충청남도 논산시 축수산과,2024-09-30
성홍축산2,광석면,충청남도 논산시 광석면 중리 180-2,돼지,3000,충청남도 논산시 축수산과,2024-09-30
황골농장,은진면,충청남도 논산시 은진면 시묘리 183-5,한우,84,충청남도 논산시 축수산과,2024-09-30
문성농원,연무읍,충청남도 논산시 연무읍 고내리 562-3,돼지,3000,충청남도 논산시 축수산과,2024-09-30
황구농장,벌곡면,충청남도 논산시 벌곡면 한삼천리 28,염소,64,충청남도 논산시 축수산과,2024-09-30
황금농장,연무읍,충청남도 논산시 연무읍 양지리 28,돼지,1300,충청남도 논산시 축수산과,2024-09-30
황산농장,연산면,충청남도 논산시 연산면 신양리 182-1,한우,10,충청남도 논산시 축수산과,2024-09-30
농업회사법인(주)팜스코바이오인티,연무읍,충청남도 논산시 연무읍 봉동리 1207-11,돼지,3600,충청남도 논산시 축수산과,2024-09-30
황**농장,연산면,충청남도 논산시 연산면 한전리 354,한우,13,충청남도 논산시 축수산과,2024-09-30
황**농장,성동면,충청남도 논산시 성동면 정지리 377-2,한우,25,충청남도 논산시 축수산과,2024-09-30
(주)에스더블유디에프,가야곡면,충청남도 논산시 가야곡면 등리 709-7,돼지,4000,충청남도 논산시 축수산과,2024-09-30
황**농장,부적면,충청남도 논산시 부적면 신교리 13-2,한우,50,충청남도 논산시 축수산과,2024-09-30
휴산농장,광석면,충청남도 논산시 광석면 이사리 391-6,한우,100,충청남도 논산시 축수산과,2024-09-30
골드메추리,은진면,충청남도 논산시 은진면 시묘리 352-1 ,메추리,160000,충청남도 논산시 축수산과,2024-09-30
(재)연산오계재단,연산면,충청남도 논산시 연산면 화악리 172,산란계,50,충청남도 논산시 축수산과,2024-09-30
농장,가야곡면,충청남도 논산시 가야곡면 종연리 산 106-8,산란계,150,충청남도 논산시 축수산과,2024-09-30
자연담은 들녘 자연양계장,은진면,충청남도 논산시 은진면 시묘리 484-4,산란계,700,충청남도 논산시 축수산과,2024-09-30
황봉무역(황봉농장),벌곡면,충청남도 논산시 벌곡면 신양리 624-3,산란계,700,충청남도 논산시 축수산과,2024-09-30
상일축산,연무읍,충청남도 논산시 연무읍 동산리 161-1,산란계,2800,충청남도 논산시 축수산과,2024-09-30
(주)지산농원,연산면,충청남도 논산시 연산면 화악리 233-1,산란계,5000,충청남도 논산시 축수산과,2024-09-30
농장,연무읍,충청남도 논산시 연무읍 양지리 산 35,산란계,12000,충청남도 논산시 축수산과,2024-09-30
알로만농장,가야곡면,충청남도 논산시 가야곡면 육곡리 482-2,산란계,13800,충청남도 논산시 축수산과,2024-09-30
한영농장,광석면,충청남도 논산시 광석면 율리 310-76,산란계,15020,충청남도 논산시 축수산과,2024-09-30
양촌농원,양촌면,충청남도 논산시 양촌면 도평리 72-11,산란계,25000,충청남도 논산시 축수산과,2024-09-30
대석농장,연무읍,충청남도 논산시 연무읍 양지리 145-2,산란계,30000,충청남도 논산시 축수산과,2024-09-30
수목원농장,노성면,충청남도 논산시 노성면 구암리 5-1,산란계,170000,충청남도 논산시 축수산과,2024-09-30
금강LF제2농장,광석면,충청남도 논산시 광석면 사월리 448-1 ,산란계,290457,충청남도 논산시 축수산과,2024-09-30
금강LF,광석면,충청남도 논산시 광석면 사월리 225-13,산란계,828672,충청남도 논산시 축수산과,2024-09-30
참농장,연산면,충청남도 논산시 연산면 화악리 382,오리,5000,충청남도 논산시 축수산과,2024-09-30
농장,부적면,충청남도 논산시 부적면 덕평리 1085-7,오리,10000,충청남도 논산시 축수산과,2024-09-30
조은농장,부적면,충청남도 논산시 부적면 감곡리 295-12,오리,12500,충청남도 논산시 축수산과,2024-09-30
진성농장,연무읍,충청남도 논산시 연무읍 황화정리 1403-22,오리,15000,충청남도 논산시 축수산과,2024-09-30
기러기농장,상월면,충청남도 논산시 상월면 상도리 379,오리,20000,충청남도 논산시 축수산과,2024-09-30
세종농장,채운면,충청남도 논산시 채운면 우기리 733-6,오리,20000,충청남도 논산시 축수산과,2024-09-30
대한농장,채운면,충청남도 논산시 채운면 삼거리 885-7,오리,45000,충청남도 논산시 축수산과,2024-09-30
농장,연산면,충청남도 논산시 연산면 신양리 429-3,육계,7,충청남도 논산시 축수산과,2024-09-30
박** 축사,노성면,충청남도 논산시 노성면 가곡리 225,육계,10,충청남도 논산시 축수산과,2024-09-30
한범농장,벌곡면,충청남도 논산시 벌곡면 대덕리 505-2 ,육계,12,충청남도 논산시 축수산과,2024-09-30
명품닭농장,노성면,충청남도 논산시 노성면 죽림리 364-8  ,육계,20,충청남도 논산시 축수산과,2024-09-30
한** 축사,노성면,충청남도 논산시 노성면 병사리 401-2,육계,20,충청남도 논산시 축수산과,2024-09-30
농장,채운면,충청남도 논산시 채운면 화산리 247-2,육계,30,충청남도 논산시 축수산과,2024-09-30
농장,연산면,충청남도 논산시 연산면 표정리 466-2,육계,50,충청남도 논산시 축수산과,2024-09-30
천** 가든,연산면,충청남도 논산시 연산면 송정리 69,육계,62,충청남도 논산시 축수산과,2024-09-30
오골계마을,연산면,충청남도 논산시 연산면 화악리 592,육계,100,충청남도 논산시 축수산과,2024-09-30
신광축산,연산면,충청남도 논산시 연산면 신암리 190-4,육계,100,충청남도 논산시 축수산과,2024-09-30
산앤들,연산면,충청남도 논산시 연산면 고정리 213,육계,150,충청남도 논산시 축수산과,2024-09-30
농장,연산면,충청남도 논산시 연산면 고정리 169,육계,300,충청남도 논산시 축수산과,2024-09-30
농장,채운면,충청남도 논산시 채운면 심암리 산 27-2,육계,10000,충청남도 논산시 축수산과,2024-09-30
태봉농장2,연무읍,충청남도 논산시 연무읍 양지리 4-2호,육계,12000,충청남도 논산시 축수산과,2024-09-30
둥이농장,부적면,충청남도 논산시 부적면 부인리 540-4,육계,15000,충청남도 논산시 축수산과,2024-09-30
밀알농장,노성면,충청남도 논산시 노성면 호암리 512-2,육계,15000,충청남도 논산시 축수산과,2024-09-30
제일농장,노성면,충청남도 논산시 노성면 호암리 429-1,육계,18000,충청남도 논산시 축수산과,2024-09-30
농장,연산면,충청남도 논산시 연산면 신양리 69-3,육계,20000,충청남도 논산시 축수산과,2024-09-30
용주농장,은진면,충청남도 논산시 은진면 성덕리 344-7,육계,22300,충청남도 논산시 축수산과,2024-09-30
노티농장,노성면,충청남도 논산시 노성면 노티리 87,육계,23270,충청남도 논산시 축수산과,2024-09-30
성동농장,성동면,충청남도 논산시 성동면 삼산리 244-1,육계,25000,충청남도 논산시 축수산과,2024-09-30
죽본농장,연무읍,충청남도 논산시 연무읍 죽본리 573,육계,25000,충청남도 논산시 축수산과,2024-09-30
농장,상월면,충청남도 논산시 상월면 주곡리 249-4,육계,25000,충청남도 논산시 축수산과,2024-09-30
보리수농장,성동면,충청남도 논산시 성동면 원남리 392,육계,25000,충청남도 논산시 축수산과,2024-09-30
보리수농장,성동면,충청남도 논산시 성동면 원남리 1121-17 ,육계,27000,충청남도 논산시 축수산과,2024-09-30
다운농장,가야곡면,충청남도 논산시 가야곡면 등리 산 54-10,육계,28000,충청남도 논산시 축수산과,2024-09-30
미리내농장,상월면,충청남도 논산시 상월면 대명리 313-6,육계,30000,충청남도 논산시 축수산과,2024-09-30
세종학당농장2,상월면,충청남도 논산시 상월면 학당리 239 ,육계,30000,충청남도 논산시 축수산과,2024-09-30
농장,벌곡면,충청남도 논산시 벌곡면 한삼천리 330-1,육계,30000,충청남도 논산시 축수산과,2024-09-30
농장,성동면,충청남도 논산시 성동면 원남리 571-5 ,육계,30000,충청남도 논산시 축수산과,2024-09-30
농장,성동면,충청남도 논산시 성동면 원남리 988,육계,30000,충청남도 논산시 축수산과,2024-09-30
컨츄리꼬꼬농장,상월면,충청남도 논산시 상월면 주곡리 249-4 ,육계,30000,충청남도 논산시 축수산과,2024-09-30
덕평농장,부적면,충청남도 논산시 부적면 덕평리 34-2,육계,30000,충청남도 논산시 축수산과,2024-09-30
농장,상월면,충청남도 논산시 상월면 석종리 559-6,육계,30000,충청남도 논산시 축수산과,2024-09-30
동광농장,부적면,충청남도 논산시 부적면 신교리 705-1,육계,32000,충청남도 논산시 축수산과,2024-09-30
봉황농장,양촌면,충청남도 논산시 양촌면 신기리 227-3,육계,33000,충청남도 논산시 축수산과,2024-09-30
한마음농장,가야곡면,충청남도 논산시 가야곡면 두월리 72-1 ,육계,35000,충청남도 논산시 축수산과,2024-09-30
꼬꼬농장,성동면,충청남도 논산시 성동면 원남리 1121-3,육계,35000,충청남도 논산시 축수산과,2024-09-30
김**농장,성동면,충청남도 논산시 성동면 정지리 485-1,육계,35000,충청남도 논산시 축수산과,2024-09-30
농장,성동면,충청남도 논산시 성동면 원북리 725-16,육계,35000,충청남도 논산시 축수산과,2024-09-30
농장,양촌면,충청남도 논산시 양촌면 석서리 382,육계,35000,충청남도 논산시 축수산과,2024-09-30
소망농장,성동면,충청남도 논산시 성동면 우곤리 477-1 ,육계,35000,충청남도 논산시 축수산과,2024-09-30
종관농장,은진면,충청남도 논산시 은진면 토양리 455-6,육계,36000,충청남도 논산시 축수산과,2024-09-30
세일농장,은진면,충청남도 논산시 은진면 남산리 272,육계,40000,충청남도 논산시 축수산과,2024-09-30
예진농장,광석면,충청남도 논산시 광석면 사월리 산 36,육계,40000,충청남도 논산시 축수산과,2024-09-30
농장,성동면,충청남도 논산시 성동면 우곤리 637,육계,40000,충청남도 논산시 축수산과,2024-09-30
길 농장,성동면,충청남도 논산시 성동면 원남리 939-2,육계,40000,충청남도 논산시 축수산과,2024-09-30
두경농장,노성면,충청남도 논산시 노성면 장구리 25-1 ,육계,40000,충청남도 논산시 축수산과,2024-09-30
대안농장,채운면,충청남도 논산시 채운면 우기리 119-6,육계,40000,충청남도 논산시 축수산과,2024-09-30
대경농장2,광석면,충청남도 논산시 광석면 광리 235-8,육계,40000,충청남도 논산시 축수산과,2024-09-30
천지농장,부적면,충청남도 논산시 부적면 신교리 677-11,육계,41000,충청남도 논산시 축수산과,2024-09-30
그린축산,연산면,충청남도 논산시 연산면 장전리 산 17-7,육계,45000,충청남도 논산시 축수산과,2024-09-30
태영농장,채운면,충청남도 논산시 채운면 용화리 78-4,육계,45000,충청남도 논산시 축수산과,2024-09-30
꼬꼬팜,성동면,충청남도 논산시 성동면 원북리 532-4,육계,45000,충청남도 논산시 축수산과,2024-09-30
시온농장,광석면,충청남도 논산시 광석면 오강리 19,육계,45835,충청남도 논산시 축수산과,2024-09-30
명인농장,가야곡면,충청남도 논산시 가야곡면 등리 643-3 ,육계,50000,충청남도 논산시 축수산과,2024-09-30
세종학당농장,상월면,충청남도 논산시 상월면 학당리 236,육계,50000,충청남도 논산시 축수산과,2024-09-30
농장,상월면,충청남도 논산시 상월면 대명리 329,육계,50000,충청남도 논산시 축수산과,2024-09-30
재궁농장,성동면,충청남도 논산시 성동면 원남리 910,육계,50000,충청남도 논산시 축수산과,2024-09-30
부흥농장,연무읍,충청남도 논산시 연무읍 황화정리 435-13 ,육계,50000,충청남도 논산시 축수산과,2024-09-30
종연농장,가야곡면,충청남도 논산시 가야곡면 종연리 740,육계,55000,충청남도 논산시 축수산과,2024-09-30
따봉농장-1,은진면,충청남도 논산시 은진면 성덕리 340-6,육계,55000,충청남도 논산시 축수산과,2024-09-30
봉산농장,부적면,충청남도 논산시 부적면 신교리 712-5,육계,60000,충청남도 논산시 축수산과,2024-09-30
농장,연무읍,충청남도 논산시 연무읍 안심리 779-2,육계,65000,충청남도 논산시 축수산과,2024-09-30
이슬농장,상월면,충청남도 논산시 상월면 학당리 산 13-1,육계,70000,충청남도 논산시 축수산과,2024-09-30
닭세상농장,노성면,충청남도 논산시 노성면 읍내리 529-2,육계,70000,충청남도 논산시 축수산과,2024-09-30
신기농장,양촌면,충청남도 논산시 양촌면 신기리 306-2 ,육계,80000,충청남도 논산시 축수산과,2024-09-30
농업회사법인 남양농장 주식회사,상월면,충청남도 논산시 상월면 한천리 251-6,육계,80000,충청남도 논산시 축수산과,2024-09-30
대경농장,광석면,충청남도 논산시 광석면 광리 237-9,육계,94000,충청남도 논산시 축수산과,2024-09-30
전일농장(필기농장),채운면,충청남도 논산시 채운면 화정리 240-3,육계,110000,충청남도 논산시 축수산과,2024-09-30
삼마농장,성동면,충청남도 논산시 성동면 원남리 1354,육계,110000,충청남도 논산시 축수산과,2024-09-30
농장,연산면,충청남도 논산시 연산면 화악리 525-1,육계,160000,충청남도 논산시 축수산과,2024-09-30
유성농장,성동면,충청남도 논산시 성동면 원봉리 804-1,육계,160000,충청남도 논산시 축수산과,2024-09-30
이화농장3,채운면,충청남도 논산시 채운면 심암리 367,종계,5300,충청남도 논산시 축수산과,2024-09-30
제일농장,광석면,충청남도 논산시 광석면 오강리 144-1,종계,7000,충청남도 논산시 축수산과,2024-09-30
동림농장,연무읍,충청남도 논산시 연무읍 봉동리 1333-9,종계,13900,충청남도 논산시 축수산과,2024-09-30
양지농장,연무읍,충청남도 논산시 연무읍 마전리 932-3,종계,15100,충청남도 논산시 축수산과,2024-09-30
하나래농장,상월면,충청남도 논산시 상월면 대명리 265-6 ,종계,16100,충청남도 논산시 축수산과,2024-09-30
태을1농장,상월면,충청남도 논산시 상월면 신충리 252-16,종계,16400,충청남도 논산시 축수산과,2024-09-30
영신농장,채운면,충청남도 논산시 채운면 우기리 298-1,종계,17600,충청남도 논산시 축수산과,2024-09-30
일석농장,성동면,충청남도 논산시 성동면 원북리 693-1,종계,17800,충청남도 논산시 축수산과,2024-09-30
태봉농장1,연무읍,충청남도 논산시 연무읍 양지리 5,종계,18300,충청남도 논산시 축수산과,2024-09-30
우승농장,성동면,충청남도 논산시 성동면 원남리 385-6,종계,19000,충청남도 논산시 축수산과,2024-09-30
부강농장,성동면,충청남도 논산시 성동면 병촌리 26,종계,19700,충청남도 논산시 축수산과,2024-09-30
한성농장,가야곡면,충청남도 논산시 가야곡면 두월리 98,종계,20000,충청남도 논산시 축수산과,2024-09-30
금강농장,가야곡면,충청남도 논산시 가야곡면 함적리 363-5,종계,20000,충청남도 논산시 축수산과,2024-09-30
자매농장,가야곡면,충청남도 논산시 가야곡면 두월리 99-1,종계,20000,충청남도 논산시 축수산과,2024-09-30
상일농장,연무읍,충청남도 논산시 연무읍 동산리 161-1,종계,20200,충청남도 논산시 축수산과,2024-09-30
대명농장,상월면,충청남도 논산시 상월면 대촌리 31-2,종계,21400,충청남도 논산시 축수산과,2024-09-30
안심농장,연무읍,충청남도 논산시 연무읍 안심리 298,종계,21500,충청남도 논산시 축수산과,2024-09-30
하나래농장,성동면,충청남도 논산시 성동면 원남리 1123-13,종계,23000,충청남도 논산시 축수산과,2024-09-30
농업회사법인(주)피에스코팜 익산지점,연무읍,충청남도 논산시 연무읍 마전리 911-17 ,종계,23000,충청남도 논산시 축수산과,2024-09-30
연무농장,연무읍,충청남도 논산시 연무읍 신화리 1355-7,종계,25233,충청남도 논산시 축수산과,2024-09-30
원남농장,성동면,충청남도 논산시 성동면 원남리 528-2,종계,28000,충청남도 논산시 축수산과,2024-09-30
태을농장-2,노성면,충청남도 논산시 노성면 송당리 385-6,종계,30800,충청남도 논산시 축수산과,2024-09-30
황화농장,연무읍,충청남도 논산시 연무읍 마전리 20 ,종계,31500,충청남도 논산시 축수산과,2024-09-30
영송농장,가야곡면,충청남도 논산시 가야곡면 목곡리 46-2 ,종계,32000,충청남도 논산시 축수산과,2024-09-30
계림농장,성동면,충청남도 논산시 성동면 월성리 373,종계,40000,충청남도 논산시 축수산과,2024-09-30
성우농장,광석면,충청남도 논산시 광석면 이사리 397-4,종계,50000,충청남도 논산시 축수산과,2024-09-30
동일농장,부적면,충청남도 논산시 부적면 감곡리 10-2  ,종계,55000,충청남도 논산시 축수산과,2024-09-30
농업회사법인 하이팜(주),성동면,충청남도 논산시 성동면 우곤리 1543-8,종계,63000,충청남도 논산시 축수산과,2024-09-30
경영농장,채운면,충청남도 논산시 채운면 삼거리 910-6,종계,70000,충청남도 논산시 축수산과,2024-09-30
