농장명,주사육업종,축종,소재지(지번),소재지(도로명),규모(제곱미터),사육두수,데이터기준일자
소망농장,한우,,"충청남도 부여군 홍산면 교원리 444번지 1호 , 444-2 ",충청남도 부여군 홍산면 대백제로 787-51,2170,0,2026-01-30
싸리골 목장,한우,한우,충청남도 부여군 은산면 장벌리 272번지 1  2호  ,,890.52,30,2026-01-30
정각농장,한우,한우,충청남도 부여군 석성면 정각리 210번지  ,,620,50,2026-01-30
목동목장,젖소,젖소,충청남도 부여군 옥산면 홍연리 520번지 외1(521) ,충청남도 부여군 옥산면 홍연로26번길 3-33,1708.63,80,2026-01-30
지산농장,한우,한우,"충청남도 부여군 세도면 청송리 691번지 2호 외 2(690, 691-3) ",충청남도 부여군 세도면 세도로 195,797,79,2026-01-30
성일축산,육계,육계,충청남도 부여군 충화면 지석리 566번지  ,충청남도 부여군 충화면 팔충로 493-26,3586.25,80000,2026-01-30
남산축산,육계,육계,충청남도 부여군 장암면 상황리 54번지  ,충청남도 부여군 장암면 위덕로 588-24,3960,30000,2026-01-30
찬희농장,육계,육계,충청남도 부여군 내산면 천보리 451번지 1호  ,충청남도 부여군 내산면 홍내로 269-36,2496,50000,2026-01-30
덕호목장,한우,한우,충청남도 부여군 장암면 지토리 5번지  ,,693,30,2026-01-30
중천농장,육계,육계,충청남도 부여군 충화면 천당리 53번지 2호  ,충청남도 부여군 충화면 팔충로732번길 80,2142,42000,2026-01-30
능산목장,한우,한우,충청남도 부여군 부여읍 능산리 475번지 1호  ,충청남도 부여군 부여읍 동문로 71-13,1300,40,2026-01-30
오메꼬꼬,육계,육계,충청남도 부여군 장암면 북고리 522번지 3호  ,충청남도 부여군 장암면 북고로 233-11,5945.61,80000,2026-01-30
백제양돈영농조합법인,돼지,돼지,충청남도 부여군 장암면 상황리 53번지 13호 외 8필지 ,,8047.14,8000,2026-01-30
점리농장,한우,한우,충청남도 부여군 임천면 점리 199번지 1호  ,,486.72,30,2026-01-30
농업회사법인 큐팜,메추리,메추리,충청남도 부여군 장암면 지토리 174번지 1호  ,충청남도 부여군 장암면 사동로태동3길 44,4610.5,750000,2026-01-30
문봉산 한우목장,한우,한우,충청남도 부여군 외산면 지선리 344번지  ,충청남도 부여군 외산면 지선로119번길 130,887.2,17,2026-01-30
부영농장,육계,육계,충청남도 부여군 부여읍 저석리 7번지 10호  ,충청남도 부여군 부여읍 삼충로743번길 4-9,1800,30000,2026-01-30
오성농장,육계,육계,충청남도 부여군 세도면 수고리 639번지 1호  ,충청남도 부여군 세도면 사동로264번길 86,2298,40000,2026-01-30
옥산농장,한우,한우,충청남도 부여군 옥산면 대덕리 54번지  ,,1060,118,2026-01-30
신우농장,한우,한우,충청남도 부여군 남면 회동리 222번지  ,충청남도 부여군 남면 회동로 103,2397.17,162,2026-01-30
규암하늘농장,한우,,충청남도 부여군 규암면 진변리 215번지 2호  ,,912,0,2026-01-30
문용농장,육계,,충청남도 부여군 홍산면 상천리 42번지 4호 외 1필지(42-5) ,,2508.57,0,2026-01-30
야곱한우농장,한우,한우,충청남도 부여군 홍산면 정동리 720번지 13호  ,,768,0,2026-01-30
동원농장,육계,육계,충청남도 부여군 홍산면 토정리 85번지  ,,1773,60000,2026-01-30
금암농장,육계,육계,충청남도 부여군 규암면 금암리 산 30번지 1호  ,,2532,38000,2026-01-30
금암목장,한우,한우,충청남도 부여군 규암면 금암리 236번지 2호  ,,495,29,2026-01-30
대원농장,육계,육계,충청남도 부여군 규암면 오수리 382번지 6호  ,충청남도 부여군 규암면 왕흥로139번길 66,2269.12,40000,2026-01-30
송간목장,한우,한우,충청남도 부여군 부여읍 송간리 268번지 5호  ,충청남도 부여군 부여읍 송간로74번길 16-7,874.4,40,2026-01-30
계림농장,육계,육계,충청남도 부여군 초촌면 세탑리 382번지 1호  ,충청남도 부여군 초촌면 세탑로 200,3190,56000,2026-01-30
민구농장,육계,,충청남도 부여군 부여읍 상금리 242번지 외7 ,충청남도 부여군 부여읍 송상로 248-10,4587.04,0,2026-01-30
규암목장,한우,한우,충청남도 부여군 규암면 나복리 362번지 13호  ,,440.64,15,2026-01-30
식송농장,한우,한우,충청남도 부여군 홍산면 조현리 113번지 25호  ,,516,65,2026-01-30
회동양계장,육계,육계,충청남도 부여군 남면 회동리 8번지 5호  ,충청남도 부여군 남면 남성로464번길 1-35,2400,0,2026-01-30
송이농장,육계,육계,충청남도 부여군 장암면 지토리 29번지 4호  ,,4950,60000,2026-01-30
동이농장,돼지,돼지,충청남도 부여군 옥산면 학산리 191번지  ,충청남도 부여군 옥산면 옥산북로 285,2015.88,1150,2026-01-30
부흥농장,한우,한우,충청남도 부여군 규암면 수목리 468번지 4호  ,충청남도 부여군 규암면 충의로169번길 49-62,3420,30,2026-01-30
형제목장,한우,한우,충청남도 부여군 은산면 거전리 39번지  ,,318.68,28,2026-01-30
무정리양계장,육계,육계,충청남도 부여군 홍산면 무정리 124번지 1호 외1(124-2) ,충청남도 부여군 홍산면 조무로 134,1480.56,30000,2026-01-30
부운팜,돼지,돼지,충청남도 부여군 홍산면 조현리 478번지 5호  ,충청남도 부여군 홍산면 조현로43번길 85-53,4933,350,2026-01-30
오메꼬꼬,육계,육계,충청남도 부여군 장암면 북고리 522번지 5호  ,충청남도 부여군 장암면 북고로 233-12,3235.64,55000,2026-01-30
오가피쑥농장,육계,육계,충청남도 부여군 홍산면 홍양리 191번지  ,,3418,50000,2026-01-30
남희농장,육계,육계,충청남도 부여군 세도면 동사리 산 59번지 1호  ,,1334.8,20000,2026-01-30
죽림농장,돼지,돼지,충청남도 부여군 세도면 동사리 725번지  ,,1494.5,2300,2026-01-30
당골농장,육계,육계,충청남도 부여군 세도면 동사리 57번지 1호  ,충청남도 부여군 세도면 세도로53번길 46-19,1357.2,20000,2026-01-30
안골농장,한우,한우,"충청남도 부여군 장암면 정암리 240 외2(239,569-16) ",충청남도 부여군 장암면 와요로 20-21,1035.03,103,2026-01-30
대양목장,한우,한우,충청남도 부여군 장암면 원문리 194번지 1호  ,충청남도 부여군 장암면 충절로 1895-9,2352.8,100,2026-01-30
왕림농장,한우,한우,충청남도 부여군 장암면 상황리 98번지  ,충청남도 부여군 장암면 위덕로623번길 80,1093.08,10,2026-01-30
정석목장,젖소,젖소,충청남도 부여군 장암면 지토리 산 38번지  ,충청남도 부여군 장암면 사동로태동3길 137,2164.86,85,2026-01-30
현수목장,한우,한우,충청남도 부여군 장암면 북고리 449번지  ,충청남도 부여군 장암면 북고로 347,1807,75,2026-01-30
병학목장,한우,한우,충청남도 부여군 남면 삼용리 393번지  ,충청남도 부여군 남면 삼용로 56-6,774,23,2026-01-30
학바위목장,한우,한우,충청남도 부여군 장암면 정암리 20번지  ,충청남도 부여군 장암면 와요로 41-41,625.4,40,2026-01-30
청송목장,한우,한우,충청남도 부여군 초촌면 신암리 549번지 2호  ,충청남도 부여군 초촌면 신암로133번길 27,1107.01,90,2026-01-30
맥우방농장,한우,한우,충청남도 부여군 은산면 가곡리 73번지 7호  ,충청남도 부여군 은산면 매화로7번길 15,1622.88,231,2026-01-30
동지원농장,한우,한우,충청남도 부여군 임천면 만사리 629-15 외1(629-14) ,,1542.78,154,2026-01-30
황금언덕,한우,한우,충청남도 부여군 남면 회동리 363번지  ,,1117.85,26,2026-01-30
비암농장,한우,한우,충청남도 부여군 외산면 비암리 304번지 1호  ,,759,22,2026-01-30
명현축산,돼지,돼지,충청남도 부여군 부여읍 송곡리 28번지  ,,2847,1500,2026-01-30
문신양계장,육계,육계,충청남도 부여군 외산면 문신리 250번지 1호  ,충청남도 부여군 외산면 문신로 131,3424,70000,2026-01-30
수연농장,한우,한우,"충청남도 부여군 외산면 문신리 46번지 ,47-1, 47-2 ",,390,16,2026-01-30
샬롬농장,육계,육계,충청남도 부여군 외산면 삼산리 117번지 3호  ,충청남도 부여군 외산면 삼산로 14-20,2134.69,38000,2026-01-30
중원농장,젖소,"한우, 젖소",충청남도 부여군 세도면 반조원리 541번지 1호  ,충청남도 부여군 세도면 세도로 347,3155.8,123,2026-01-30
상곡목장,한우,한우,충청남도 부여군 구룡면 죽교리 114번지 2호  ,,986.58,21,2026-01-30
이청목장,한우,,충청남도 부여군 구룡면 동방리 105번지 12호  ,,1225.88,0,2026-01-30
충화축산,한우,한우,"충청남도 부여군 충화면 현미리 84 외 6번지(84-1,84-2,84-3,85,86,87) ",충청남도 부여군 충화면 충신로 944-20,2746.4,189,2026-01-30
증산목장,한우,한우,충청남도 부여군 석성면 증산리 969번지  ,충청남도 부여군 석성면 종북로 180,3388,150,2026-01-30
서화목장,한우,한우,충청남도 부여군 장암면 북고리 444번지  ,충청남도 부여군 장암면 북고로 321,1732,100,2026-01-30
강성목장,젖소,젖소,충청남도 부여군 남면 내곡리 530번지  ,충청남도 부여군 남면 금천로318번길 57-22,2658.2,66,2026-01-30
환희농장,한우,한우,충청남도 부여군 홍산면 북촌리 296번지  ,충청남도 부여군 홍산면 북촌로16번길 16-6,516.46,15,2026-01-30
현미농장,한우,한우,충청남도 부여군 충화면 현미리 197번지  ,,1196.63,20,2026-01-30
내지리양계장,육계,육계,충청남도 부여군 은산면 내지리 219번지 2호  ,,3003,56000,2026-01-30
석성농장,돼지,돼지,충청남도 부여군 석성면 증산리 1198번지 1호  ,,1158.8,1000,2026-01-30
명현석성농장,돼지,돼지,충청남도 부여군 석성면 증산리 1198번지 1호  ,충청남도 부여군 석성면 종북로 33-37,1158.8,1000,2026-01-30
라온,한우,한우,충청남도 부여군 초촌면 신암리 174번지  ,충청남도 부여군 초촌면 신암로 247-9,400,18,2026-01-30
성인농장,육계,육계,충청남도 부여군 임천면 군사리 437번지  ,충청남도 부여군 임천면 가림로 655-6,1053,20000,2026-01-30
양화목장,젖소,젖소,충청남도 부여군 양화면 벽용리 산 88번지 1호  ,,1382,85,2026-01-30
우미한우농장,한우,한우,충청남도 부여군 홍산면 토정리 215번지  ,충청남도 부여군 홍산면 북토로197번길 19,2349.5,70,2026-01-30
가나안복지농장,육계,육계,충청남도 부여군 외산면 장항리 11번지  ,충청남도 부여군 외산면 복덕로 59-31,3617,70000,2026-01-30
보성농장,육계,육계,충청남도 부여군 외산면 화성리 65번지 5호  ,충청남도 부여군 외산면 조령서로 218-89,4192.8,75000,2026-01-30
농업회사법인(주)해피피그,돼지,돼지,충청남도 부여군 초촌면 응평리 449번지  ,충청남도 부여군 초촌면 응신길 39,1429.59,900,2026-01-30
대성농장,돼지,돼지,충청남도 부여군 초촌면 응평리 443번지 6호  ,,850.5,2000,2026-01-30
능산목장,한우,한우,충청남도 부여군 부여읍 능산리 87번지  ,충청남도 부여군 부여읍 신암로 19-49,382.46,28,2026-01-30
동문농장,육계,육계,충청남도 부여군 부여읍 염창리 252번지 2호  ,충청남도 부여군 부여읍 염창로 49,2735,50000,2026-01-30
하나팜스,종계/산란계,,충청남도 부여군 장암면 점상리 43번지  ,,4437.04,0,2026-01-30
마정농장,한우,육우,충청남도 부여군 장암면 점상리 411-1 외1(907-1) ,,832.35,30,2026-01-30
부림농장,한우,한우,충청남도 부여군 양화면 암수리 26번지 1호 외 1필지(26-13) ,충청남도 부여군 양화면 유왕로 122-38,611.55,100,2026-01-30
원용목장,젖소,젖소,충청남도 부여군 부여읍 염창리 292번지 외 10필지 ,,1548.75,75,2026-01-30
모리농장,육계,육계,"충청남도 부여군 규암면 모리 212 외2(212-4,212-5) ",충청남도 부여군 규암면 충절로 2681-16,1518.44,7000,2026-01-30
띠울농장,육계,육계,충청남도 부여군 규암면 모리 210번지  ,,994,11000,2026-01-30
유리농장,육계,육계,충청남도 부여군 외산면 수신리 268번지  ,충청남도 부여군 외산면 만수로 963-26,1996.48,35000,2026-01-30
준태농장,한우,한우,충청남도 부여군 남면 금천리 410번지 2호  ,충청남도 부여군 남면 금천서로8번길 13,495.96,59,2026-01-30
명천목장,한우,한우,충청남도 부여군 임천면 만사리 235번지 1호 외 1필지(만사리 233-1) ,,1772.06,97,2026-01-30
은산목장,한우,한우,"충청남도 부여군 은산면 내지리 560외 2(560-1,560-2) ",충청남도 부여군 은산면 내대로130번길 108-18,1071.23,107,2026-01-30
영재농장,돼지,돼지,충청남도 부여군 은산면 홍산리 108번지 13호  ,,3199.14,1100,2026-01-30
현대농장,육계,육계,충청남도 부여군 남면 삼용리 327번지 17호  ,,2483.6,0,2026-01-30
은비농장,육계,육계,충청남도 부여군 세도면 청송리 66번지 3호  ,,2616,40000,2026-01-30
세원농장,돼지,돼지,충청남도 부여군 초촌면 초평리 157번지 1호  ,충청남도 부여군 초촌면 초평로216번길 8-23,2050,1800,2026-01-30
나령농장,한우,한우,충청남도 부여군 은산면 나령리 313번지  ,충청남도 부여군 은산면 충절로나령1길 13-6,1109.76,40,2026-01-30
우리축산,한우,한우,충청남도 부여군 은산면 회곡리 286번지 외 1필지 ,,553.38,20,2026-01-30
충화목장,한우,한우,충청남도 부여군 충화면 만지리 1번지 1호  ,,1489.86,113,2026-01-30
천보산농장,돼지,돼지,충청남도 부여군 홍산면 상천리 247번지  ,,961.1,1000,2026-01-30
영화목장,한우,한우,충청남도 부여군 임천면 칠산리 62번지 2호  ,,1191.75,100,2026-01-30
산성농원,돼지,돼지,충청남도 부여군 석성면 석성리 257번지  ,충청남도 부여군 석성면 금백로 140,3696.3,2500,2026-01-30
제일목장,젖소,,충청남도 부여군 석성면 증산리 776번지 1호 외 1필지(776-4) ,,1172,0,2026-01-30
오산목장,한우,한우,충청남도 부여군 부여읍 능산리 426번지  ,,527.99,20,2026-01-30
한우농장,한우,한우,충청남도 부여군 규암면 나복리 581번지 8호  ,,4373.56,50,2026-01-30
아라농장,한우,한우,충청남도 부여군 구룡면 죽절리 60번지 1호  ,충청남도 부여군 구룡면 충의로11번길 73-15,436.46,20,2026-01-30
팔충농장,한우,한우,"충청남도 부여군 충화면 팔충리 466-1 외8(467-1,458,458-1,458-2,462-1,462-2,462-3,462-9) ",충청남도 부여군 충화면 팔충로 869-32,1938.07,193,2026-01-30
삼영농장Ⅰ,한우,한우,"충청남도 부여군 석성면 석성리 819번지 외9(815,816,820-1,929,930,931,932-1,821-5,820-2) ",충청남도 부여군 석성면 석성남로 64,6237.3,900,2026-01-30
정구농장,한우,한우,충청남도 부여군 은산면 경둔리 339번지  ,,525,20,2026-01-30
온마목장,젖소,젖소,충청남도 부여군 내산면 온해리 632번지  ,,907.25,50,2026-01-30
자연,돼지,돼지,충청남도 부여군 부여읍 신정리 39번지  ,충청남도 부여군 부여읍 대울로 172-65,3334.2,1500,2026-01-30
해치농장,육계,육계,충청남도 부여군 내산면 온해리 41번지  ,충청남도 부여군 내산면 성충로해치길 19,3641,60000,2026-01-30
수덕성농장,육계,육계,충청남도 부여군 세도면 수고리 998번지  ,충청남도 부여군 세도면 해촌로63번길 102,1497.6,40000,2026-01-30
재영농장,한우,한우,충청남도 부여군 임천면 만사리 639번지 1호  ,,480,20,2026-01-30
재건농장,한우,한우,충청남도 부여군 세도면 반조원리 350번지 2호  ,충청남도 부여군 세도면 세도로 417,468.21,30,2026-01-30
유일농장,한우,한우,충청남도 부여군 세도면 수고리 18번지 2호  ,,495,30,2026-01-30
연화농장,한우,한우,"충청남도 부여군 석성면 증산리 120번지 2호 외2필지(120-4, 5) ",,1122.8,14,2026-01-30
낙원축산,돼지,돼지,충청남도 부여군 석성면 현내리 116번지  ,충청남도 부여군 석성면 금백로 334-15,3524.07,1500,2026-01-30
이화농장,돼지,돼지,"충청남도 부여군 은산면 금공리 311번지 2호 외 5필지(311, 311-3,4,5,6) ",충청남도 부여군 은산면 지천로 125-65,3018.96,1500,2026-01-30
우정목장,젖소,젖소,충청남도 부여군 장암면 지토리 21번지 외 1필지 ,충청남도 부여군 장암면 사동로태동3길 106,1700,80,2026-01-30
부여목장,젖소,젖소,충청남도 부여군 장암면 정암리 11번지  ,충청남도 부여군 장암면 의자로 995-25,3868.01,100,2026-01-30
늘푸른농장,돼지,돼지,충청남도 부여군 석성면 증산리 55번지 8호 외 17필지 ,충청남도 부여군 석성면 비당로320번길 33,2122.98,1500,2026-01-30
수신양계장,육계,육계,충청남도 부여군 외산면 수신리 374번지 2호  ,,2627.6,45000,2026-01-30
대건농장,육계,"한우, 육계",충청남도 부여군 외산면 수신리 264번지  ,충청남도 부여군 외산면 만수로 969-28,2075.5,30018,2026-01-30
상서목장,젖소,,"충청남도 부여군 옥산면 상기리 53번지 9호 외3필지(53-10, 학산리 373-1,2) ",,2376.65,0,2026-01-30
더 하누,한우,,충청남도 부여군 옥산면 가덕리 108번지  ,충청남도 부여군 옥산면 옥산동로 310-23,633.6,0,2026-01-30
창리농장,한우,한우,충청남도 부여군 석성면 봉정리 177번지 1호  ,충청남도 부여군 석성면 석성남로 229,387.5,20,2026-01-30
반석농장,육계,육계,충청남도 부여군 석성면 봉정리 603번지  ,충청남도 부여군 석성면 석성남로 144-36,2995,50000,2026-01-30
황진목장,한우,한우,충청남도 부여군 석성면 석성리 681번지  ,충청남도 부여군 석성면 석성향교길 36,1021,70,2026-01-30
세원축산,한우,한우,충청남도 부여군 구룡면 구봉리 384번지 1호  ,충청남도 부여군 구룡면 충의로 78-12,1300,60,2026-01-30
홍보연 축사,종계/산란계,육계,충청남도 부여군 남면 송암리 193번지 7호 외 1필지(193-8) ,충청남도 부여군 남면 남성로568번길 56,1710.5,33000,2026-01-30
하천농장,한우,한우,충청남도 부여군 충화면 천당리 140번지 1호  ,,958.66,30,2026-01-30
수지목장,젖소,젖소,충청남도 부여군 충화면 만지리 393번지 2호  ,,2532.91,115,2026-01-30
가을목장,젖소,젖소,충청남도 부여군 충화면 청남리 126번지 3호  ,충청남도 부여군 충화면 충신로 316,2326.05,26,2026-01-30
지혜목장,한우,"한우, 육우",충청남도 부여군 임천면 군사리 409번지  ,충청남도 부여군 임천면 성흥로 56-6,2045.4,190,2026-01-30
남성목장,한우,한우,충청남도 부여군 임천면 만사리 215번지  ,충청남도 부여군 임천면 만가로122번길 58-12,313.38,30,2026-01-30
칠산목장,한우,한우,충청남도 부여군 임천면 칠산리 140번지 1호  ,,1006.8,30,2026-01-30
미윤목장,젖소,젖소,"충청남도 부여군 장암면 점상리 245번지 1호 외 3필지(236-3, 244-1, 246-1) ",,1834.84,0,2026-01-30
우스목장,한우,한우,충청남도 부여군 석성면 봉정리 781번지  ,충청남도 부여군 석성면 석성로 224-19,1276,4,2026-01-30
신대농장,한우,한우,충청남도 부여군 규암면 합송리 165번지 9호  ,충청남도 부여군 규암면 합송서로 186-99,1318,50,2026-01-30
송이목장,젖소,"육우, 젖소",충청남도 부여군 외산면 반교리 279번지 1호  ,충청남도 부여군 외산면 반교서로 40-27,468.66,25,2026-01-30
선호농장,육계,육계,충청남도 부여군 내산면 금지리 71번지 2호  ,충청남도 부여군 내산면 삽티로 576,3399,60000,2026-01-30
하은농장,육계,육계,충청남도 부여군 임천면 점리 564번지 3호 외 3필지 ,,1643.5,40000,2026-01-30
푸른농장,육계,육계,충청남도 부여군 석성면 비당리 402번지  ,충청남도 부여군 석성면 비당로247번길 34-28,3275.6,23000,2026-01-30
가증농장,한우,한우,충청남도 부여군 부여읍 가증리 159번지 1호  ,충청남도 부여군 부여읍 삼충로120번길 39,555.02,30,2026-01-30
성헌목장,젖소,젖소,충청남도 부여군 은산면 경둔리 123번지  ,,1700,50,2026-01-30
율암육계,육계,육계,충청남도 부여군 내산면 율암리 490번지  ,,2488.5,45000,2026-01-30
대진농장,한우,한우,충청남도 부여군 부여읍 신정리 231번지  ,충청남도 부여군 부여읍 대울로 172-46,1679.78,100,2026-01-30
한우농장,한우,한우,충청남도 부여군 은산면 가중리 300번지  ,충청남도 부여군 은산면 은남로130번길 25-20,193.6,19,2026-01-30
건영농장,육우,육우,충청남도 부여군 초촌면 소사리 619번지 2호  ,,726,30,2026-01-30
하늘농장,한우,한우,충청남도 부여군 은산면 대양리 294번지  ,충청남도 부여군 은산면 충절로대양7길 77,3689.29,368,2026-01-30
한우농장,한우,한우,충청남도 부여군 외산면 전장리 199번지 4호  ,충청남도 부여군 외산면 만수로 587,899.4,30,2026-01-30
고센농장,육계,,충청남도 부여군 부여읍 저석리 430번지 2호  ,,856.44,0,2026-01-30
호암축산,한우,한우,충청남도 부여군 남면 송암리 271번지 1호  ,충청남도 부여군 남면 남성로 605,608,50,2026-01-30
부여축협생축사업장,한우,한우,충청남도 부여군 임천면 점리 산 101번지 1호  ,충청남도 부여군 임천면 충절로1462번길 92,6388.5,65,2026-01-30
대양농장,한우,한우,충청남도 부여군 장암면 석동리 20번지  ,충청남도 부여군 장암면 석동로 149-14,1368.47,50,2026-01-30
청송농장,한우,한우,충청남도 부여군 세도면 청송리 246번지 3호  ,,396,30,2026-01-30
반조원축산,한우,한우,충청남도 부여군 세도면 반조원리 218번지 1호  ,충청남도 부여군 세도면 세도로 454-7,865,50,2026-01-30
두레축산,한우,한우,충청남도 부여군 부여읍 송곡리 363번지 3호  ,,1150,30,2026-01-30
종남농장,한우,한우,충청남도 부여군 은산면 은산리 33번지 6호  ,충청남도 부여군 은산면 충의로 577-6,320,19,2026-01-30
화성농장,한우,한우,충청남도 부여군 외산면 화성리 578번지 1호 578-3 ,충청남도 부여군 외산면 조령서로73번길 25,665.43,50,2026-01-30
남면농장,육계,육계,충청남도 부여군 남면 내곡리 215번지 9호  ,충청남도 부여군 남면 남성로 310,1389.34,0,2026-01-30
석영농장,한우,한우,충청남도 부여군 양화면 수원리 540번지 1호  ,,275.38,27,2026-01-30
병호농장,한우,한우,충청남도 부여군 은산면 회곡리 2-1번지  ,,233.6,20,2026-01-30
현대농장,육계,육계,충청남도 부여군 외산면 장항리 380번지  ,충청남도 부여군 외산면 만수로 335,2470.41,35000,2026-01-30
수목장,한우,한우,충청남도 부여군 구룡면 죽절리 2번지 1호  ,충청남도 부여군 구룡면 충의로 121-3,401.2,20,2026-01-30
충석목장,육우,육우,충청남도 부여군 구룡면 죽절리 1번지 1호  ,,504,70,2026-01-30
종합농장,한우,육우,충청남도 부여군 장암면 석동리 260번지  ,충청남도 부여군 장암면 석동로 149-14,6089.08,300,2026-01-30
성지목장,젖소,젖소,충청남도 부여군 장암면 지토리 913번지 1호  ,충청남도 부여군 장암면 위덕로성북2길 20,2247.5,80,2026-01-30
에스비팜부여 농업회사법인 주식회사,돼지,돼지,충청남도 부여군 석성면 증산리 300번지 1호  ,충청남도 부여군 석성면 증산천길 112,2340,1000,2026-01-30
오밭농장,한우,한우,충청남도 부여군 양화면 송정리 418번지 1호  ,충청남도 부여군 양화면 양화북로233번길 72,3236.3,100,2026-01-30
상원육계,육계,육계,충청남도 부여군 임천면 점리 288번지  ,,4295,80000,2026-01-30
선우농장,한우,한우,충청남도 부여군 초촌면 송국리 205번지  ,충청남도 부여군 초촌면 선사로225번길 11-9,95.9,5,2026-01-30
미성농장,한우,한우,충청남도 부여군 초촌면 송정리 311번지 10호  ,,600,20,2026-01-30
형제목장,한우,한우,충청남도 부여군 내산면 온해리 121번지  ,,1095.18,157,2026-01-30
송학농장,육계,육계,충청남도 부여군 남면 송학리 195번지 1호  ,,3341.13,0,2026-01-30
자매목장,젖소,젖소,충청남도 부여군 양화면 벽용리 102번지  ,충청남도 부여군 양화면 양화북로62번길 22-49,1046.96,50,2026-01-30
삼정팜,돼지,돼지,충청남도 부여군 양화면 수원리 329번지 3호  ,,1795.74,1400,2026-01-30
움트목장,젖소,젖소,충청남도 부여군 세도면 청송리 605번지  ,충청남도 부여군 세도면 세도로 119-10,1121.1,60,2026-01-30
명성농장,한우,한우,충청남도 부여군 초촌면 신암리 818번지 3호  ,충청남도 부여군 초촌면 응신길 315,1176,100,2026-01-30
대광목장,한우,한우,충청남도 부여군 은산면 대양리 181번지 2호  ,,846,50,2026-01-30
임천농장,한우,"한우, 육계",충청남도 부여군 임천면 점리 110번지  ,,3955.8,50070,2026-01-30
SM농장,육계,,"충청남도 부여군 초촌면 소사리 619번지 4호 외2필지(619-13, 14) ",,3015.02,0,2026-01-30
운성농장,한우,육우,충청남도 부여군 부여읍 송곡리 393번지 2호  ,충청남도 부여군 부여읍 삼충로 180-20,1377.71,50,2026-01-30
용두축산,한우,한우,충청남도 부여군 은산면 신대리 117번지 7호  ,충청남도 부여군 은산면 충의로749번길 21,330,10,2026-01-30
장벌리축산,한우,한우,충청남도 부여군 은산면 장벌리 201번지 3호  ,,750,25,2026-01-30
효성목장,젖소,젖소,충청남도 부여군 남면 금천리 308번지 24호  ,,1285.87,22,2026-01-30
송현농장,육계,육계,충청남도 부여군 초촌면 송국리 555번지 2호  ,충청남도 부여군 초촌면 송국로80번길 50-20,2922.15,60000,2026-01-30
자왕축산,한우,한우,충청남도 부여군 부여읍 자왕리 79번지 1호  ,충청남도 부여군 부여읍 삼충로 380,97.5,9,2026-01-30
죽산목장,젖소,젖소,충청남도 부여군 구룡면 죽절리 223번지  ,충청남도 부여군 구룡면 망해로54번길 45,502.7,25,2026-01-30
임천축산,한우,한우,충청남도 부여군 임천면 점리 720번지  ,,486.8,20,2026-01-30
문성목장,한우,육우,충청남도 부여군 남면 마정리 598번지 1호  ,,1048,0,2026-01-30
일오삼농장,한우,한우,충청남도 부여군 임천면 탑산리 735번지 2호  ,충청남도 부여군 임천면 탑산로112번길 42,1351.8,60,2026-01-30
죽림농장,돼지,돼지,충청남도 부여군 세도면 동사리 107번지 3호  ,충청남도 부여군 세도면 성흥로 584-43,2068,1200,2026-01-30
원농장,한우,한우,충청남도 부여군 세도면 수고리 225번지 4호  ,충청남도 부여군 세도면 사동로120번길 46-9,1276.6,60,2026-01-30
화수육계,육계,육계,충청남도 부여군 세도면 화수리 산 65번지 2호  ,,0,30000,2026-01-30
제일농장,돼지,,"충청남도 부여군 석성면 증산리 719번지 1호 외 4필지(721-3,1287-10, 1287-13, 1287-30) ",,2603.58,0,2026-01-30
금공농장Ⅱ,한우,한우,충청남도 부여군 은산면 금공리 358번지  ,충청남도 부여군 은산면 금공서로73번길 52,931.8,50,2026-01-30
벌말목장,한우,한우,충청남도 부여군 은산면 장벌리 300번지  ,,396,20,2026-01-30
벌말목장,한우,한우,충청남도 부여군 은산면 장벌리 261번지  ,,623,30,2026-01-30
은산축산,한우,한우,충청남도 부여군 은산면 가중리 322번지  ,충청남도 부여군 은산면 은남로130번길 61,516.32,40,2026-01-30
맥우방농장,한우,한우,충청남도 부여군 은산면 가곡리 140번지  ,충청남도 부여군 은산면 매화로7번길 46-8,1961.9,265,2026-01-30
피그뱅크영농조합법인,돼지,돼지,충청남도 부여군 내산면 금지리 2번지 5호  ,충청남도 부여군 내산면 삽티로 750,3794.86,1600,2026-01-30
(주)선두(부여지점),종계/산란계,육계,충청남도 부여군 충화면 천당리 607번지 외1(806-2) ,충청남도 부여군 충화면 충신로 121,2718,22000,2026-01-30
태안양계장제2농장,육계,,충청남도 부여군 장암면 지토리 924번지 1호 외 1필지(923-2) ,,1864.8,0,2026-01-30
재림농장,한우,,충청남도 부여군 초촌면 진호리 296번지 7호  ,충청남도 부여군 초촌면 진호로 97,2528,0,2026-01-30
하늘목장,한우,한우,충청남도 부여군 내산면 율암리 128번지 3호  ,,800,96,2026-01-30
농업회사법인 주식회사 도암농장(1농장),돼지,,충청남도 부여군 양화면 시음리 504번지 8호  ,충청남도 부여군 양화면 수시로 182-17,21120.88,0,2026-01-30
신용농장,육계,육계,충청남도 부여군 남면 삼용리 327번지 17호  ,,3148.8,0,2026-01-30
대양축산,한우,한우,충청남도 부여군 은산면 대양리 15-23 외1(15-24) ,,930,93,2026-01-30
청산농장,돼지,돼지,충청남도 부여군 양화면 수원리 29번지  ,충청남도 부여군 양화면 망배로 63,2909.9,2500,2026-01-30
희봉농장,육계,육계,충청남도 부여군 은산면 홍산리 산 10번지 1호  ,,1599.5,25000,2026-01-30
가중농장,한우,한우,충청남도 부여군 은산면 가중리 494번지 1호  ,충청남도 부여군 은산면 은남로 37-11,500.41,40,2026-01-30
야호농장,한우,한우,충청남도 부여군 부여읍 송곡리 355번지 2호  ,충청남도 부여군 부여읍 삼충로216번길 24-47,450,9,2026-01-30
문신한우농장,한우,한우,충청남도 부여군 외산면 문신리 344번지  ,충청남도 부여군 외산면 문신로16번길 100,778.6,35,2026-01-30
택희농장,한우,한우,충청남도 부여군 세도면 동사리 425번지  ,충청남도 부여군 세도면 동수로 14-26,192,12,2026-01-30
계룡축산,한우,한우,충청남도 부여군 은산면 홍산리 402번지  ,,279.71,25,2026-01-30
성림원 축산,한우,한우,충청남도 부여군 은산면 오번리 745번지 2호  ,,287.62,21,2026-01-30
우리농장,한우,한우,충청남도 부여군 은산면 가곡리 산 79번지 1호  ,충청남도 부여군 은산면 지천로 231-19,300,13,2026-01-30
부여 계룡축산,한우,한우,충청남도 부여군 은산면 홍산리 404번지 1호  ,,798,50,2026-01-30
예본축산,한우,한우,충청남도 부여군 내산면 주암리 221번지  ,충청남도 부여군 내산면 녹간로 107,195.7,10,2026-01-30
정축산,한우,한우,충청남도 부여군 구룡면 용당리 87번지 2호  ,충청남도 부여군 구룡면 부두로289번안길 15,384,28,2026-01-30
헌수농장,한우,한우,충청남도 부여군 구룡면 용당리 698번지 2호  ,,1900,30,2026-01-30
대근목장,한우,한우,충청남도 부여군 충화면 팔충리 476번지  ,충청남도 부여군 충화면 충신로 1063,256,16,2026-01-30
충화축산,한우,,충청남도 부여군 충화면 팔충리 510번지  ,,667.86,0,2026-01-30
신진농장,한우,한우,충청남도 부여군 초촌면 산직리 161번지  ,,870,35,2026-01-30
탑산농장,한우,한우,충청남도 부여군 임천면 탑산리 182번지 7호  ,,1149.25,15,2026-01-30
발티농장,한우,한우,충청남도 부여군 장암면 점상리 18번지 1호  ,,246,35,2026-01-30
정모농장,한우,한우,충청남도 부여군 부여읍 저석리 230번지 5호  ,,498,20,2026-01-30
옥우영농조합법인,한우,한우,충청남도 부여군 외산면 전장리 191번지  ,충청남도 부여군 외산면 만수로 604-30,500,9,2026-01-30
둥글제농장,한우,한우,충청남도 부여군 규암면 수목리 391번지  ,충청남도 부여군 규암면 호반로1번길 17-48,197.4,16,2026-01-30
부원농장,한우,한우,충청남도 부여군 옥산면 상기리 3번지 2호  ,,834,30,2026-01-30
재영농장,한우,한우,충청남도 부여군 임천면 점리 768번지 4호  ,충청남도 부여군 임천면 남성로 1049,279.45,36,2026-01-30
수림농원,한우,한우,충청남도 부여군 내산면 금지리 539번지  ,,1190,60,2026-01-30
하나농장,한우,한우,"충청남도 부여군 충화면 복금리 457번지 ,458 ",,396.63,13,2026-01-30
조은농장,한우,한우,충청남도 부여군 임천면 점리 668번지 1호  ,충청남도 부여군 임천면 남성로 1063-3,94.35,20,2026-01-30
상원농장,한우,한우,충청남도 부여군 초촌면 소사리 545번지  ,,315.27,45,2026-01-30
대성농장,한우,한우,충청남도 부여군 초촌면 소사리 538번지  ,충청남도 부여군 초촌면 소호로 95-17,83,11,2026-01-30
정원농장,한우,한우,충청남도 부여군 초촌면 소사리 238번지 1호  ,충청남도 부여군 초촌면 산사로 131,150.1,10,2026-01-30
수목농장,한우,한우,충청남도 부여군 규암면 수목리 487번지 1호  ,,512,30,2026-01-30
M.J.Farm,한우,한우,충청남도 부여군 은산면 오번리 696번지 2호  ,충청남도 부여군 은산면 은북로 306-30,1050,105,2026-01-30
나래목장,젖소,젖소,"충청남도 부여군 은산면 내지리 253-1 외 2(252,253) ",충청남도 부여군 은산면 내대로 197-57,1810.91,52,2026-01-30
조은농장(2),한우,,충청남도 부여군 장암면 점상리 23번지 1호  ,,714.32,0,2026-01-30
반조원축산,한우,한우,충청남도 부여군 세도면 반조원리 291번지 외 2필지 ,,315,25,2026-01-30
원광농장,한우,한우,충청남도 부여군 초촌면 소사리 386번지 2호  ,충청남도 부여군 초촌면 선사로 422,319.5,41,2026-01-30
라복농장,한우,한우,충청남도 부여군 규암면 나복리 669번지 5호  ,,150.45,15,2026-01-30
소사농장,한우,한우,충청남도 부여군 초촌면 소사리 657번지  ,충청남도 부여군 초촌면 국사로93번길 103,414.56,32,2026-01-30
영국농장,한우,한우,충청남도 부여군 석성면 봉정리 866번지  ,충청남도 부여군 석성면 석성로 285-6,151.3,3,2026-01-30
한우리농장,한우,한우,충청남도 부여군 임천면 칠산리 98번지 7호  ,,1400,42,2026-01-30
도지터농장,한우,한우,충청남도 부여군 장암면 석동리 674번지 1호  ,,182.2,11,2026-01-30
금암축산,한우,한우,충청남도 부여군 규암면 금암리 54번지 9호  ,,285.12,25,2026-01-30
부여형제축산,한우,한우,충청남도 부여군 은산면 대양리 136번지 외1(136-1) ,,620.19,50,2026-01-30
거전농장,한우,한우,충청남도 부여군 은산면 거전리 514번지 1호  ,,265.23,18,2026-01-30
번호골농장,한우,한우,충청남도 부여군 충화면 지석리 744번지 1호  ,,45,10,2026-01-30
청등농장,한우,한우,충청남도 부여군 충화면 청남리 287번지  ,충청남도 부여군 충화면 충신로266번길 47-7,572,17,2026-01-30
한아름농장,한우,한우,충청남도 부여군 초촌면 세탑리 368번지 2호  ,,790,145,2026-01-30
금공농장,한우,한우,충청남도 부여군 은산면 금공리 367번지  ,충청남도 부여군 은산면 금공서로73번길 48-11,192,30,2026-01-30
협동농장,한우,한우,충청남도 부여군 규암면 오수리 201번지  ,,201.62,11,2026-01-30
거전농장,한우,한우,충청남도 부여군 은산면 거전리 78번지 2호  ,,307.99,20,2026-01-30
지경목장,한우,한우,충청남도 부여군 부여읍 능산리 15번지  ,,782,35,2026-01-30
중앙농장,한우,한우,충청남도 부여군 은산면 은산리 207번지  ,충청남도 부여군 은산면 충절로2883번길 13,2611,60,2026-01-30
초촌축산,한우,한우,충청남도 부여군 초촌면 추양리 200번지 4호  ,,1010,50,2026-01-30
정순농장,한우,한우,충청남도 부여군 석성면 석성리 811번지 2호  ,충청남도 부여군 석성면 석성남로 48-27,291.35,9,2026-01-30
석영농장,한우,한우,충청남도 부여군 석성면 석성리 430번지 1호  ,충청남도 부여군 석성면 석성로 89,198,7,2026-01-30
상도농장,한우,한우,충청남도 부여군 초촌면 세탑리 92번지 50호  ,충청남도 부여군 초촌면 금백로 965-89,499,28,2026-01-30
운학농장,한우,한우,충청남도 부여군 석성면 봉정리 177번지 7호  ,충청남도 부여군 석성면 석성남로 229,604.93,14,2026-01-30
하염목장,한우,한우,충청남도 부여군 부여읍 현북리 954번지 1호  ,,250,7,2026-01-30
산들농장,육계,육계,충청남도 부여군 세도면 화수리 203번지  ,충청남도 부여군 세도면 세도북로 210-46,2106.81,35000,2026-01-30
오번농장,한우,한우,충청남도 부여군 은산면 오번리 753번지  ,,159.48,15,2026-01-30
부부농장,한우,한우,충청남도 부여군 은산면 가중리 427번지  ,,99.75,18,2026-01-30
남산농장,한우,한우,충청남도 부여군 장암면 상황리 350번지 2호  ,충청남도 부여군 장암면 위덕로 589,350,15,2026-01-30
장산농장,한우,한우,충청남도 부여군 세도면 장산리 산 108번지  ,충청남도 부여군 세도면 인세로81번길 57-5,293.41,20,2026-01-30
만수농장,한우,한우,충청남도 부여군 외산면 만수리 산 3번지 6호  ,,305.5,20,2026-01-30
청송농장,한우,한우,충청남도 부여군 세도면 청송리 427번지 1호  ,,137.9,20,2026-01-30
우평농장,한우,한우,충청남도 부여군 남면 마정리 70번지 3호  ,,176.78,32,2026-01-30
성문농장,한우,,"충청남도 부여군 규암면 신성리 517번지 2호 , 518 ",,600,0,2026-01-30
수목농장,종계/산란계,종계/산란계,충청남도 부여군 규암면 합송리 산 2번지  ,충청남도 부여군 규암면 흥수로561번길 74-27,554.01,10000,2026-01-30
장수농장,한우,한우,충청남도 부여군 규암면 내리 293번지 26호  ,충청남도 부여군 규암면 흥수로 800-56,794.86,43,2026-01-30
김국환,한우,한우,충청남도 부여군 은산면 장벌리 343번지 1호  ,,325.38,40,2026-01-30
거전농장,한우,한우,충청남도 부여군 은산면 거전리 35번지  ,,325.39,23,2026-01-30
청포농장,한우,한우,충청남도 부여군 세도면 청포리 산 14번지 3호  ,,48.5,4,2026-01-30
부자농장,한우,한우,충청남도 부여군 세도면 반조원리 350번지 2호  ,충청남도 부여군 세도면 세도로 417,432,67,2026-01-30
경호축산,한우,한우,충청남도 부여군 은산면 은산리 103번지 5호  ,,214.83,30,2026-01-30
세광축산,한우,한우,충청남도 부여군 남면 금천리 419번지 9호  ,충청남도 부여군 남면 팔충로 207-15,940,103,2026-01-30
흥모농장,한우,한우,충청남도 부여군 장암면 북고리 635번지 2호 외 1필지 ,,449.02,15,2026-01-30
철수농장,한우,한우,충청남도 부여군 홍산면 무정리 332번지  ,충청남도 부여군 홍산면 조무로131번길 95,787.5,110,2026-01-30
이강농장,한우,한우,충청남도 부여군 은산면 가중리 478번지 15호  ,,500,51,2026-01-30
인현목장,한우,한우,충청남도 부여군 임천면 칠산리 106번지  ,,700,80,2026-01-30
이육축산,한우,한우,충청남도 부여군 구룡면 용당리 415번지 9호  ,충청남도 부여군 구룡면 용당로80번길 5,447,12,2026-01-30
호암상민농장,한우,한우,충청남도 부여군 규암면 호암리 58번지 11호  ,,208.78,20,2026-01-30
우리농장,한우,한우,충청남도 부여군 규암면 신성리 304번지  ,충청남도 부여군 규암면 서궁로287번길 34,119.2,15,2026-01-30
두곡목장,한우,한우,충청남도 부여군 임천면 두곡리 30번지  ,,171.1,53,2026-01-30
잠비농장,한우,한우,충청남도 부여군 내산면 운치리 552번지 3호  ,,267.5,25,2026-01-30
가곡농장,한우,"한우, 육우",충청남도 부여군 은산면 가곡리 73번지  ,충청남도 부여군 은산면 매화로7번길 1,944,59,2026-01-30
무정농장,한우,한우,충청남도 부여군 홍산면 무정리 170번지 3호  ,충청남도 부여군 홍산면 조무로176번길 29-3,230,30,2026-01-30
장원농장,한우,한우,충청남도 부여군 부여읍 능산리 37번지  ,충청남도 부여군 부여읍 왕릉로324번길 8-4,350,75,2026-01-30
합수농장,한우,한우,충청남도 부여군 은산면 합수리 518번지 4호  ,,326.16,10,2026-01-30
남산농장,한우,한우,충청남도 부여군 장암면 하황리 435번지 2호  ,충청남도 부여군 장암면 상하로90번길 42,1400.62,40,2026-01-30
부형농장,한우,한우,충청남도 부여군 임천면 구교리 280번지 1호  ,충청남도 부여군 임천면 성흥로 260,307.11,15,2026-01-30
재경농장,염소,염소,충청남도 부여군 내산면 금지리 161번지  ,충청남도 부여군 내산면 금지로 191,392.22,200,2026-01-30
영덕농장,한우,한우,충청남도 부여군 은산면 대양리 252번지 1호  ,충청남도 부여군 은산면 충절로대양4길 26,219.42,17,2026-01-30
오번농장,한우,한우,충청남도 부여군 은산면 오번리 110번지 5호  ,,178.69,6,2026-01-30
태성농장,한우,한우,충청남도 부여군 초촌면 신암리 50번지  ,충청남도 부여군 초촌면 신암로 301-7,535.55,20,2026-01-30
송국농장,한우,한우,충청남도 부여군 초촌면 송국리 118번지 6호  ,충청남도 부여군 초촌면 선사로 256-15,576,48,2026-01-30
계룡축산,한우,,충청남도 부여군 은산면 홍산리 390번지 4호  ,,509.31,0,2026-01-30
가나안농장,한우,한우,충청남도 부여군 규암면 수목리 458번지 1호 외 2필지 ,,450,27,2026-01-30
성수농장,한우,한우,충청남도 부여군 규암면 호암리 10번지 2호  ,충청남도 부여군 규암면 백제문로호암길 86-1,145.59,8,2026-01-30
승학농장,한우,한우,충청남도 부여군 규암면 호암리 60번지 5호  ,,403.35,21,2026-01-30
백준농장,한우,한우,충청남도 부여군 규암면 나복리 563번지 4호  ,,50,10,2026-01-30
유곡농장,한우,한우,충청남도 부여군 남면 회동리 270번지  ,충청남도 부여군 남면 회동로 53-3,227.41,27,2026-01-30
청솔농장,한우,한우,"충청남도 부여군 부여읍 능산리 65번지 3호 외2(65-1,65-5) ",,420,30,2026-01-30
송간농장,한우,,충청남도 부여군 부여읍 송간리 89번지 1호  ,충청남도 부여군 부여읍 송간로 190,225.58,0,2026-01-30
온탑축산,한우,한우,충청남도 부여군 은산면 나령리 478번지  ,,104.69,3,2026-01-30
재선농장,한우,한우,충청남도 부여군 은산면 금공리 378번지  ,충청남도 부여군 은산면 금공서로73번길 36,182.65,10,2026-01-30
금공농장,한우,한우,충청남도 부여군 은산면 금공리 342번지  ,,148.5,22,2026-01-30
곡부농장,한우,한우,충청남도 부여군 은산면 가곡리 142번지  ,,355.5,10,2026-01-30
거전농장,한우,한우,충청남도 부여군 은산면 거전리 139번지  ,,422.4,22,2026-01-30
우주농원,한우,한우,충청남도 부여군 은산면 가곡리 419번지 1호  ,,686.94,15,2026-01-30
호암농장,한우,한우,충청남도 부여군 규암면 호암리 105번지  ,충청남도 부여군 규암면 백제문로호암길 74-22,326,10,2026-01-30
광배농장,한우,한우,충청남도 부여군 은산면 합수리 188번지 1호  ,,391,29,2026-01-30
춘기농장,한우,한우,"충청남도 부여군 은산면 대양리 85-5 외2(86-4,86-9) ",,445.9,40,2026-01-30
각대리농장,한우,한우,충청남도 부여군 은산면 각대리 306번지  ,충청남도 부여군 은산면 은남로 551,400,40,2026-01-30
은산농장,한우,한우,충청남도 부여군 은산면 은산리 54번지 11호  ,충청남도 부여군 은산면 은산로15번길 51,249.69,10,2026-01-30
합수농장,한우,한우,충청남도 부여군 은산면 합수리 279번지  ,충청남도 부여군 은산면 합수로46번길 2-5,80.4,15,2026-01-30
임농장,한우,한우,충청남도 부여군 은산면 신대리 219번지  ,충청남도 부여군 은산면 충의로 753,29.4,7,2026-01-30
승훈축산,한우,한우,충청남도 부여군 은산면 대양리 85번지 2호  ,,1100,110,2026-01-30
조현농장,한우,한우,충청남도 부여군 홍산면 조현리 345번지 1호  ,충청남도 부여군 홍산면 조현로43번길 85-15,165.1,4,2026-01-30
용정농원,한우,한우,충청남도 부여군 옥산면 봉산리 390번지  ,충청남도 부여군 옥산면 봉산로 182-14,234.35,24,2026-01-30
은환농장,한우,한우,충청남도 부여군 옥산면 홍연리 366번지  ,충청남도 부여군 옥산면 홍연로 129,291.04,49,2026-01-30
청성목장,한우,한우,충청남도 부여군 세도면 청송리 305번지 10호  ,,1393.3,139,2026-01-30
금암농장,한우,한우,충청남도 부여군 규암면 금암리 381번지  ,,300,20,2026-01-30
여울농장,한우,한우,충청남도 부여군 규암면 내리 543번지 3호  ,충청남도 부여군 규암면 내동로91번길 38,305,15,2026-01-30
두식농장,한우,한우,충청남도 부여군 규암면 수목리 519번지 1호  ,,71.5,9,2026-01-30
분꽃농장,한우,한우,충청남도 부여군 홍산면 조현리 407번지 1호  ,충청남도 부여군 홍산면 조현로43번길 39,89.49,12,2026-01-30
대야곡농장,한우,한우,충청남도 부여군 홍산면 조현리 287번지 1호  ,충청남도 부여군 홍산면 조무로46번길 9,98,9,2026-01-30
광현농장,한우,한우,충청남도 부여군 은산면 홍산리 411번지 1호  ,충청남도 부여군 은산면 충절로홍산2길 105,640,65,2026-01-30
황산목장,한우,한우,충청남도 부여군 은산면 홍산리 61번지  ,,128,9,2026-01-30
용현농장,한우,한우,충청남도 부여군 세도면 귀덕리 446번지 6호  ,충청남도 부여군 세도면 인세로53번길 13,261.6,20,2026-01-30
언복농장,한우,한우,충청남도 부여군 규암면 수목리 514번지 13호  ,충청남도 부여군 규암면 충의로 167,124.56,14,2026-01-30
선농장,염소,한우,충청남도 부여군 세도면 반조원리 269번지  ,,200,19,2026-01-30
반호농장,한우,한우,충청남도 부여군 세도면 반조원리 501번지  ,,144,17,2026-01-30
권농장,한우,한우,충청남도 부여군 은산면 합수리 289번지  ,충청남도 부여군 은산면 합수로46번길 13,38,5,2026-01-30
금천축산,한우,한우,충청남도 부여군 남면 금천리 338번지 2호  ,,1035,50,2026-01-30
수촌농장,한우,한우,충청남도 부여군 규암면 수목리 10번지  ,,78.72,6,2026-01-30
형호축산,한우,한우,충청남도 부여군 초촌면 진호리 75번지 3호  ,충청남도 부여군 초촌면 소호로 128-20,228,4,2026-01-30
세종축산,한우,한우,충청남도 부여군 은산면 금공리 322번지 3호  ,,316,16,2026-01-30
조현농장,한우,한우,충청남도 부여군 홍산면 조현리 329번지  ,,61.2,2,2026-01-30
구연농장,한우,한우,충청남도 부여군 옥산면 대덕리 101번지  ,충청남도 부여군 옥산면 대백제로일유길 78,135.34,9,2026-01-30
남주농장,한우,한우,충청남도 부여군 남면 금천리 428번지  ,충청남도 부여군 남면 팔충로 207-12,360,11,2026-01-30
순희농장,한우,한우,충청남도 부여군 남면 송학리 293번지  ,,69,2,2026-01-30
가탑리축산,한우,한우,충청남도 부여군 부여읍 가탑리 207번지  ,충청남도 부여군 부여읍 가탑로 103-20,250,14,2026-01-30
규암농장,한우,한우,충청남도 부여군 규암면 규암리 66번지 2호  ,충청남도 부여군 규암면 백제문로 7-17,96,5,2026-01-30
원문농장,한우,한우,충청남도 부여군 장암면 원문리 24번지  ,충청남도 부여군 장암면 장암로 205-2,231,22,2026-01-30
하늘농장,한우,한우,충청남도 부여군 초촌면 응평리 197번지  ,충청남도 부여군 초촌면 초촌로31번길 45,305,28,2026-01-30
일흥농장,한우,한우,충청남도 부여군 장암면 석동리 172번지  ,,421.92,22,2026-01-30
무정농장,한우,한우,충청남도 부여군 홍산면 무정리 237번지  ,,30.08,4,2026-01-30
사비농장,한우,한우,충청남도 부여군 은산면 대양리 86번지 2호  ,,1561.48,100,2026-01-30
대양농장,한우,한우,충청남도 부여군 은산면 대양리 127번지 1호  ,,212,15,2026-01-30
대흥농장,한우,한우,충청남도 부여군 옥산면 수암리 189번지  ,충청남도 부여군 옥산면 안남로135번길 59-3,820.98,10,2026-01-30
상훈농장,한우,한우,충청남도 부여군 임천면 발산리 72번지 1호  ,충청남도 부여군 임천면 만가로273번길 50-41,280,13,2026-01-30
비암농장,한우,,충청남도 부여군 외산면 비암리 296번지 1호  ,,80,0,2026-01-30
충일농장,한우,한우,충청남도 부여군 규암면 나복리 729번지  ,충청남도 부여군 규암면 라복로151번길 135,294.38,23,2026-01-30
나복리농장,한우,한우,충청남도 부여군 규암면 나복리 489번지 4호  ,,75,10,2026-01-30
추양목장,한우,한우,충청남도 부여군 초촌면 추양리 105번지 1호  ,충청남도 부여군 초촌면 응추로104번길 13-24,545.92,52,2026-01-30
제일농장,한우,한우,충청남도 부여군 내산면 저동리 179번지  ,충청남도 부여군 내산면 성충로지우길 12-3,73.1,10,2026-01-30
입석농장,한우,한우,충청남도 부여군 임천면 칠산리 1011번지 6호  ,,558.83,30,2026-01-30
매봉산 농장,한우,한우,충청남도 부여군 장암면 정암리 335번지  ,,267.76,12,2026-01-30
내지농장,한우,한우,충청남도 부여군 은산면 내지리 93번지  ,,269.06,17,2026-01-30
옥가농장,한우,한우,충청남도 부여군 은산면 가곡리 193번지  ,,217.5,20,2026-01-30
원규농장,한우,,충청남도 부여군 남면 금천리 103번지  ,,98,0,2026-01-30
가중농장,한우,한우,충청남도 부여군 은산면 가중리 419번지  ,충청남도 부여군 은산면 은남로130번길 17-9,50.4,7,2026-01-30
하늬프러스농장,한우,한우,충청남도 부여군 은산면 가중리 220번지 5호  ,충청남도 부여군 은산면 은남로 12,396,33,2026-01-30
화랑목장,한우,,충청남도 부여군 부여읍 중정리 420번지  ,충청남도 부여군 부여읍 왕중로104번길 13-22,40,0,2026-01-30
신배농장,한우,한우,충청남도 부여군 외산면 전장리 249번지  ,충청남도 부여군 외산면 만수로 630,181,6,2026-01-30
내곡농장,한우,한우,충청남도 부여군 남면 내곡리 321번지 6호  ,충청남도 부여군 남면 금천로 317-20,98,24,2026-01-30
정일농장,한우,한우,충청남도 부여군 은산면 거전리 327번지  ,,320,13,2026-01-30
두리목장,젖소,젖소,충청남도 부여군 규암면 부여두리 22번지 9호  ,충청남도 부여군 규암면 부두로289번길 141,2835.04,80,2026-01-30
그린농장,한우,한우,충청남도 부여군 남면 내곡리 504번지 6호  ,,283.5,33,2026-01-30
길목장,한우,한우,충청남도 부여군 세도면 장산리 148번지 3호  ,충청남도 부여군 세도면 인세로 213-12,1413,12,2026-01-30
배미실,한우,한우,충청남도 부여군 외산면 비암리 120 외1(118-4) ,충청남도 부여군 외산면 만수로주암길 46,167.85,16,2026-01-30
부여한우농장,한우,한우,충청남도 부여군 규암면 나복리 766번지  ,충청남도 부여군 규암면 라복로151번길 69-5,2495.23,34,2026-01-30
용두농장,한우,한우,충청남도 부여군 은산면 용두리 39번지  ,,79.2,20,2026-01-30
한영목장,한우,한우,충청남도 부여군 석성면 비당리 940번지 13호  ,,350,3,2026-01-30
연무농장,한우,한우,충청남도 부여군 임천면 만사리 629번지 10호  ,충청남도 부여군 임천면 가림로 574,735.46,20,2026-01-30
탑동농장,한우,한우,충청남도 부여군 석성면 현내리 587번지 17호  ,,86,13,2026-01-30
은산협동축산,한우,한우,충청남도 부여군 장암면 정암리 332번지  ,,1000.79,60,2026-01-30
성동목장,한우,"한우, 젖소",충청남도 부여군 임천면 두곡리 449번지  ,충청남도 부여군 임천면 부흥로305번길 87,4356,181,2026-01-30
신성은산골축산농장,한우,한우,"충청남도 부여군 규암면 신성리 513번지 2호 외3필지(513-9, 524, 525) ",,1293.61,129,2026-01-30
얼룩목장,한우,젖소,충청남도 부여군 은산면 내지리 259번지 2호  ,,2299,98,2026-01-30
노화농장,한우,한우,충청남도 부여군 구룡면 구봉리 20번지 2호  ,충청남도 부여군 구룡면 흥수로 472,66,3,2026-01-30
산야유정란,종계/산란계,종계/산란계,충청남도 부여군 초촌면 산직리 366번지  ,,600,2000,2026-01-30
나령농장,한우,한우,충청남도 부여군 은산면 나령리 154번지  ,,349.01,12,2026-01-30
부일농장,육계,육계,충청남도 부여군 부여읍 능산리 479번지  ,,26400,48000,2026-01-30
영희농장,한우,한우,충청남도 부여군 내산면 마전리 166번지  ,충청남도 부여군 내산면 삼바실로76번길 59,528,20,2026-01-30
자선목장,한우,한우,충청남도 부여군 세도면 반조원리 260번지 1호  ,충청남도 부여군 세도면 세도로 436-83,635.46,43,2026-01-30
송이농장,한우,,충청남도 부여군 임천면 두곡리 564번지 5호  ,충청남도 부여군 임천면 두곡로 92-32,416,0,2026-01-30
송곡목장,한우,한우,충청남도 부여군 부여읍 송곡리 334번지 5호  ,충청남도 부여군 부여읍 삼충로216번길 46-17,126,4,2026-01-30
석초농장,한우,,충청남도 부여군 초촌면 연화리 277번지 4호  ,,1080,0,2026-01-30
유하목장,젖소,젖소,충청남도 부여군 장암면 점상리 47번지  ,,2389.19,137,2026-01-30
청송농장,한우,한우,충청남도 부여군 세도면 동사리 591번지  ,,324,17,2026-01-30
금암농장,한우,한우,충청남도 부여군 규암면 금암리 210번지 1호  ,충청남도 부여군 규암면 동궁로 210-7,406,40,2026-01-30
대흥농장,한우,한우,충청남도 부여군 세도면 동사리 616번지  ,,346.5,22,2026-01-30
운학농장,한우,한우,충청남도 부여군 석성면 석성리 1170번지 5호  ,,2081.7,65,2026-01-30
현북농장,한우,한우,충청남도 부여군 부여읍 현북리 516번지  ,충청남도 부여군 부여읍 동문로315번길 17,39.84,12,2026-01-30
청포목장,한우,,충청남도 부여군 세도면 청포리 285번지 4호  ,,1132,0,2026-01-30
산직농장,한우,한우,충청남도 부여군 초촌면 산직리 365번지  ,,691.3,10,2026-01-30
신암축산,한우,한우,충청남도 부여군 초촌면 신암리 184번지 1호 외1 (182) ,충청남도 부여군 초촌면 신암로 214-1,480,10,2026-01-30
능산목장,한우,한우,충청남도 부여군 부여읍 능산리 147번지  ,충청남도 부여군 부여읍 왕릉로 304-20,240,15,2026-01-30
임천군사농장,한우,한우,충청남도 부여군 임천면 군사리 348번지  ,,210,10,2026-01-30
원일축사,한우,한우,충청남도 부여군 부여읍 능산리 147번지  ,충청남도 부여군 부여읍 왕릉로 304-24,80,15,2026-01-30
윤진농장,한우,한우,충청남도 부여군 규암면 신성리 472번지 8호  ,,600,13,2026-01-30
한원목장,한우,한우,충청남도 부여군 석성면 봉정리 827번지 3호  ,,711.9,13,2026-01-30
김삿갓한우농장,한우,한우,충청남도 부여군 석성면 봉정리 735번지 1호  ,,2726,94,2026-01-30
산덕농장,한우,한우,충청남도 부여군 부여읍 염창리 357번지  ,,316,10,2026-01-30
홍산무정축산,한우,한우,충청남도 부여군 홍산면 무정리 134번지 2호  ,,543.6,10,2026-01-30
청송축산,한우,한우,충청남도 부여군 세도면 청송리 72번지 1호  ,충청남도 부여군 세도면 청송로 236,350,5,2026-01-30
미숙농장,한우,한우,충청남도 부여군 세도면 수고리 124번지  ,충청남도 부여군 세도면 대흥로185번길 97-45,144,3,2026-01-30
청송농장,한우,한우,충청남도 부여군 세도면 청송리 485번지 5호  ,충청남도 부여군 세도면 세도로 65-12,96,6,2026-01-30
지수농장,한우,한우,충청남도 부여군 초촌면 세탑리 92번지 46호  ,충청남도 부여군 초촌면 금백로 965-89,330,10,2026-01-30
우리농장,한우,한우,충청남도 부여군 석성면 봉정리 산 42번지  ,충청남도 부여군 석성면 석성남로 144-33,90,18,2026-01-30
은경농장,한우,한우,충청남도 부여군 석성면 증산리 578번지 7호  ,충청남도 부여군 석성면 금백로679번길 30,173,4,2026-01-30
춘남농장,한우,한우,충청남도 부여군 석성면 봉정리 874번지 2호  ,,250,18,2026-01-30
삼거리농장,한우,한우,충청남도 부여군 초촌면 산직리 624번지 2호  ,충청남도 부여군 초촌면 초평로98번길 38-1,49.5,2,2026-01-30
태휘농장,한우,한우,충청남도 부여군 규암면 금암리 207번지 1호  ,,346.5,60,2026-01-30
우평농장2,한우,한우,충청남도 부여군 남면 마정리 1170번지 8호  ,,670,52,2026-01-30
성덕농장,한우,한우,충청남도 부여군 초촌면 초평리 30번지 2호  ,충청남도 부여군 초촌면 초평로216번길 13,200,44,2026-01-30
임천농장,육계,육계,충청남도 부여군 임천면 군사리 466번지  ,,2392.42,35000,2026-01-30
대흥농장,한우,한우,충청남도 부여군 옥산면 수암리 189번지  ,충청남도 부여군 옥산면 안남로135번길 59-3,820,33,2026-01-30
정현농장,한우,한우,충청남도 부여군 세도면 청포리 703번지 3호  ,,399,58,2026-01-30
한우농장,한우,한우,충청남도 부여군 규암면 수목리 102번지  ,충청남도 부여군 규암면 호반로87번길 9-28,396,5,2026-01-30
이레농장,육우,육우,충청남도 부여군 은산면 은산리 195번지 1호  ,충청남도 부여군 은산면 충절로 2861,99,7,2026-01-30
청송농장,한우,한우,충청남도 부여군 세도면 청송리 302번지 1호  ,,2700,10,2026-01-30
수목농장,한우,한우,충청남도 부여군 규암면 수목리 502번지 19통  ,충청남도 부여군 규암면 충의로 181,165,13,2026-01-30
정일농장,한우,한우,충청남도 부여군 임천면 구교리 352번지 6통  ,충청남도 부여군 임천면 구교로75번길 6-9,82,7,2026-01-30
금수목장,한우,,"충청남도 부여군 초촌면 세탑리 92번지 43호 외 4필지(39, 47, 50, 52) ",,930,0,2026-01-30
평안농장,한우,한우,충청남도 부여군 초촌면 소사리 1009번지  ,,1118.8,32,2026-01-30
청송한우농장,한우,한우,충청남도 부여군 초촌면 신암리 798번지 7호  ,,1114.62,123,2026-01-30
동원농장,육계,육계,충청남도 부여군 옥산면 학산리 101번지  ,충청남도 부여군 옥산면 옥산북로 294-36,2515,70000,2026-01-30
종규농장,한우,한우,충청남도 부여군 구룡면 죽절리 64번지  ,,137.5,7,2026-01-30
당골농장,한우,한우,충청남도 부여군 세도면 동사리 57번지 1호  ,충청남도 부여군 세도면 세도로53번길 46-19,513,5,2026-01-30
라복농장,한우,한우,충청남도 부여군 규암면 나복리 664번지 2호  ,충청남도 부여군 규암면 라복로 206-7,274,21,2026-01-30
세중농장,한우,한우,충청남도 부여군 규암면 합송리 723번지 1호  ,충청남도 부여군 규암면 합송서로 102-67,99,4,2026-01-30
응평 축산,한우,한우,충청남도 부여군 초촌면 응평리 454번지 9통  ,충청남도 부여군 초촌면 응신길 46,97.95,15,2026-01-30
복음농장,한우,한우,충청남도 부여군 옥산면 봉산리 12번지 2호  ,충청남도 부여군 옥산면 옥산북로 138,396,9,2026-01-30
구교농장,한우,한우,충청남도 부여군 임천면 구교리 709번지  ,,536.33,14,2026-01-30
내대리 농장,한우,한우,충청남도 부여군 옥산면 내대리 443번지 14통  ,충청남도 부여군 옥산면 옥산동로 60-25,330,18,2026-01-30
남송농장,한우,한우,충청남도 부여군 장암면 합곡리 398번지  ,,494,40,2026-01-30
일희농장,한우,한우,충청남도 부여군 세도면 반조원리 87번지 1호  ,,240,16,2026-01-30
염창농장,한우,한우,충청남도 부여군 부여읍 염창리 180번지 31통  ,충청남도 부여군 부여읍 염창로 101-19,45,3,2026-01-30
신성농장,한우,한우,충청남도 부여군 규암면 신성리 460번지  ,,514.5,15,2026-01-30
호암농장,한우,한우,충청남도 부여군 규암면 호암리 166번지 29통  ,충청남도 부여군 규암면 백제문로호암길 19-17,72,12,2026-01-30
나복농장,한우,한우,충청남도 부여군 규암면 나복리 493번지 2호  ,,1238,40,2026-01-30
부여육종,돼지,돼지,충청남도 부여군 임천면 점리 150번지 1호  ,충청남도 부여군 임천면 위덕로98번길 84,20142.03,6000,2026-01-30
송간농장,한우,,충청남도 부여군 부여읍 송간리 424번지  ,,535,0,2026-01-30
새터농장,한우,한우,충청남도 부여군 충화면 만지리 351번지  ,,343,40,2026-01-30
진변농장,한우,한우,충청남도 부여군 규암면 진변리 215번지 1호  ,충청남도 부여군 규암면 왕흥로 106,384,24,2026-01-30
부여농장,육계,육계,충청남도 부여군 내산면 율암리 547번지 1호  ,충청남도 부여군 내산면 홍내로 456,1808.1,39000,2026-01-30
용정농장,한우,한우,충청남도 부여군 부여읍 용정리 56번지  ,충청남도 부여군 부여읍 독정로 171,197.1,5,2026-01-30
소사농장,한우,한우,충청남도 부여군 초촌면 소사리 619번지 2호  ,,480,35,2026-01-30
구봉농장,한우,한우,충청남도 부여군 구룡면 구봉리 361번지 2호  ,,351,8,2026-01-30
현북농장,한우,한우,충청남도 부여군 부여읍 현북리 38번지  ,충청남도 부여군 부여읍 동문로371번길 63,193.59,10,2026-01-30
영화목장,한우,한우,충청남도 부여군 임천면 칠산리 63번지 2호  ,,191.1,20,2026-01-30
오성농장,한우,한우,충청남도 부여군 내산면 운치리 70번지  ,,330,24,2026-01-30
가곡농장,한우,한우,충청남도 부여군 은산면 가곡리 670번지 1호  ,,396,36,2026-01-30
가곡축산,한우,한우,충청남도 부여군 은산면 가곡리 672번지 1호  ,,396,37,2026-01-30
효순축산,한우,한우,충청남도 부여군 내산면 저동리 102번지  ,,80,4,2026-01-30
조은농장,한우,한우,충청남도 부여군 임천면 점리 527번지 1호  ,충청남도 부여군 임천면 충절로 1465-8,733.3,20,2026-01-30
오산농장,육계,,"충청남도 부여군 외산면 수신리 364번지 3호 외3필지(363, 362, 365) ",,2598.06,0,2026-01-30
팔충농장,한우,한우,충청남도 부여군 충화면 천당리 359번지  ,충청남도 부여군 충화면 덕림남로 76-3,250,28,2026-01-30
석성농장,육계,육계,충청남도 부여군 석성면 석성리 1160번지 8호  ,충청남도 부여군 석성면 석성남로 81,7228.66,142000,2026-01-30
토정농장,한우,한우,충청남도 부여군 홍산면 토정리 177,충청남도 부여군 홍산면 북토로137번길 35-5,864,26,2026-01-30
구룡농장,육계,육계,"충청남도 부여군 구룡면 구봉리 684번지 6호 ,684-10 ",,5022.93,100000,2026-01-30
나복농장,한우,한우,"충청남도 부여군 규암면 나복리 565번지 2호 ,565-3, 562-3, 564-2 ",,655.16,10,2026-01-30
이레농장,육계,육계,충청남도 부여군 충화면 현미리 63번지  ,,2354.33,50000,2026-01-30
명진육계,육계,육계,충청남도 부여군 내산면 금지리 71번지 10호  ,충청남도 부여군 내산면 삽티로 606-3,1727,70000,2026-01-30
라복농장,한우,한우,충청남도 부여군 규암면 나복리 680번지 3호  ,충청남도 부여군 규암면 라복로94번길 33-2,396,20,2026-01-30
희망농장,한우,한우,충청남도 부여군 장암면 원문리 378번지 3호  ,,1991,78,2026-01-30
큰사랑농장,한우,한우,충청남도 부여군 임천면 칠산리 106번지  ,,400,190,2026-01-30
C&K축산,육계,육계,충청남도 부여군 규암면 노화리 16번지 7호  ,충청남도 부여군 규암면 합송서로 184-98,3528,75000,2026-01-30
(주)계원 농업회사법인,육계,육계,충청남도 부여군 장암면 원문리 621번지 3호  ,충청남도 부여군 장암면 충절로 1845-93,3973.4,88000,2026-01-30
한우개발농장,한우,한우,충청남도 부여군 규암면 나복리 556번지 1호  ,,216.26,20,2026-01-30
합곡농장,한우,한우,충청남도 부여군 장암면 합곡리 507번지  ,,225,20,2026-01-30
소부리농장,한우,한우,충청남도 부여군 규암면 나복리 430번지 1호  ,,526,8,2026-01-30
종북농장,한우,한우,충청남도 부여군 석성면 증산리 982번지 13호  ,충청남도 부여군 석성면 종북로 160,231,40,2026-01-30
자은농장,한우,한우,충청남도 부여군 외산면 갈산리 427번지 5호  ,,396,21,2026-01-30
청용농장,한우,한우,충청남도 부여군 장암면 정암리 282번지 (282-6) ,,1872.45,130,2026-01-30
궁말농장,한우,한우,충청남도 부여군 외산면 반교리 28번지  ,충청남도 부여군 외산면 성충로 274-42,302,5,2026-01-30
만수농장,한우,한우,충청남도 부여군 외산면 전장리 249번지 2호  ,충청남도 부여군 외산면 만수로 638,182.4,7,2026-01-30
태영농장,한우,한우,충청남도 부여군 외산면 전장리 218번지  ,충청남도 부여군 외산면 만수로 604-15,181,10,2026-01-30
장암농장,한우,한우,충청남도 부여군 장암면 장하리 809번지 2호 809-3 ,,1197,38,2026-01-30
영재농장,한우,한우,충청남도 부여군 은산면 홍산리 108번지 7호  ,충청남도 부여군 은산면 충절로홍산4길 8-33,1205.1,90,2026-01-30
아침농장,육계,육계,충청남도 부여군 충화면 오덕리 318번지  ,충청남도 부여군 충화면 오덕로86번길 34-98,3753,64000,2026-01-30
증산성 농장,한우,한우,충청남도 부여군 규암면 신성리 519 외1(519-1) ,,450,21,2026-01-30
금강농장,한우,한우,충청남도 부여군 은산면 금공리 432번지  ,,1548,74,2026-01-30
죽절농장,한우,한우,충청남도 부여군 구룡면 죽절리 109번지 7호  ,,842.83,40,2026-01-30
정호농장,한우,한우,충청남도 부여군 은산면 신대리 171번지 2호  ,,607,14,2026-01-30
회동목장,한우,한우,충청남도 부여군 남면 회동리 13번지 1호  ,충청남도 부여군 남면 남성로464번길 39,128.8,11,2026-01-30
합송토종농장,육계,육계,충청남도 부여군 규암면 합송리 1015번지  ,,138,300,2026-01-30
범성농장,한우,한우,충청남도 부여군 은산면 신대리 211번지 3호  ,,265,7,2026-01-30
안한농장,한우,한우,충청남도 부여군 은산면 회곡리 243번지 2호  ,충청남도 부여군 은산면 회곡저실로17번길 23,192,22,2026-01-30
종철농장,한우,한우,충청남도 부여군 은산면 용두리 50번지 2호  ,,372,10,2026-01-30
홍산농장,한우,한우,충청남도 부여군 은산면 홍산리 296번지 2호 외1필지(296-3) ,,750.42,75,2026-01-30
친환경부여농장,한우,한우,충청남도 부여군 초촌면 추양리 521번지 1호  ,,2950,16,2026-01-30
합수농장,한우,한우,충청남도 부여군 은산면 합수리 543번지 18호  ,,400,12,2026-01-30
이장농장,한우,한우,충청남도 부여군 내산면 저동리 137번지  ,,608,25,2026-01-30
부원목장,한우,한우,충청남도 부여군 초촌면 진호리 474번지 3호  ,,704,23,2026-01-30
오번리 농장,한우,한우,충청남도 부여군 은산면 오번리 909번지 1호  ,,350,6,2026-01-30
이수인농장,한우,,충청남도 부여군 은산면 용두리 195번지  ,,74.7,0,2026-01-30
재유농장,한우,한우,충청남도 부여군 내산면 마전리 428번지 5호 외1(449-1) ,,570,20,2026-01-30
희자농장,한우,한우,충청남도 부여군 은산면 경둔리 444번지  ,충청남도 부여군 은산면 은남로194번길 5-11,96,10,2026-01-30
지티농장,한우,한우,충청남도 부여군 내산면 지티리 82번지  ,,288.48,8,2026-01-30
거전농장,한우,한우,충청남도 부여군 은산면 거전리 274번지 1호  ,,283.2,25,2026-01-30
상금농장,한우,한우,충청남도 부여군 부여읍 상금리 2번지 1호  ,,297,17,2026-01-30
세진농장,한우,한우,충청남도 부여군 은산면 회곡리 산 39번지 1호  ,,240.3,20,2026-01-30
건영농장,한우,한우,충청남도 부여군 은산면 홍산리 12번지 7호  ,,224,20,2026-01-30
재우농장,한우,한우,충청남도 부여군 임천면 구교리 433번지 7호  ,충청남도 부여군 임천면 구교로 20,350,45,2026-01-30
신원축산,한우,한우,충청남도 부여군 임천면 구교리 56번지 5호  ,충청남도 부여군 임천면 구교로88번길 88,72,7,2026-01-30
김부환농장,한우,한우,충청남도 부여군 은산면 신대리 246번지 5호  ,,200,13,2026-01-30
효자농장,한우,한우,충청남도 부여군 은산면 대양리 281번지 4호  ,충청남도 부여군 은산면 충절로대양7길 74,467,16,2026-01-30
제강농장,한우,한우,충청남도 부여군 장암면 북고리 323번지 1호  ,,396.9,32,2026-01-30
은혜농장,산양,"산양, 사슴",충청남도 부여군 옥산면 대덕리 542번지  ,충청남도 부여군 옥산면 대덕로 5-17,619,102,2026-01-30
태조농장,한우,한우,충청남도 부여군 석성면 현내리 308번지 1호  ,,724.5,25,2026-01-30
부은농장,한우,한우,충청남도 부여군 은산면 은산리 31번지  ,,78,12,2026-01-30
버들농장,한우,한우,충청남도 부여군 은산면 신대리 507번지  ,충청남도 부여군 은산면 은동로 22,120,2,2026-01-30
솔모농장,한우,한우,충청남도 부여군 은산면 금공리 295번지 1호  ,충청남도 부여군 은산면 금공서로 52-5,796,70,2026-01-30
남은농장,한우,한우,충청남도 부여군 은산면 거전리 163번지  ,충청남도 부여군 은산면 거전로 16,370.8,12,2026-01-30
대림농장,한우,한우,충청남도 부여군 은산면 나령리 98번지  ,,140,11,2026-01-30
윤석농장,한우,한우,충청남도 부여군 은산면 은산리 37번지  ,충청남도 부여군 은산면 충의로 599-22,121,6,2026-01-30
진수농장,한우,한우,충청남도 부여군 은산면 가중리 321번지  ,충청남도 부여군 은산면 은남로130번길 53,256,60,2026-01-30
현도농장,한우,한우,충청남도 부여군 은산면 가곡리 93번지  ,,375,20,2026-01-30
신대축산,한우,한우,충청남도 부여군 은산면 신대리 570번지  ,,621,30,2026-01-30
노화농장,한우,한우,충청남도 부여군 규암면 노화리 295번지 3호  ,충청남도 부여군 규암면 흥수로456번길 47-4,50,8,2026-01-30
유재우농장,한우,한우,충청남도 부여군 임천면 구교리 463번지 10호  ,,330,45,2026-01-30
산수농장,한우,한우,충청남도 부여군 충화면 만지리 882번지 4호  ,충청남도 부여군 충화면 만지서로 187,875.74,46,2026-01-30
철만농장,한우,한우,충청남도 부여군 은산면 대양리 369번지 2호  ,,475,22,2026-01-30
꼭지내농장,한우,한우,충청남도 부여군 은산면 홍산리 353번지  ,,381,60,2026-01-30
가중농장,한우,한우,충청남도 부여군 은산면 가중리 124번지 2호  ,충청남도 부여군 은산면 충의로 566,73.86,16,2026-01-30
문식농장,한우,한우,충청남도 부여군 은산면 홍산리 490번지 1호  ,,216,3,2026-01-30
문식농장,한우,한우,충청남도 부여군 은산면 홍산리 4901번지  ,,216,3,2026-01-30
돼지골농장,한우,한우,충청남도 부여군 은산면 거전리 116번지 1호  ,충청남도 부여군 은산면 지천로 487-63,108,2,2026-01-30
황산농장,한우,한우,충청남도 부여군 은산면 홍산리 18번지 12호  ,충청남도 부여군 은산면 충절로홍산1길 6-9,58.5,8,2026-01-30
정훈농장,한우,한우,충청남도 부여군 은산면 대양리 324번지 2호  ,,300,20,2026-01-30
샛별농장,한우,한우,충청남도 부여군 은산면 오번리 산 87번지  ,,72.5,16,2026-01-30
연일축산,한우,한우,충청남도 부여군 구룡면 용당리 1231번지 1호  ,,331,23,2026-01-30
기영농장,한우,한우,충청남도 부여군 은산면 대양리 286번지 3호  ,충청남도 부여군 은산면 충절로대양7길 34,150,6,2026-01-30
선화네농장,한우,한우,충청남도 부여군 은산면 가곡리 283번지 1호  ,,410,24,2026-01-30
귀골농장,한우,한우,충청남도 부여군 은산면 금공리 456번지  ,,516,38,2026-01-30
석기농장,한우,한우,충청남도 부여군 은산면 각대리 107번지 1호  ,충청남도 부여군 은산면 은남로 437-52,225,17,2026-01-30
재호농장,한우,한우,충청남도 부여군 은산면 신대리 237번지  ,,100,3,2026-01-30
상호축산,한우,한우,충청남도 부여군 은산면 오번리 84번지  ,충청남도 부여군 은산면 은북로56번길 17-6,91,7,2026-01-30
대환농장,한우,한우,충청남도 부여군 은산면 가곡리 365번지 3호  ,충청남도 부여군 은산면 매화로7번길 101-8,50,2,2026-01-30
일은축산,한우,한우,충청남도 부여군 임천면 만사리 111번지 3호  ,충청남도 부여군 임천면 만가로 23-7,128,12,2026-01-30
기륜축산,한우,한우,충청남도 부여군 은산면 신대리 305번지 34호  ,,132,5,2026-01-30
하섭농장,한우,한우,충청남도 부여군 은산면 내지리 169번지 1호  ,충청남도 부여군 은산면 내대로130번길 13,50,3,2026-01-30
홍수농장,한우,,충청남도 부여군 은산면 가중리 435번지 1호  ,,256.84,0,2026-01-30
석규농장,한우,한우,충청남도 부여군 은산면 경둔리 산 5번지 22호  ,,229,10,2026-01-30
영한농장,한우,"한우, 사슴",충청남도 부여군 은산면 합수리 201번지 1호  ,,156,4,2026-01-30
옥가실농장,한우,한우,충청남도 부여군 은산면 가곡리 439번지  ,,283.5,30,2026-01-30
석목농장,한우,한우,충청남도 부여군 부여읍 석목리 산 21번지  ,충청남도 부여군 부여읍 석목로 43,66,7,2026-01-30
연지네농장,한우,한우,충청남도 부여군 양화면 암수리 26번지 15호 외1필지(500-4) ,,382.5,12,2026-01-30
갑식농장,한우,한우,충청남도 부여군 은산면 홍산리 525번지 1호  ,충청남도 부여군 은산면 충절로 3167-39,40,2,2026-01-30
정일농장,한우,한우,충청남도 부여군 은산면 가중리 129번지 2호  ,충청남도 부여군 은산면 가중로 2,67.6,10,2026-01-30
성일농장,한우,한우,충청남도 부여군 은산면 신대리 325번지 1호  ,충청남도 부여군 은산면 충의로749번길 18,402,14,2026-01-30
아름다운농장,한우,한우,충청남도 부여군 은산면 금공리 288번지 1호  ,,326.48,7,2026-01-30
장티농장,한우,한우,충청남도 부여군 은산면 신대리 10번지 6호  ,,140,4,2026-01-30
학군농장,한우,한우,충청남도 부여군 은산면 거전리 259번지  ,충청남도 부여군 은산면 거전로 46,84.74,5,2026-01-30
금강축산,한우,한우,충청남도 부여군 은산면 금공리 137번지  ,충청남도 부여군 은산면 금공동로41번길 3,354,12,2026-01-30
형제농장,한우,한우,충청남도 부여군 은산면 용두리 47번지  ,,48,4,2026-01-30
기성이농장,한우,한우,충청남도 부여군 은산면 합수리 370번지  ,,250,17,2026-01-30
남욱농장,한우,한우,충청남도 부여군 은산면 합수리 383번지  ,충청남도 부여군 은산면 합수로 149-10,84,2,2026-01-30
청국밀밭농장,한우,한우,충청남도 부여군 초촌면 신암리 375번지  ,충청남도 부여군 초촌면 신암로177번길 45-29,165,2,2026-01-30
이레목장,한우,한우,충청남도 부여군 임천면 가신리 438번지  ,충청남도 부여군 임천면 팔충로 1200-28,337.5,20,2026-01-30
유진농장,한우,한우,충청남도 부여군 은산면 장벌리 342번지 3호  ,,621.49,8,2026-01-30
청용농장,한우,한우,충청남도 부여군 세도면 청송리 791번지 1호  ,충청남도 부여군 세도면 세도로89번길 34-9,150,3,2026-01-30
철수네행복농장,한우,한우,충청남도 부여군 은산면 오번리 747번지  ,,399.9,23,2026-01-30
광덕농장,염소,염소,충청남도 부여군 초촌면 응평리 381번지 2호  ,충청남도 부여군 초촌면 선사로29번길 24,30,5,2026-01-30
용골농원,육계,육계,충청남도 부여군 부여읍 가증리 511번지 3호  ,,156,500,2026-01-30
구석농장,한우,한우,충청남도 부여군 은산면 회곡리 294번지  ,충청남도 부여군 은산면 회곡저실로 99-36,330,12,2026-01-30
산수농장,한우,한우,"충청남도 부여군 충화면 만지리 317번지 , 880-3 ",,1725,170,2026-01-30
학섭농장,한우,한우,충청남도 부여군 규암면 합송리 1013번지 6호  ,,219.3,21,2026-01-30
도락농장,한우,한우,충청남도 부여군 임천면 군사리 540번지  ,,199.5,39,2026-01-30
성토목장,한우,한우,충청남도 부여군 부여읍 용정리 산 35번지 13호  ,충청남도 부여군 부여읍 독정로 310,622,25,2026-01-30
아름농장,한우,한우,충청남도 부여군 은산면 합수리 191번지 1호  ,,160,2,2026-01-30
논골농장,한우,한우,충청남도 부여군 은산면 용두리 174번지  ,,432,30,2026-01-30
대양농장2,한우,한우,충청남도 부여군 은산면 대양리 341번지 2호  ,충청남도 부여군 은산면 충절로대양7길 37-11,1090.69,130,2026-01-30
하은농장,한우,한우,충청남도 부여군 은산면 장벌리 486번지 1호  ,충청남도 부여군 은산면 은북로 467,243,22,2026-01-30
소박골 한우농장,한우,한우,"충청남도 부여군 은산면 장벌리 86번지 2호 외2필지(86-3, 73-5) ",,160,8,2026-01-30
순열농장,한우,한우,충청남도 부여군 은산면 내지리 188번지  ,충청남도 부여군 은산면 내지로14번길 22,168,3,2026-01-30
영순농장,한우,한우,충청남도 부여군 은산면 합수리 427번지 2호  ,충청남도 부여군 은산면 합수로 160,60,2,2026-01-30
매화농장,한우,한우,충청남도 부여군 은산면 가곡리 621번지 4호  ,,440,21,2026-01-30
점3리농장,한우,한우,충청남도 부여군 임천면 점리 232번지  ,충청남도 부여군 임천면 위덕로47번길 103-7,180,19,2026-01-30
상명농장,한우,한우,충청남도 부여군 은산면 합수리 362번지  ,충청남도 부여군 은산면 합수로 97-74,1035,60,2026-01-30
은혜농장,한우,한우,충청남도 부여군 은산면 합수리 산 48번지 3호  ,,245,18,2026-01-30
은비네농장,한우,한우,충청남도 부여군 부여읍 능산리 15번지 2호  ,충청남도 부여군 부여읍 왕릉로324번길 37-3,330,5,2026-01-30
솔농장,한우,한우,충청남도 부여군 은산면 가중리 225번지 2호  ,,450,3,2026-01-30
발티농장,한우,한우,충청남도 부여군 장암면 점상리 114번지  ,충청남도 부여군 장암면 남성로967번길 26-6,150,10,2026-01-30
영기농장,한우,한우,충청남도 부여군 구룡면 죽절리 28번지 5호  ,,360,15,2026-01-30
두영농장,한우,"한우, 염소",충청남도 부여군 부여읍 염창리 409번지 4호  ,,554.4,7,2026-01-30
주원목장,한우,한우,충청남도 부여군 세도면 청송리 71번지 13호  ,,574,27,2026-01-30
부부농장,한우,한우,충청남도 부여군 부여읍 신정리 213번지 3호  ,충청남도 부여군 부여읍 대울로154번길 28,40,4,2026-01-30
호택농장,한우,한우,충청남도 부여군 내산면 금지리 96번지  ,,290,10,2026-01-30
경회농장,한우,한우,충청남도 부여군 내산면 금지리 182번지 2호  ,충청남도 부여군 내산면 금지로 207-3,408,16,2026-01-30
영민농장,한우,한우,충청남도 부여군 장암면 북고리 567번지  ,충청남도 부여군 장암면 북고로 171,945,7,2026-01-30
중앙2사슴,사슴,사슴,충청남도 부여군 은산면 경둔리 70번지  ,,460.8,50,2026-01-30
중앙사슴,사슴,사슴,충청남도 부여군 은산면 경둔리 71번지  ,,350,60,2026-01-30
증산한우농장,한우,한우,충청남도 부여군 석성면 증산리 1320번지 131호  ,충청남도 부여군 석성면 증산천길 114,386,20,2026-01-30
수목리농장,한우,한우,충청남도 부여군 규암면 수목리 192번지 5호  ,,331,27,2026-01-30
해성농장,육계,육계,충청남도 부여군 장암면 원문리 625번지 1호  ,,7978.1,160000,2026-01-30
오복농장,산양,산양,충청남도 부여군 양화면 상촌리 661번지 1호  ,,487.86,450,2026-01-30
회곡농장,한우,한우,충청남도 부여군 은산면 회곡리 290번지  ,,837.52,30,2026-01-30
은산축산,한우,한우,충청남도 부여군 은산면 대양리 13번지 8호  ,,1196,100,2026-01-30
이든농장,한우,한우,충청남도 부여군 장암면 점상리 871번지 3호  ,,1885.9,53,2026-01-30
아랫말 흑염소농장,산양,산양,충청남도 부여군 양화면 벽용리 868번지 3호  ,,325,100,2026-01-30
청남농장,육계,육계,"충청남도 부여군 충화면 청남리 208번지 1호 외 2필지(208-2, 209) ",충청남도 부여군 충화면 충신로 193-7,2737.5,56000,2026-01-30
대양농장,한우,한우,충청남도 부여군 은산면 대양리 340번지  ,,750,23,2026-01-30
문상골농장,사슴,"산양, 사슴",충청남도 부여군 외산면 문신리 395번지  ,,720,8,2026-01-30
이재준 축사,한우,한우,충청남도 부여군 홍산면 조현리 375번지 1호  ,충청남도 부여군 홍산면 조현로 29,65,4,2026-01-30
정곡농장,한우,한우,충청남도 부여군 남면 마정리 858번지  ,충청남도 부여군 남면 남성로 754-11,399,32,2026-01-30
세동축산,한우,한우,충청남도 부여군 임천면 구교리 118번지  ,,92,4,2026-01-30
풍년농장,한우,한우,충청남도 부여군 장암면 지토리 651번지  ,충청남도 부여군 장암면 지토로58번길 10-17,86.32,7,2026-01-30
백봉농장,육계,육계,충청남도 부여군 규암면 합송리 86번지 3호  ,충청남도 부여군 규암면 합송서로115번길 80-49,3892.6,40000,2026-01-30
사비농장,한우,한우,충청남도 부여군 부여읍 자왕리 400번지 2호  ,,84,10,2026-01-30
합곡농장,한우,한우,충청남도 부여군 장암면 합곡리 84,충청남도 부여군 장암면 합하로2번길 18,80,10,2026-01-30
합하농장,한우,한우,충청남도 부여군 장암면 합곡리 267번지  ,,182,7,2026-01-30
부부농장,한우,한우,충청남도 부여군 양화면 입포리  ,충청남도 부여군 양화면 입포로48번길 13-14,30,3,2026-01-30
대양축사,한우,한우,충청남도 부여군 은산면 대양리 15번지 1호  ,,210,6,2026-01-30
왕림,한우,한우,충청남도 부여군 장암면 상황리 121번지 19통  ,충청남도 부여군 장암면 위덕로575번길 56,28,4,2026-01-30
용성축사,한우,한우,충청남도 부여군 남면 삼용리 378번지 1호  ,충청남도 부여군 남면 삼용로 33,81.42,9,2026-01-30
강우농장,한우,한우,충청남도 부여군 남면 대선리 116번지 39호  ,충청남도 부여군 남면 대선로 53-16,675,40,2026-01-30
병현농장,한우,한우,충청남도 부여군 남면 신홍리 173,충청남도 부여군 남면 금천로210번길 38,100,6,2026-01-30
제완농장,한우,한우,충청남도 부여군 남면 내곡리 373번지 3호  ,충청남도 부여군 남면 금천로394번길 20,168,15,2026-01-30
윤가농장,한우,한우,충청남도 부여군 석성면 정각리 350번지 2호  ,충청남도 부여군 석성면 대백제로 2965-64,898.5,11,2026-01-30
청등골한우,한우,한우,충청남도 부여군 충화면 청남리 413번지 10호  ,,1025,20,2026-01-30
철호농장,한우,한우,충청남도 부여군 옥산면 대덕리 630번지 4호  ,충청남도 부여군 옥산면 대백제로일유길 75-15,442.5,19,2026-01-30
부림농장,한우,한우,충청남도 부여군 부여읍 중정리 1번지 1호  ,,184.5,1,2026-01-30
복농장,한우,한우,충청남도 부여군 세도면 동사리 456번지 1호  ,,168,25,2026-01-30
진원농장,한우,한우,충청남도 부여군 세도면 청포리 190번지  ,충청남도 부여군 세도면 세도로431번길 5,66,5,2026-01-30
오현농장,한우,한우,충청남도 부여군 세도면 반조원리 211번지 1호  ,충청남도 부여군 세도면 세도로 453,40,3,2026-01-30
행운농장,한우,한우,충청남도 부여군 초촌면 신암리 39번지 2호  ,,343.43,15,2026-01-30
비암축산,한우,한우,충청남도 부여군 외산면 비암리 118번지 2호  ,충청남도 부여군 외산면 만수로주암길 46,210,19,2026-01-30
이천농장,한우,한우,충청남도 부여군 홍산면 정동리 297번지 10호  ,,112.37,1,2026-01-30
부부농장,산양,산양,충청남도 부여군 규암면 수목리 356번지 4호  ,충청남도 부여군 규암면 충의로 220-14,400,10,2026-01-30
영희농장,한우,한우,충청남도 부여군 옥산면 안서리 46번지 14호  ,충청남도 부여군 옥산면 옥산동로 22-16,82.5,1,2026-01-30
서궁농장,한우,한우,충청남도 부여군 규암면 신성리 472번지 7호  ,,891,42,2026-01-30
부윤목장,한우,한우,충청남도 부여군 장암면 원문리 384번지  ,,158.4,9,2026-01-30
영직농장,한우,한우,충청남도 부여군 홍산면 교원리 101번지 1호  ,충청남도 부여군 홍산면 대백제로817번길 62,254.5,21,2026-01-30
준호농장,한우,한우,충청남도 부여군 규암면 나복리 329번지 1호  ,충청남도 부여군 규암면 라복로94번길 33-8,364.5,19,2026-01-30
학산농장,한우,한우,충청남도 부여군 옥산면 학산리 28번지  ,,200,5,2026-01-30
대성농장2,돼지,돼지,"충청남도 부여군 세도면 동사리 322번지 외3필지(322-4, 322-5, 323-2) ",,1386.33,1500,2026-01-30
오세분농장,한우,한우,충청남도 부여군 홍산면 조현리 418번지 1호  ,,225,14,2026-01-30
제이제이농장,육계,육계,충청남도 부여군 세도면 청송리 44번지 5호  ,충청남도 부여군 세도면 청송로 151-33,3336.75,70000,2026-01-30
청은농장,육계,육계,충청남도 부여군 세도면 청송리 44번지 8호  ,충청남도 부여군 세도면 청송로 151-19,4372,99000,2026-01-30
우창목장,한우,한우,충청남도 부여군 홍산면 홍양리 354번지 2호  ,충청남도 부여군 홍산면 비홍로42번길 71-3,694.08,60,2026-01-30
종훈농장,한우,한우,충청남도 부여군 은산면 회곡리 279번지  ,충청남도 부여군 은산면 회곡저실로 99-36,432,34,2026-01-30
농업회사법인주식회사더블유제이,육계,육계,충청남도 부여군 임천면 점리 729-5,충청남도 부여군 임천면 남성로1050번길 104-3,11517.44,300000,2026-01-30
이창선 농장,오리,오리,충청남도 부여군 부여읍 중정리 210번지 10호  ,,2282,6300,2026-01-30
소집농장,한우,한우,충청남도 부여군 충화면 복금리 산112-14,충청남도 부여군 충화면 가림로 318-7,96,5,2026-01-30
대성농장,돼지,돼지,충청남도 부여군 초촌면 응평리 443번지 3호  ,,923,1000,2026-01-30
오수리농장,염소,염소,충청남도 부여군 규암면 오수리 381번지 2호  ,,168,23,2026-01-30
온팜(주),종계/산란계,,충청남도 부여군 세도면 반조원리 480번지 5호  ,충청남도 부여군 세도면 세도로409번길 99,4574.26,0,2026-01-30
덕영농장,한우,한우,충청남도 부여군 규암면 수목리 274번지 3호  ,,389,8,2026-01-30
남면축산,한우,한우,충청남도 부여군 남면 금천리 275번지 3호  ,,165.54,8,2026-01-30
춘석농장,한우,한우,충청남도 부여군 부여읍 송곡리 485번지 42호  ,충청남도 부여군 부여읍 삼충로216번길 46-2,390,6,2026-01-30
선민농장,한우,한우,충청남도 부여군 세도면 수고리 898-5,충청남도 부여군 세도면 동수로 95-12,120,7,2026-01-30
흥부축산,한우,한우,충청남도 부여군 세도면 수고리 961번지  ,충청남도 부여군 세도면 동수로117번길 63-36,240,18,2026-01-30
더존한우,한우,,"충청남도 부여군 장암면 점상리 582번지 2호 외 4필지(556-1,2,3,6) ",,5745.19,0,2026-01-30
현암사슴목장,사슴,사슴,충청남도 부여군 구룡면 현암리 43번지  ,,480,20,2026-01-30
신성축산,한우,한우,충청남도 부여군 규암면 신성리 59번지 1호  ,충청남도 부여군 규암면 서궁로169번길 111-46,940.5,40,2026-01-30
반교축산,한우,한우,충청남도 부여군 외산면 반교리 531번지 4호  ,,1794,179,2026-01-30
유림목장,젖소,젖소,충청남도 부여군 홍산면 북촌리 273번지 2호  ,,1481.3,70,2026-01-30
내꿈한우,한우,한우,"충청남도 부여군 장암면 지토리 7-1외5(7-4,7-5,9-1,9-6,9-7) ",,14460,450,2026-01-30
죽림농장,한우,한우,충청남도 부여군 장암면 지토리 9번지 7호  ,,1620,96,2026-01-30
양지농장,한우,,충청남도 부여군 세도면 수고리 964번지  ,,80.24,0,2026-01-30
성신농장,한우,한우,충청남도 부여군 세도면 수고리 965번지  ,,28,8,2026-01-30
자연농장,한우,"한우, 사슴",충청남도 부여군 세도면 수고리 925-4,충청남도 부여군 세도면 해촌로 97-12,24,20,2026-01-30
미소농장,한우,한우,충청남도 부여군 규암면 수목리 469번지 1호  ,,1214.4,130,2026-01-30
참실농장,한우,,충청남도 부여군 남면 내곡리 397번지 2호 외 1필지(398) ,,561.93,0,2026-01-30
서윤농장,한우,한우,충청남도 부여군 은산면 경둔리 317번지 1호  ,,90,7,2026-01-30
화수리 농장,한우,한우,충청남도 부여군 세도면 화수리 198,충청남도 부여군 세도면 세도로 281-36,91,8,2026-01-30
미진농장,한우,한우,충청남도 부여군 초촌면 응평리 28번지 8호  ,,508,24,2026-01-30
선화농장,한우,한우,충청남도 부여군 충화면 팔충리 214,충청남도 부여군 충화면 덕림로 205,97.5,7,2026-01-30
신성농장,염소,염소,충청남도 부여군 규암면 신성리 60번지 3호  ,,644.4,140,2026-01-30
염소아저씨,염소,염소,충청남도 부여군 초촌면 신암리 390번지 1호  ,,104,49,2026-01-30
현수농장,한우,한우,충청남도 부여군 임천면 구교리 122,충청남도 부여군 임천면 성흥로283번길 29-48,33.54,1,2026-01-30
홍일목장,한우,"한우, 육우",충청남도 부여군 홍산면 교원리 262번지  ,충청남도 부여군 홍산면 삽티로 101-26,1150.98,80,2026-01-30
희망농장,염소,염소,충청남도 부여군 은산면 회곡리 22-5,충청남도 부여군 은산면 충의로성재길 18-3,160,150,2026-01-30
나리농장,육계,육계,충청남도 부여군 은산면 대양리 437번지 1호  ,,48,100,2026-01-30
은성농장,염소,염소,충청남도 부여군 초촌면 세탑리 342번지 2호  ,,297,70,2026-01-30
행복한농장,한우,한우,충청남도 부여군 옥산면 학산리 29번지 5호  ,,988.4,17,2026-01-30
서경농장,한우,한우,충청남도 부여군 규암면 오수리 259번지 1호  ,,325,13,2026-01-30
참나눔염소목장,염소,염소,충청남도 부여군 홍산면 무정리 252번지  ,,1268,500,2026-01-30
신영농장,한우,"한우, 염소",충청남도 부여군 충화면 천당리 458번지  ,,78,7,2026-01-30
솔흑염소농장,염소,염소,충청남도 부여군 초촌면 진호리 216번지 20호  ,,140,25,2026-01-30
호암축산,한우,한우,충청남도 부여군 남면 송암리 1020번지 19호  ,,792,102,2026-01-30
희숭농장,한우,한우,충청남도 부여군 초촌면 응평리 392번지  ,,128,22,2026-01-30
영실농장,육계,육계,충청남도 부여군 임천면 옥곡리 50번지  ,,6374.91,140000,2026-01-30
수산리농장,한우,한우,충청남도 부여군 외산면 수신리 46번지 7호  ,,60,5,2026-01-30
소암농장,염소,염소,충청남도 부여군 홍산면 정동리 산 52번지 1호  ,,175,30,2026-01-30
구룡산양농장,염소,염소,충청남도 부여군 구룡면 금사리 179번지 1호  ,,66,6,2026-01-30
365농장,한우,한우,충청남도 부여군 초촌면 신암리 796번지 1호  ,,2328.25,63,2026-01-30
영호네농장,염소,염소,충청남도 부여군 충화면 팔충리 326번지  ,,120,48,2026-01-30
현수농장,한우,한우,충청남도 부여군 부여읍 상금리 71번지  ,,250,15,2026-01-30
황금농장,한우,한우,충청남도 부여군 세도면 반조원리 380번지 5호  ,,40,2,2026-01-30
역구산농장,염소,염소,충청남도 부여군 양화면 족교리 258번지  ,,133,15,2026-01-30
정동농장,한우,한우,충청남도 부여군 홍산면 정동리 643번지  ,,97.5,5,2026-01-30
영민농장,육우,한우,충청남도 부여군 임천면 가신리 527번지  ,,297,18,2026-01-30
현철농장,한우,한우,충청남도 부여군 세도면 귀덕리 310번지  ,,375,5,2026-01-30
승진농장,한우,한우,충청남도 부여군 홍산면 조현리 319번지 7호  ,,45,3,2026-01-30
우리농장,한우,한우,충청남도 부여군 세도면 반조원리 193번지  ,,63,4,2026-01-30
백제농장,한우,한우,충청남도 부여군 남면 신홍리 113번지 5호  ,,1018,51,2026-01-30
성지농장,한우,한우,충청남도 부여군 장암면 하황리 산 5번지 1호  ,,1113,77,2026-01-30
딸부잣집,한우,한우,충청남도 부여군 옥산면 수암리 176번지 3호  ,,81,5,2026-01-30
한우농장,한우,한우,충청남도 부여군 규암면 나복리 782번지  ,,351,22,2026-01-30
만화농장,한우,한우,충청남도 부여군 내산면 지티리 383번지  ,,900,100,2026-01-30
순영농장,한우,한우,충청남도 부여군 규암면 수목리 384번지 1호  ,,300,5,2026-01-30
왕지농장,염소,"돼지, 염소",충청남도 부여군 부여읍 신정리 83번지 1호  ,,50,107,2026-01-30
복덕농장,한우,한우,충청남도 부여군 외산면 복덕리 256번지 8호  ,,770,8,2026-01-30
동산농원,한우,한우,충청남도 부여군 은산면 나령리 산 36번지 2호  ,,385.6,21,2026-01-30
한아름농장,한우,한우,충청남도 부여군 초촌면 세탑리 92번지 45호  ,충청남도 부여군 초촌면 금백로 965-89,500,30,2026-01-30
헤브론목장,젖소,젖소,"충청남도 부여군 장암면 장하리 635번지 외7필지(698-1,2,5,6,7,8,9) ",,1664.56,70,2026-01-30
입포농장,한우,한우,충청남도 부여군 양화면 입포리 230번지 3호  ,,960.46,65,2026-01-30
성수농장,한우,한우,충청남도 부여군 장암면 합곡리 169번지 3호  ,충청남도 부여군 장암면 부두로 445,446,16,2026-01-30
가중농장,한우,한우,충청남도 부여군 은산면 가중리 130번지 2호  ,,506.88,48,2026-01-30
회동농장,한우,한우,충청남도 부여군 남면 회동리 251번지  ,,66,4,2026-01-30
옥산2농장,한우,한우,충청남도 부여군 옥산면 내대리 268번지 9호  ,충청남도 부여군 옥산면 옥산동로 165-68,1916,24,2026-01-30
신배정농장,한우,한우,충청남도 부여군 외산면 전장리 286번지  ,,611.48,14,2026-01-30
하준농장,한우,한우,충청남도 부여군 은산면 가중리 478번지 16호  ,,1189,50,2026-01-30
칠갑산목장,한우,한우,충청남도 부여군 은산면 회곡리 215번지  ,충청남도 부여군 은산면 회곡저실로 55,550.5,80,2026-01-30
한우리농장,한우,한우,충청남도 부여군 남면 마정리 1146번지 8호  ,충청남도 부여군 남면 남성로681번길 103-49,9750,486,2026-01-30
병근농장,염소,염소,충청남도 부여군 규암면 오수리 399번지 6호  ,충청남도 부여군 규암면 오함로84번길 43-7,80,47,2026-01-30
정자농장,사슴,사슴,충청남도 부여군 양화면 시음리 285번지  ,충청남도 부여군 양화면 양화서로 172,37.5,3,2026-01-30
청우농장,한우,한우,충청남도 부여군 남면 신홍리 99번지 1호  ,,250,12,2026-01-30
장암육계,육계,육계,충청남도 부여군 장암면 지토리 740번지 2호  ,충청남도 부여군 장암면 위덕로 240,3472.95,55000,2026-01-30
초원농장,염소,염소,충청남도 부여군 은산면 홍산리 5번지  ,,95,30,2026-01-30
현대농장,한우,한우,충청남도 부여군 초촌면 소사리 353번지  ,충청남도 부여군 초촌면 선사로 441,72.27,11,2026-01-30
성화목장,한우,,충청남도 부여군 부여읍 신정리 493번지 6호  ,충청남도 부여군 부여읍 대울로 240,1215,0,2026-01-30
승일목장,한우,한우,충청남도 부여군 구룡면 구봉리 676번지 9호 외 1필지 ,,1935,70,2026-01-30
우리농장,한우,한우,충청남도 부여군 부여읍 자왕리 98번지 3호 98-8 ,,500,50,2026-01-30
수지농장,한우,한우,충청남도 부여군 임천면 발산리 341번지 5호  ,,1404,30,2026-01-30
나령농장,한우,한우,충청남도 부여군 은산면 오번리 453번지 7호  ,,2494.92,49,2026-01-30
명자농장,한우,한우,충청남도 부여군 세도면 반조원리 89번지 2호  ,,40,2,2026-01-30
안서농장,한우,한우,충청남도 부여군 옥산면 안서리 130번지  ,,328.9,6,2026-01-30
신성골이야기,염소,염소,충청남도 부여군 규암면 신성리 60번지 5호  ,,202.8,120,2026-01-30
서동골농장,종계/산란계,,충청남도 부여군 충화면 가화리 51번지 8호  ,,198.8,0,2026-01-30
두영농장,한우,한우,충청남도 부여군 규암면 진변리 213번지 3호  ,,4032,400,2026-01-30
신정농장,한우,한우,충청남도 부여군 부여읍 신정리 575번지  ,,875,13,2026-01-30
부원농장,돼지,돼지,충청남도 부여군 세도면 동사리 210번지 4호  ,,566,980,2026-01-30
정호농장,한우,한우,충청남도 부여군 부여읍 신정리 493번지 9호  ,,648,47,2026-01-30
대원농장,한우,한우,충청남도 부여군 옥산면 내대리 375번지  ,,375,4,2026-01-30
태성축산,한우,한우,충청남도 부여군 장암면 석동리 377번지 7호  ,,1528,30,2026-01-30
한우농장,한우,한우,충청남도 부여군 규암면 나복리 408번지 1호  ,,500,25,2026-01-30
한우리농장,한우,한우,충청남도 부여군 부여읍 자왕리 98번지 2호  ,,304,10,2026-01-30
대경농장,염소,염소,충청남도 부여군 은산면 경둔리 458번지 1호  ,,84,20,2026-01-30
서경농장,한우,한우,충청남도 부여군 부여읍 자왕리 238번지 1호  ,,350,19,2026-01-30
현미농장,한우,한우,충청남도 부여군 충화면 현미리 산 73번지  ,,70,6,2026-01-30
한마음농장,염소,염소,충청남도 부여군 외산면 갈산리 297번지  ,,110,30,2026-01-30
행복한 초향농장,염소,"한우, 염소",충청남도 부여군 초촌면 신암리 520번지  ,,50,12,2026-01-30
믿음농장,한우,한우,충청남도 부여군 규암면 부여두리 48번지 5호  ,충청남도 부여군 규암면 부두로289번길 142-40,1925,113,2026-01-30
우은농장,한우,한우,충청남도 부여군 규암면 부여두리 37번지 12호  ,충청남도 부여군 규암면 부두로289번길 142-39,1925,109,2026-01-30
학바위목장2,한우,한우,충청남도 부여군 장암면 정암리 656번지 3호  ,,1770,70,2026-01-30
가산농장,한우,,충청남도 부여군 임천면 탑산리 873번지  ,,2350,0,2026-01-30
청암농장,한우,"한우, 염소",충청남도 부여군 부여읍 신정리 494번지 1호  ,충청남도 부여군 부여읍 대울로 260-30,1570,48,2026-01-30
성토목장,염소,염소,충청남도 부여군 부여읍 용정리 산 35번지 13호  ,,366.96,35,2026-01-30
원찬농장2,한우,한우,충청남도 부여군 세도면 수고리 1000번지  ,충청남도 부여군 세도면 해촌로63번길 84,512,51,2026-01-30
희망농장,한우,한우,충청남도 부여군 은산면 신대리 609번지  ,,374.75,22,2026-01-30
대박농장,염소,염소,충청남도 부여군 규암면 오수리 497번지 2호  ,,198,90,2026-01-30
수현농장,한우,한우,충청남도 부여군 은산면 장벌리 59번지  ,,300,32,2026-01-30
얼룩목장,염소,염소,충청남도 부여군 석성면 석성리 1125번지 4호  ,,1146.5,120,2026-01-30
새말농장,한우,한우,충청남도 부여군 부여읍 신정리 573번지 3호  ,충청남도 부여군 부여읍 대울로 31-52,1282.5,12,2026-01-30
양지농원,산양,산양,충청남도 부여군 은산면 회곡리 169번지 7호  ,,184,45,2026-01-30
지토농장,돼지,돼지,"충청남도 부여군 장암면 지토리 797번지 1호 외 6필지(797-2, 4, 8, 9, 10)(849) ",,2665.21,500,2026-01-30
서윤농장,한우,한우,충청남도 부여군 규암면 노화리 29번지 5호  ,충청남도 부여군 규암면 합송서로 186-83,1372,72,2026-01-30
건국농원,산양,산양,충청남도 부여군 은산면 회곡리 233번지 5호  ,,198,150,2026-01-30
종락농장,한우,한우,충청남도 부여군 홍산면 정동리 산 10번지 1호  ,,48,6,2026-01-30
조은한우농장,한우,한우,충청남도 부여군 남면 마정리 1149번지 5호  ,,1885.9,65,2026-01-30
보배농장,한우,한우,충청남도 부여군 내산면 저동리 162번지 5호  ,,1728,91,2026-01-30
수목농장,염소,염소,충청남도 부여군 규암면 수목리 514번지 9호  ,충청남도 부여군 규암면 충의로 161,109.2,15,2026-01-30
영한농장,한우,한우,충청남도 부여군 은산면 합수리 524번지 6호  ,,1410,9,2026-01-30
궁태농장,한우,한우,충청남도 부여군 석성면 비당리 450번지 1호  ,,96,14,2026-01-30
천당한우농장,한우,한우,충청남도 부여군 충화면 천당리 810번지 12호  ,,1551,56,2026-01-30
미소농장,한우,한우,충청남도 부여군 규암면 노화리 6번지 1호  ,,2016,200,2026-01-30
다정농장,한우,,충청남도 부여군 규암면 수목리 483번지  ,,418,0,2026-01-30
맥우방농장,한우,한우,충청남도 부여군 규암면 나복리 877번지 6호  ,,2520,360,2026-01-30
안양골농원,염소,염소,충청남도 부여군 은산면 경둔리 422번지 3호  ,,495,152,2026-01-30
우리농장,염소,염소,충청남도 부여군 장암면 상황리 327번지  ,,230,80,2026-01-30
용종농장,한우,한우,충청남도 부여군 규암면 합송리 84번지 1호  ,,1950,30,2026-01-30
이득구농장,한우,한우,충청남도 부여군 충화면 오덕리 351번지  ,,222.75,26,2026-01-30
하나농장,한우,한우,충청남도 부여군 충화면 만지리 877번지 7호  ,,1267.5,38,2026-01-30
농업회사법인 호원한우(주),한우,한우,충청남도 부여군 세도면 청포리 295번지 6호  ,,1767,150,2026-01-30
농업회사법인 호원한우(주),한우,한우,충청남도 부여군 세도면 청포리 335번지 1호  ,,1995,170,2026-01-30
영광농장,한우,한우,충청남도 부여군 부여읍 저석리 836번지 3호  ,,2132,150,2026-01-30
송림농장,염소,염소,충청남도 부여군 부여읍 송곡리 산 25번지 3호  ,,132,20,2026-01-30
남산농장,한우,한우,충청남도 부여군 장암면 하황리 857번지 4호  ,,2125,50,2026-01-30
창훈농장,염소,염소,충청남도 부여군 홍산면 홍양리 산 25번지  ,충청남도 부여군 홍산면 비홍로42번길 53-6,183,90,2026-01-30
상원농원,한우,한우,충청남도 부여군 규암면 내리 628번지 9호  ,,1170,80,2026-01-30
소망농장,한우,한우,충청남도 부여군 규암면 부여두리 37번지 14호  ,충청남도 부여군 규암면 부두로289번길 142-43,1925,100,2026-01-30
청송농장,한우,,충청남도 부여군 세도면 청포리 579번지  ,충청남도 부여군 세도면 토정로 144,2960,0,2026-01-30
동균목장,한우,,충청남도 부여군 남면 회동리 868번지 13호  ,,1400,0,2026-01-30
광호농장,염소,염소,충청남도 부여군 장암면 지토리 43번지  ,,165,28,2026-01-30
요셉농장,한우,한우,충청남도 부여군 규암면 나복리 862번지 9호  ,,2080,50,2026-01-30
창일농장,한우,한우,충청남도 부여군 구룡면 죽절리 200번지 1호  ,,762.3,32,2026-01-30
명인농장,육계,육계,충청남도 부여군 외산면 화성리 266번지 1호  ,,40,80,2026-01-30
우량농장,한우,한우,충청남도 부여군 옥산면 안서리 129번지  ,충청남도 부여군 옥산면 옥산동로 34-37,684,11,2026-01-30
우리농장,한우,한우,충청남도 부여군 초촌면 추양리 98번지 14호  ,충청남도 부여군 초촌면 응추로104번길 13-22,1820,14,2026-01-30
동양목장,한우,한우,충청남도 부여군 홍산면 홍양리 344번지  ,,353.6,25,2026-01-30
대희농장,한우,한우,충청남도 부여군 남면 신홍리 110번지 4호  ,,1144,26,2026-01-30
삼남매농장,한우,한우,충청남도 부여군 석성면 봉정리 637번지  ,,960,18,2026-01-30
선이네농장,염소,염소,충청남도 부여군 장암면 상황리 335번지 1호  ,,165,40,2026-01-30
초원농장,한우,한우,충청남도 부여군 외산면 갈산리 325번지 48호  ,,174.22,5,2026-01-30
변화목장,한우,한우,충청남도 부여군 규암면 나복리 860번지 4호  ,,2210,140,2026-01-30
원순농장,한우,한우,충청남도 부여군 충화면 천당리 810번지 13호  ,,96,12,2026-01-30
정동목장,한우,한우,충청남도 부여군 홍산면 상천리 225번지  ,,930,18,2026-01-30
이만식농장,한우,한우,충청남도 부여군 규암면 합송리 533번지 1호  ,,569.69,15,2026-01-30
정칠수농장,한우,한우,충청남도 부여군 석성면 현내리 142번지  ,,42,4,2026-01-30
오봉농원,염소,염소,충청남도 부여군 임천면 만사리 산 32번지 19호  ,충청남도 부여군 임천면 만가로 132-59,180,120,2026-01-30
록원농장,염소,염소,충청남도 부여군 옥산면 신안리 111번지 1호  ,,100,50,2026-01-30
김현중농장,한우,한우,충청남도 부여군 남면 송학리 166번지 3호  ,,198,7,2026-01-30
대원농장,염소,염소,충청남도 부여군 규암면 오수리 382번지 6호  ,충청남도 부여군 규암면 왕흥로139번길 66,210,74,2026-01-30
행복드림,젖소,젖소,충청남도 부여군 홍산면 홍양리 329번지  ,충청남도 부여군 홍산면 비홍로 39-40,374.4,5,2026-01-30
보영목장,젖소,젖소,충청남도 부여군 홍산면 홍양리 321번지  ,,3201,100,2026-01-30
김화겸농장,한우,한우,충청남도 부여군 구룡면 논티리 207번지 5호  ,,45,4,2026-01-30
원용목장,한우,"한우, 육우",충청남도 부여군 부여읍 염창리 229번지  ,충청남도 부여군 부여읍 염창로 49,627,30,2026-01-30
정목진농장,한우,한우,충청남도 부여군 충화면 현미리 743번지 16호  ,,767.6,6,2026-01-30
두집메농장,한우,한우,충청남도 부여군 외산면 수신리 104번지 105-4번지 ,,399.6,8,2026-01-30
소근소근,한우,한우,충청남도 부여군 남면 마정리 1160번지 7호  ,충청남도 부여군 남면 남성로681번길 175-99,2998.8,145,2026-01-30
승천농장,한우,,충청남도 부여군 은산면 금공리 442번지 4호  ,,232.65,0,2026-01-30
라미팜,염소,염소,충청남도 부여군 장암면 지토리 737번지  ,,210,20,2026-01-30
부부농장,한우,한우,충청남도 부여군 석성면 봉정리 291번지 2호  ,,1070,22,2026-01-30
신성농장,한우,한우,충청남도 부여군 규암면 신성리 440번지  ,,400,12,2026-01-30
초원농장(2),한우,,충청남도 부여군 구룡면 동방리 674번지  ,,250,0,2026-01-30
준 스카이,한우,한우,충청남도 부여군 남면 신홍리 426번지 4호  ,,948.89,94,2026-01-30
송정농장,한우,한우,충청남도 부여군 초촌면 송정리 534번지 5호  ,,1950,150,2026-01-30
축복농장,젖소,젖소,충청남도 부여군 남면 마정리 1153번지 5호  ,충청남도 부여군 남면 남성로681번길 125-88,3746.71,63,2026-01-30
임경순농장,한우,한우,충청남도 부여군 외산면 문신리 648번지 2호  ,,96,8,2026-01-30
이안목장,젖소,젖소,충청남도 부여군 남면 마정리 1141번지 6호  ,충청남도 부여군 남면 남성로681번길 61-60,4311.71,85,2026-01-30
다복목장,젖소,젖소,충청남도 부여군 남면 송암리 1021번지 2호  ,충청남도 부여군 남면 구룡로 101-11,3646.11,32,2026-01-30
강은숙하늘농장,한우,한우,충청남도 부여군 부여읍 능산리 109번지 5호  ,,422.94,30,2026-01-30
송곡농장,한우,한우,충청남도 부여군 부여읍 송곡리 37번지 1호  ,,2402,180,2026-01-30
다루농장,염소,염소,충청남도 부여군 충화면 팔충리 552번지 1호  ,,49,30,2026-01-30
은자농장,한우,한우,충청남도 부여군 규암면 금암리 207번지 1호  ,,284.63,19,2026-01-30
김재걸농장,한우,한우,충청남도 부여군 임천면 두곡리 101번지 1호  ,,943,50,2026-01-30
한화농장,염소,염소,충청남도 부여군 은산면 신대리 451번지 6호  ,,168,30,2026-01-30
김대철농장,한우,한우,충청남도 부여군 양화면 암수리 23번지  ,,80,5,2026-01-30
소근소근2,한우,한우,충청남도 부여군 남면 마정리 1165번지 11호 외 1필지(1165-12) ,,3504.6,350,2026-01-30
축복한우,한우,한우,충청남도 부여군 충화면 천당리 689번지  ,충청남도 부여군 충화면 충신로 162,496.8,30,2026-01-30
경민농장3,한우,,충청남도 부여군 충화면 만지리 896번지 9호  ,,1400,0,2026-01-30
샤론농장,한우,한우,충청남도 부여군 장암면 원문리 646번지 2호  ,,1900,150,2026-01-30
우의목장,젖소,젖소,충청남도 부여군 남면 마정리 1146번지 6호  ,,4394.9,80,2026-01-30
현진생염소농장,염소,염소,충청남도 부여군 초촌면 세탑리 22번지 3호  ,,60,20,2026-01-30
아름다운농장,한우,한우,충청남도 부여군 임천면 비정리 184번지 1호  ,,202.5,20,2026-01-30
김영은농장,한우,한우,충청남도 부여군 홍산면 무정리 317번지  ,,85.95,6,2026-01-30
구고운농장,한우,한우,충청남도 부여군 규암면 합송리 143번지 1호  ,,2470,75,2026-01-30
언덕농장,한우,한우,충청남도 부여군 충화면 만지리 461번지 1호  ,,97,9,2026-01-30
산농산,한우,한우,충청남도 부여군 내산면 금지리 144번지  ,,1375,61,2026-01-30
향우원농장,한우,한우,충청남도 부여군 남면 마정리 1154번지 20호  ,,2376,80,2026-01-30
정원농장,육계,육계,충청남도 부여군 내산면 금지리 69번지 6호 외 8필지 ,,4834,90000,2026-01-30
충열농장,한우,한우,충청남도 부여군 외산면 지선리 408번지 10호 외 1필지 ,,1300,30,2026-01-30
보영목장,젖소,젖소,충청남도 부여군 홍산면 홍양리 331번지 1호  ,,506.09,17,2026-01-30
강성농장,한우,한우,충청남도 부여군 양화면 초왕리 349번지 19호  ,,931.5,14,2026-01-30
그린축산영농조합법인,한우,"한우, 육우","충청남도 부여군 석성면 증산리 1454번지 6호 외 2필지(1454-7, 1454-9) ",,3400,240,2026-01-30
거산농장,한우,한우,충청남도 부여군 규암면 부여두리 48번지 7호  ,,4025,8,2026-01-30
부촌농장,한우,한우,충청남도 부여군 옥산면 가덕리 211번지 5호  ,,1381,42,2026-01-30
금천금천농장,한우,한우,충청남도 부여군 장암면 원문리 620번지 4호  ,,1500,150,2026-01-30
규남농장,한우,한우,충청남도 부여군 석성면 비당리 936번지 13호  ,,2536,100,2026-01-30
황산벌한우,한우,한우,충청남도 부여군 초촌면 추양리 522번지 3호  ,,1750,140,2026-01-30
대한농장,한우,한우,충청남도 부여군 초촌면 추양리 519번지 3호  ,,1184,80,2026-01-30
금석농장,한우,한우,충청남도 부여군 석성면 비당리 122번지 9호  ,,90,5,2026-01-30
순명농장,한우,한우,충청남도 부여군 남면 신홍리 98번지 7호  ,,850,20,2026-01-30
딸부잣집,한우,한우,충청남도 부여군 옥산면 수암리 88번지 1호  ,,350,30,2026-01-30
대광목장,한우,,충청남도 부여군 은산면 오번리 453번지 9호  ,,2052,0,2026-01-30
부여한우 2농장,한우,,충청남도 부여군 초촌면 소사리 886번지  ,,900,0,2026-01-30
박종희농장,한우,한우,충청남도 부여군 양화면 암수리 29번지  ,,747.72,30,2026-01-30
삼원농장,한우,한우,충청남도 부여군 외산면 문신리 669번지 1호  ,,96,4,2026-01-30
내지농장,한우,한우,충청남도 부여군 은산면 내지리 576번지 3호  ,,252.8,50,2026-01-30
두곡농장,한우,한우,충청남도 부여군 임천면 칠산리 123번지 12호  ,,2100,70,2026-01-30
한울농장,한우,한우,충청남도 부여군 외산면 복덕리 114번지 2호  ,,56.8,5,2026-01-30
우리농장,한우,한우,충청남도 부여군 석성면 증산리 120번지 1호  ,충청남도 부여군 석성면 연화로 50-9,442.5,7,2026-01-30
두레축산,육계,육계,충청남도 부여군 부여읍 송곡리 363번지 2호 외1(364-2) ,충청남도 부여군 부여읍 삼충로216번길 113,1710.55,35000,2026-01-30
오악사 한우농장,한우,한우,충청남도 부여군 규암면 나복리 875번지 5호  ,,1540.2,100,2026-01-30
문칠강,한우,한우,충청남도 부여군 임천면 칠산리 140번지 4호  ,,24,2,2026-01-30
나우농장,한우,한우,충청남도 부여군 부여읍 왕포리 176번지 1호  ,,299.41,37,2026-01-30
석성농장,한우,한우,충청남도 부여군 석성면 석성리 209번지 3호  ,,700,30,2026-01-30
나복농장,한우,한우,충청남도 부여군 규암면 나복리 167번지 3호  ,,500,6,2026-01-30
은산축산,한우,한우,충청남도 부여군 은산면 은산리 81번지 1호  ,충청남도 부여군 은산면 은산로 32,392.5,20,2026-01-30
여우골농장,한우,한우,충청남도 부여군 충화면 팔충리 12번지  ,,715,50,2026-01-30
미래농장,한우,한우,충청남도 부여군 옥산면 신안리 184번지 5호  ,,1609,50,2026-01-30
탑산농장2,한우,한우,충청남도 부여군 임천면 비정리 91번지 13호  ,,2210,230,2026-01-30
세도농장,한우,한우,충청남도 부여군 세도면 동사리 71번지 11호  ,,2730,185,2026-01-30
가랑농장,한우,한우,충청남도 부여군 초촌면 소사리 607번지 20호  ,,45,4,2026-01-30
부여청계농장,육계,육계,충청남도 부여군 세도면 청송리 598번지 3호  ,,36,40,2026-01-30
해피농장,한우,한우,충청남도 부여군 은산면 장벌리 60번지  ,,399,40,2026-01-30
상촌농장,한우,한우,충청남도 부여군 양화면 상촌리 258번지 4호  ,,2448,70,2026-01-30
가은농장,한우,한우,충청남도 부여군 양화면 수원리 351번지 6호  ,,1050,30,2026-01-30
젖소목장,젖소,젖소,충청남도 부여군 외산면 반교리 279번지 4호  ,,900.13,81,2026-01-30
세도농장,한우,한우,충청남도 부여군 세도면 청송리 959번지 1호  ,,346.5,12,2026-01-30
이지연농장,한우,한우,충청남도 부여군 옥산면 가덕리 284번지 1호  ,,431,20,2026-01-30
성현봉농장,한우,한우,충청남도 부여군 임천면 발산리 182번지 3호  ,,44.02,8,2026-01-30
우문농장,한우,한우,충청남도 부여군 남면 회동리 13번지 1호  ,,128.8,4,2026-01-30
기화농장,한우,한우,충청남도 부여군 규암면 신리 802번지 1호  ,,350,18,2026-01-30
유정칠산연구목장,한우,,"충청남도 부여군 임천면 칠산리 1018번지 1호 ,1018-2, 1018-3 ",,5100,0,2026-01-30
양화농장,염소,염소,충청남도 부여군 양화면 벽용리 546번지  ,,250,80,2026-01-30
수원골농장,한우,한우,충청남도 부여군 양화면 수원리 360번지 10호  ,,1100,110,2026-01-30
김상란농장,한우,한우,충청남도 부여군 외산면 복덕리 174번지  ,,13.2,2,2026-01-30
삼싹농장,염소,염소,충청남도 부여군 세도면 반조원리 480번지 9호  ,,90,35,2026-01-30
덕암농장,한우,한우,충청남도 부여군 초촌면 소사리 515번지 2호  ,,30.71,2,2026-01-30
정동섭농장,한우,한우,충청남도 부여군 장암면 석동리 262번지  ,,368.64,100,2026-01-30
행복농장,한우,한우,충청남도 부여군 초촌면 응평리 400번지 1호  ,,108,4,2026-01-30
부부농장,한우,한우,충청남도 부여군 규암면 나복리 750번지  ,,69.92,10,2026-01-30
미르농장,한우,한우,충청남도 부여군 장암면 북고리 683번지 2호  ,,1625,22,2026-01-30
김영칠농장,한우,한우,충청남도 부여군 외산면 화성리 651번지 4호  ,,99,2,2026-01-30
원찬농장,한우,한우,"충청남도 부여군 세도면 동사리 463번지 외2(464-1, 763-5) ",,144,72,2026-01-30
영재농장,한우,한우,충청남도 부여군 은산면 홍산리 108번지 19호  ,,2889.14,140,2026-01-30
운모농장,한우,한우,충청남도 부여군 장암면 원문리 382번지  ,,249.25,17,2026-01-30
원용목장,한우,"한우, 육우",충청남도 부여군 부여읍 염창리 229번지  ,,627,30,2026-01-30
제일농장,한우,한우,충청남도 부여군 은산면 가중리 316번지  ,,50,7,2026-01-30
대성농장,한우,한우,충청남도 부여군 외산면 갈산리 364번지 1호  ,,32,1,2026-01-30
기범농장,한우,한우,충청남도 부여군 은산면 회곡리 121번지  ,,90,6,2026-01-30
장등목장,한우,한우,충청남도 부여군 구룡면 용당리 1237번지  ,,1820,20,2026-01-30
점생축사,한우,한우,충청남도 부여군 남면 마정리 1168번지 7호  ,,350,23,2026-01-30
구드래축산,한우,"한우, 육우",충청남도 부여군 규암면 나복리 880번지 2호  ,,3838,548,2026-01-30
민성농장,한우,한우,충청남도 부여군 장암면 정암리 238번지 2호  ,,349.5,5,2026-01-30
양화농장,한우,한우,충청남도 부여군 양화면 족교리 135번지 2호  ,,266.88,6,2026-01-30
규암牛농장,한우,한우,충청남도 부여군 규암면 모리 8번지 1호  ,,1820,30,2026-01-30
맥우방농장,한우,"한우, 육우",충청남도 부여군 규암면 나복리 877번지 6호  ,,2520,360,2026-01-30
이후정,한우,한우,충청남도 부여군 규암면 신성리 106번지  ,,24,4,2026-01-30
선희농장,한우,육우,충청남도 부여군 규암면 수목리 466번지 3호  ,,856.29,11,2026-01-30
JK농장,한우,한우,충청남도 부여군 남면 마정리 837번지 4호  ,충청남도 부여군 남면 남성로 706-10,2132,50,2026-01-30
에덴농장,염소,염소,"충청남도 부여군 은산면 거전리 501번지 ,502 ",,182.5,40,2026-01-30
호암축산,한우,한우,충청남도 부여군 남면 송암리 1020번지 4호  ,충청남도 부여군 남면 구룡로 101-33,2800,150,2026-01-30
승혁농장,한우,한우,충청남도 부여군 세도면 반조원리 262번지 2호  ,,174,10,2026-01-30
동석농장,염소,염소,충청남도 부여군 세도면 반조원리 96번지  ,충청남도 부여군 세도면 세도로461번길 17-2,36,49,2026-01-30
외양간,한우,"한우, 염소",충청남도 부여군 세도면 청송리 717번지 4호  ,,74.25,14,2026-01-30
류기호,한우,한우,충청남도 부여군 세도면 청송리 163번지 5호  ,,48,5,2026-01-30
수고윤섭농장,한우,한우,충청남도 부여군 세도면 수고리 847번지 1호  ,,49,5,2026-01-30
영성농장,한우,한우,충청남도 부여군 규암면 수목리 515번지  ,,49.98,4,2026-01-30
새뜸농장,한우,한우,충청남도 부여군 구룡면 죽절리 237번지  ,,50,8,2026-01-30
오정식,한우,한우,충청남도 부여군 부여읍 염창리 37번지  ,,50,4,2026-01-30
강정일,한우,한우,충청남도 부여군 외산면 비암리 94번지 5호  ,,35,3,2026-01-30
임보영축산농가,한우,한우,충청남도 부여군 석성면 석성리 555번지  ,충청남도 부여군 석성면 석성북로 17-9,32.14,5,2026-01-30
박학순,한우,한우,충청남도 부여군 외산면 비암리 284번지 2호  ,,50,7,2026-01-30
이재경,한우,한우,충청남도 부여군 세도면 수고리 176번지  ,,36,2,2026-01-30
김영길,한우,한우,충청남도 부여군 홍산면 조현리 421번지 2호  ,,20,2,2026-01-30
한우농장,한우,한우,충청남도 부여군 세도면 사산리 산 10번지 7호  ,,50,7,2026-01-30
가온농장,한우,,충청남도 부여군 홍산면 좌홍리 1016번지 14호  ,,900,0,2026-01-30
형연농장,한우,"한우, 염소",충청남도 부여군 장암면 합곡리 1024번지 3호  ,,900,105,2026-01-30
경종농장,한우,한우,충청남도 부여군 부여읍 자왕리 67번지 2호  ,,98,8,2026-01-30
권영목,한우,한우,충청남도 부여군 세도면 청송리 227번지 1호  ,,50,7,2026-01-30
석현농장,한우,한우,충청남도 부여군 임천면 발산리 산 34번지  ,,49,5,2026-01-30
김영민,한우,한우,충청남도 부여군 내산면 저동리 113번지  ,,35,2,2026-01-30
이용우,한우,한우,충청남도 부여군 규암면 나복리 577번지 1호  ,,30.61,3,2026-01-30
이필구,한우,한우,충청남도 부여군 규암면 나복리 576번지 2호  ,,48,4,2026-01-30
춘배농장,한우,,충청남도 부여군 임천면 만사리 238번지  ,,48,0,2026-01-30
대성농장,한우,한우,충청남도 부여군 임천면 구교리 325번지 3호  ,,90,2,2026-01-30
박성직,한우,한우,충청남도 부여군 내산면 온해리 621번지  ,,32,3,2026-01-30
영창농장,한우,한우,충청남도 부여군 임천면 가신리 176번지  ,,40,5,2026-01-30
범연농장,한우,,충청남도 부여군 임천면 칠산리 238번지  ,,50,0,2026-01-30
김종금,한우,한우,충청남도 부여군 홍산면 조현리 386번지 1호  ,,17.82,4,2026-01-30
세복농장,한우,한우,충청남도 부여군 임천면 두곡리 236번지 8호  ,,15.36,1,2026-01-30
번지농장,한우,한우,충청남도 부여군 충화면 청남리 413번지 10호  ,,650,10,2026-01-30
정영모,한우,한우,충청남도 부여군 남면 마정리 836번지 5호  ,,350,16,2026-01-30
상준농장,한우,한우,충청남도 부여군 홍산면 토정리 318번지 1호  ,,1020,12,2026-01-30
우리한우농장,한우,한우,충청남도 부여군 규암면 합송리 94번지 1호  ,,2551.5,100,2026-01-30
홍종현,육계,육계,충청남도 부여군 홍산면 남촌리 420번지 6호  ,,50,200,2026-01-30
초원염소농장,염소,염소,충청남도 부여군 장암면 북고리 570번지  ,,939.01,100,2026-01-30
오동나무농장,한우,한우,충청남도 부여군 초촌면 응평리 277번지  ,충청남도 부여군 초촌면 금백로891번길 12,67.25,7,2026-01-30
용운농장,한우,한우,충청남도 부여군 임천면 만사리 132번지 1호  ,,48,6,2026-01-30
오덕농장,한우,,충청남도 부여군 충화면 오덕리 230번지 1호  ,충청남도 부여군 충화면 오덕로86번길 34-7,30,0,2026-01-30
박형규,한우,한우,충청남도 부여군 세도면 반조원리 66번지 2호  ,,20,4,2026-01-30
성원농장,한우,한우,충청남도 부여군 초촌면 초평리 408번지 3호  ,,15,2,2026-01-30
황은주,한우,,충청남도 부여군 부여읍 용정리 73번지 2호  ,,90,0,2026-01-30
조중응,한우,한우,충청남도 부여군 남면 회동리 257번지  ,,49,3,2026-01-30
만기농장,한우,한우,충청남도 부여군 초촌면 신암리 220번지 1호  ,충청남도 부여군 초촌면 신암로179번길 46,48,7,2026-01-30
현미농장,한우,한우,충청남도 부여군 충화면 현미리 321번지 2호  ,,33,3,2026-01-30
김순환,한우,한우,충청남도 부여군 옥산면 홍연리 329번지 10호  ,,16,3,2026-01-30
나병용,한우,한우,충청남도 부여군 세도면 수고리 산 29번지  ,,49,9,2026-01-30
정용기,한우,한우,충청남도 부여군 남면 송학리 155번지  ,,16.5,1,2026-01-30
임영춘농장,한우,한우,충청남도 부여군 충화면 현미리 42번지 1호  ,,50,6,2026-01-30
안양골농원,염소,염소,충청남도 부여군 은산면 경둔리 416번지  ,,312,140,2026-01-30
석산농장,한우,한우,충청남도 부여군 충화면 현미리 320번지 3호  ,,56.76,2,2026-01-30
평산농장,염소,염소,충청남도 부여군 초촌면 송국리 370번지 8호  ,,175,30,2026-01-30
대원농장,한우,한우,충청남도 부여군 옥산면 내대리 375번지  ,,325.5,15,2026-01-30
진성농장,한우,한우,충청남도 부여군 규암면 나복리 408번지 3호  ,충청남도 부여군 규암면 호수로 130,462.38,40,2026-01-30
창조한우농장,한우,한우,충청남도 부여군 초촌면 산직리 759번지 1호  ,,708,15,2026-01-30
신임농장,한우,한우,충청남도 부여군 내산면 운치리 218번지 5호  ,,1750,34,2026-01-30
오송대목장,한우,한우,충청남도 부여군 양화면 오량리 602번지 2호  ,충청남도 부여군 양화면 충절로397번길 42-48,500,100,2026-01-30
소마일농장,한우,한우,충청남도 부여군 홍산면 좌홍리 1020번지 1호  ,,4000,300,2026-01-30
함월농장,한우,한우,충청남도 부여군 장암면 합곡리 679번지 1호  ,,1600,160,2026-01-30
연호농장(맑은하늘),한우,한우,충청남도 부여군 규암면 반산리 88번지 14호  ,,1134,113,2026-01-30
AG농장,한우,한우,충청남도 부여군 부여읍 송곡리 10번지  ,,464.28,80,2026-01-30
대명에이지농장,한우,한우,충청남도 부여군 규암면 부여두리 37번지 3호  ,,2741,270,2026-01-30
거산농장,한우,한우,충청남도 부여군 규암면 부여두리 37번지 9호  ,,2100,100,2026-01-30
보람농장,한우,한우,"충청남도 부여군 규암면 진변리 222번지 8호 ,222-10 ",,2891.85,220,2026-01-30
오가네옻닭,육계,육계,충청남도 부여군 홍산면 남촌리 187번지 14호  ,,34.3,70,2026-01-30
김대철,한우,한우,충청남도 부여군 양화면 초왕리 560번지 5호  ,,1620,20,2026-01-30
영구농장,육계,,충청남도 부여군 외산면 장항리 451번지 1호  ,,1849.8,0,2026-01-30
미현농장,염소,염소,충청남도 부여군 초촌면 신암리 311번지  ,,80,15,2026-01-30
오악사 한우농장 2,한우,한우,충청남도 부여군 규암면 나복리 875번지 9호  ,,2052,200,2026-01-30
홍일목장,젖소,젖소,충청남도 부여군 홍산면 교원리 265번지  ,,1822.85,70,2026-01-30
희망농장,한우,한우,충청남도 부여군 규암면 나복리 868번지 1호  ,,1820,52,2026-01-30
선우농장,한우,,충청남도 부여군 남면 회동리 8번지 10호  ,,600,0,2026-01-30
송곡축산,한우,한우,충청남도 부여군 부여읍 송곡리 363번지 3호  ,,1147.5,80,2026-01-30
강석천 농장,한우,한우,충청남도 부여군 구룡면 구봉리 688번지 9호 외1(구봉리 688-10) ,충청남도 부여군 구룡면 흥수로456번길 50-125,2600,9,2026-01-30
청포농장,한우,한우,충청남도 부여군 세도면 청포리 산 14번지 3호  ,,48.5,4,2026-01-30
젖소목장,젖소,젖소,충청남도 부여군 외산면 반교리 279번지 4호  ,,2750.18,20,2026-01-30
번지농장1번,한우,한우,충청남도 부여군 석성면 증산리 982번지 3호  ,,273.99,25,2026-01-30
승연농장,한우,한우,충청남도 부여군 규암면 노화리 6번지 1호  ,,2436,150,2026-01-30
그림농장,한우,한우,충청남도 부여군 부여읍 중정리 89번지  ,,220.5,20,2026-01-30
행운목장,한우,한우,충청남도 부여군 장암면 점상리 201번지 6호  ,충청남도 부여군 장암면 남성로882번길 102,994.5,70,2026-01-30
탑산농장3,한우,한우,충청남도 부여군 임천면 비정리 90번지 1호  ,,650,60,2026-01-30
농업회사법인내꿈한우(주),한우,한우,충청남도 부여군 남면 송암리 966-3 외1(966-4) ,,6292.23,418,2026-01-30
해옥농장,한우,한우,충청남도 부여군 양화면 암수리 168번지 18호  ,,528,3,2026-01-30
대흥목장,한우,한우,충청남도 부여군 임천면 만사리 124번지 8호  ,,599.04,10,2026-01-30
다온농장,한우,한우,충청남도 부여군 부여읍 신정리 573번지 4호  ,충청남도 부여군 부여읍 대울로 31-54,1980.45,5,2026-01-30
민종농장,한우,한우,충청남도 부여군 석성면 석성리 1250번지  ,충청남도 부여군 석성면 석성로 51-46,2050,150,2026-01-30
나복농장,한우,한우,충청남도 부여군 규암면 나복리 877번지 4호  ,,1200,120,2026-01-30
유곡농장,한우,한우,충청남도 부여군 남면 회동리 891번지 11호  ,,340,30,2026-01-30
다정농장,한우,한우,충청남도 부여군 규암면 수목리 482번지 1호  ,,290.08,20,2026-01-30
합송농장,한우,한우,충청남도 부여군 규암면 합송리 82번지 1호  ,,1300,200,2026-01-30
김홍규,염소,염소,충청남도 부여군 양화면 상촌리 186번지 3호  ,,96,50,2026-01-30
미소농장(은산),한우,한우,충청남도 부여군 은산면 은산리 224번지 9호  ,,7104.58,500,2026-01-30
우리소농장,한우,한우,충청남도 부여군 은산면 은산리 202번지 1호  ,,1408.4,24,2026-01-30
정원농장,한우,한우,충청남도 부여군 초촌면 소사리 816번지  ,,1750,170,2026-01-30
삼보농장,한우,한우,충청남도 부여군 규암면 반산리 367번지 4호  ,,1740,174,2026-01-30
부림농장,한우,한우,충청남도 부여군 양화면 암수리 26번지 3호 외 1필지(26-12) ,,1156.5,156,2026-01-30
은비네농장,한우,한우,충청남도 부여군 석성면 증산리 112번지 3호 외1(1446-1) ,,1380,50,2026-01-30
대양축산2농장,한우,한우,충청남도 부여군 규암면 합송리 133번지 6호  ,,2800,280,2026-01-30
건영농장,한우,한우,충청남도 부여군 초촌면 소사리 1089번지  ,,1250,100,2026-01-30
그린한우농장,한우,한우,충청남도 부여군 남면 회동리 166번지 8호 외1필지(166-9) ,,1060,100,2026-01-30
우리소다,한우,"한우, 육우",충청남도 부여군 남면 마정리 1165번지 7호  ,,3220,250,2026-01-30
헌수농장,한우,한우,충청남도 부여군 임천면 탑산리 735번지 1호  ,,445.5,44,2026-01-30
헌수농장,한우,한우,충청남도 부여군 구룡면 죽교리 675번지  ,,1360,136,2026-01-30
대박농장,한우,한우,충청남도 부여군 충화면 현미리 631번지  ,,96,3,2026-01-30
금천농장,한우,"한우, 육우",충청남도 부여군 남면 금천리 164번지  ,충청남도 부여군 남면 금천로 101,645,70,2026-01-30
삼영농장Ⅱ,한우,한우,충청남도 부여군 석성면 봉정리 1038번지 5호  ,충청남도 부여군 석성면 석성남로 143-21,3100,310,2026-01-30
포포농장,한우,한우,충청남도 부여군 구룡면 주정리 413번지 3호 외1필지(413-4) ,,1700,42,2026-01-30
신성 은산골 축산농장(2),한우,한우,"충청남도 부여군 규암면 신성리 524번지 3호 외2필지(513-8, 524-1) ",,1600,160,2026-01-30
거전농장,한우,한우,충청남도 부여군 은산면 거전리 545번지 1호  ,,900,30,2026-01-30
하린,한우,한우,충청남도 부여군 세도면 간대리 166번지 5호  ,,1200,120,2026-01-30
행복농장,한우,한우,충청남도 부여군 규암면 나복리 872번지 5호  ,,1700,170,2026-01-30
재두네 한우농장2,한우,"한우, 육우",충청남도 부여군 규암면 합송리 155번지 4호  ,,3000,200,2026-01-30
영훈목장,한우,한우,"충청남도 부여군 구룡면 용당리 182번지 11호 외4(182-14,183-1,183-3,183-5) ",,160,16,2026-01-30
재두네 한우농장,한우,한우,"충청남도 부여군 규암면 합송리 157번지 7호 외 3필지(157-8, 157-9, 171-1) ",,5800,570,2026-01-30
백제축산,한우,한우,충청남도 부여군 세도면 청포리 296번지 9호  ,,2156,210,2026-01-30
정은농장,한우,한우,충청남도 부여군 은산면 가중리 263번지  ,,1468.16,34,2026-01-30
라온농장,한우,한우,충청남도 부여군 초촌면 산직리 771번지 14호  ,충청남도 부여군 초촌면 초평로152번길 65-115,1500,150,2026-01-30
별하농장,한우,한우,충청남도 부여군 초촌면 소사리 787번지  ,,1100,110,2026-01-30
이화농장,한우,한우,충청남도 부여군 은산면 가곡리 218번지 12호 외1(218-9) ,,369.96,35,2026-01-30
안성농장,한우,한우,충청남도 부여군 옥산면 가덕리 509번지 3호  ,,1500,50,2026-01-30
가덕농장,한우,한우,충청남도 부여군 옥산면 가덕리 658번지 외1(659) ,,953.03,80,2026-01-30
부원목장,한우,한우,"충청남도 부여군 초촌면 진호리 375번지 27호 외6(375-23,-26,-28,-29,392-44,-85) ",,634.3,63,2026-01-30
승훈2축산,한우,한우,충청남도 부여군 은산면 대양리 85번지 6호  ,,1100,110,2026-01-30
미소농장,한우,한우,충청남도 부여군 규암면 노화리 6번지 1호  ,,1296,100,2026-01-30
한용농장,한우,한우,"충청남도 부여군 석성면 현내리 681번지 2호 외5(682-2,680,698-2,695-2,695-3) ",,740.21,25,2026-01-30
남산농원,한우,한우,"충청남도 부여군 장암면 상황리 38번지 외5(38-1,38-2,38-3,38-7,343-35) ",,564.94,56,2026-01-30
부자농장,한우,한우,충청남도 부여군 초촌면 산직리 759번지 1호  ,충청남도 부여군 초촌면 선사로336번길 54,904,90,2026-01-30
홍산축산,한우,한우,충청남도 부여군 옥산면 가덕리 186번지 3호  ,,1600,150,2026-01-30
서인한우,한우,한우,충청남도 부여군 홍산면 무정리 295번지  ,,90.65,6,2026-01-30
유림목장,젖소,젖소,충청남도 부여군 홍산면 토정리 274번지 3호  ,,2631.41,93,2026-01-30
최재민,한우,한우,충청남도 부여군 남면 회동리 887번지 2호 외1(887-4) ,,2106,175,2026-01-30
백병화농장,한우,한우,충청남도 부여군 장암면 원문리 647번지 3호  ,,460,38,2026-01-30
영학농장,한우,한우,충청남도 부여군 임천면 구교리 838번지 3호  ,,700,60,2026-01-30
서윤목장,한우,한우,충청남도 부여군 규암면 노화리 29번지 4호  ,,1372,150,2026-01-30
천보농장,한우,한우,충청남도 부여군 내산면 천보리 491번지  ,,96,5,2026-01-30
금강농장,한우,한우,"충청남도 부여군 규암면 부여두리 22번지 4호 외2필지(22-5, 22-6) ",,2700,224,2026-01-30
외리농장,한우,한우,충청남도 부여군 규암면 외리 26번지 68호 외1(26-155) ,,1594.88,158,2026-01-30
이레목장,한우,한우,충청남도 부여군 구룡면 구봉리 405번지 4호  ,,414.72,60,2026-01-30
조태식축사,한우,한우,충청남도 부여군 석성면 증산리 1454번지 1호 외1 (1454-2) ,,2048,170,2026-01-30
두레,한우,한우,충청남도 부여군 석성면 증산리 1320번지 131호 외 1필지 ,,300,42,2026-01-30
학군농장,한우,한우,충청남도 부여군 은산면 거전리 559번지 1호  ,,200,17,2026-01-30
미래목장,한우,한우,"충청남도 부여군 내산면 율암리 128번지 3호 , 128-6 ",,325,39,2026-01-30
허성배축사,한우,한우,충청남도 부여군 초촌면 송국리 18번지  ,,334,28,2026-01-30
태휘농장2,한우,한우,충청남도 부여군 규암면 금암리 461번지 6호  ,,1600,133,2026-01-30
백운농장,한우,한우,충청남도 부여군 홍산면 정동리 638번지  ,,80,3,2026-01-30
소사농장,한우,한우,충청남도 부여군 초촌면 소사리 1033번지  ,,1425,118,2026-01-30
부부농장,한우,한우,충청남도 부여군 장암면 합곡리 465번지  ,,243,21,2026-01-30
재건농장,육계,,"충청남도 부여군 홍산면 정동리 576번지 4호 외2필지(576-5, 576-7) ",충청남도 부여군 홍산면 홍산정동로 129 (외 4필지),4344,0,2026-01-30
채사농장,한우,"한우, 염소",충청남도 부여군 임천면 두곡리 198번지 5호  ,충청남도 부여군 임천면 부흥로 315-23,124,0,2026-01-30
부여하늘농장2,한우,,충청남도 부여군 장암면 정암리 246번지  ,,250,0,2026-01-30
부여하늘농장,한우,,"충청남도 부여군 장암면 정암리 250번지 1호 외5필지(250-2, 250-3, 247, 249, 569-17) ",,1882.79,0,2026-01-30
반조원목장,한우,,충청남도 부여군 세도면 반조원리 282번지 1호  ,충청남도 부여군 세도면 세도로 408-54,1308.04,0,2026-01-30
웅비목장,한우,,충청남도 부여군 임천면 비정리 97번지 2호 97-1 ,충청남도 부여군 임천면 비동길 55,3058,0,2026-01-30
신안농장,한우,,충청남도 부여군 은산면 회곡리 213번지 외1(216) ,,700.63,0,2026-01-30
백시동목장,한우,,충청남도 부여군 홍산면 정동리 720번지 7호  ,충청남도 부여군 홍산면 홍내로 192-35,99,0,2026-01-30
정모농장,한우,,충청남도 부여군 부여읍 저석리 241번지 1호 외1(236-3) ,,760.46,0,2026-01-30
백가,염소,,충청남도 부여군 장암면 원문리 370번지  ,,161,0,2026-01-30
호은농장,한우,,충청남도 부여군 규암면 석우리 산 12번지 1호  ,,49,0,2026-01-30
비당농장,한우,,충청남도 부여군 석성면 비당리 372번지 7호  ,,49,0,2026-01-30
소사농장,육우,,충청남도 부여군 초촌면 소사리 320번지 1호  ,충청남도 부여군 초촌면 선사로 447-15,40,0,2026-01-30
연우농장,한우,,충청남도 부여군 은산면 합수리 54번지 1호  ,충청남도 부여군 은산면 합수로53번길 91-7,48,0,2026-01-30
청송한우,한우,,충청남도 부여군 세도면 청송리 695번지 12호  ,충청남도 부여군 세도면 세도로 219-10,98,0,2026-01-30
우리농장,한우,,충청남도 부여군 세도면 반조원리 43번지 47호  ,,80,0,2026-01-30
대양농장,한우,,충청남도 부여군 은산면 대양리 92번지 1호  ,충청남도 부여군 은산면 충절로대양2길 66,98,0,2026-01-30
소축사,한우,,충청남도 부여군 은산면 내지리 312번지  ,충청남도 부여군 은산면 내대로130번길 117,48,0,2026-01-30
정우축사,한우,,충청남도 부여군 충화면 복금리 124번지  ,충청남도 부여군 충화면 복금로 173,98,0,2026-01-30
오산,한우,,충청남도 부여군 부여읍 능산리 347번지 1호  ,,98,0,2026-01-30
서진농장,한우,,충청남도 부여군 규암면 합송리 73번지 8호  ,,1372,0,2026-01-30
다근농장,한우,,충청남도 부여군 세도면 간대리 산 1번지 4호  ,충청남도 부여군 세도면 다근로 41-7,49,0,2026-01-30
수복농장,한우,,충청남도 부여군 규암면 나복리 254번지  ,,87,0,2026-01-30
유진농장,한우,,충청남도 부여군 은산면 가곡리 438번지 4호  ,,346.5,0,2026-01-30
행복한 농장,한우,,충청남도 부여군 임천면 만사리 387번지 7호 외1필지(387-8) ,,1500,0,2026-01-30
광희축사,한우,,충청남도 부여군 규암면 나복리 761번지  ,,102.06,0,2026-01-30
한우1000,한우,,충청남도 부여군 규암면 나복리 711번지  ,,70,0,2026-01-30
희망농장,한우,,충청남도 부여군 규암면 진변리 213번지 5호  ,,1600,0,2026-01-30
역말농장,한우,,충청남도 부여군 장암면 합곡리 1025번지 4호  ,충청남도 부여군 장암면 합곡서로3번길 47-17,520,0,2026-01-30
정현덕농장,염소,,충청남도 부여군 홍산면 홍양리 산 30번지 7호  ,,112,0,2026-01-30
염소농장,염소,염소,충청남도 부여군 장암면 북고리 570번지  ,,247,25,2026-01-30
꽃순이농장,한우,,충청남도 부여군 규암면 금암리 459번지 1호 외1필지(459-2) ,,384,0,2026-01-30
상천농장,한우,,"충청남도 부여군 충화면 천당리 684번지 1호 외3(686, 산151-1, 산152) ",,535.8,0,2026-01-30
화성농장,한우,,충청남도 부여군 외산면 화성리 583번지 12호  ,,1296,0,2026-01-30
팔마축산,한우,,충청남도 부여군 충화면 팔충리 656번지 8호  ,,1500,0,2026-01-30
송죽농장,한우,,충청남도 부여군 장암면 원문리 604번지 5호  ,,769.5,0,2026-01-30
송림농장,염소,염소,충청남도 부여군 세도면 청포리 550번지 3호  ,,210.6,24,2026-01-30
함께하는 농장,염소,,충청남도 부여군 홍산면 북촌리 124번지 20호  ,,28.7,0,2026-01-30
한울농장,한우,,충청남도 부여군 세도면 반조원리 703번지  ,,1948.5,0,2026-01-30
박찬호농장,한우,,충청남도 부여군 세도면 반조원리 708번지  ,,1935.36,0,2026-01-30
한화목장,육우,,충청남도 부여군 은산면 신대리 39번지 14호  ,,65,0,2026-01-30
세진농장,염소,염소,충청남도 부여군 내산면 저동리 1번지 15호  ,,85,20,2026-01-30
우원농장,한우,,충청남도 부여군 장암면 원문리 621번지 1호  ,,2080,0,2026-01-30
연경축사,육우,,충청남도 부여군 양화면 수원리 352번지 5호 외1(352-4) ,,1700,0,2026-01-30
내꿈농장,한우,,"충청남도 부여군 남면 송암리 978-2 외3(978-3,978-4,978-5) ",,7039.2,0,2026-01-30
정암농장,한우,,충청남도 부여군 장암면 정암리 331번지  ,충청남도 부여군 장암면 의자로1235번길 125,243,0,2026-01-30
내꿈한우 제3농장,한우,,충청남도 부여군 남면 마정리 1150번지 4호 외1(1150-5) ,,3542.4,0,2026-01-30
야곱농장,염소,,충청남도 부여군 옥산면 대덕리 350 ,,184.28,0,2026-01-30
오악사 한우농장3,한우,,충청남도 부여군 규암면 나복리 863번지 1호  ,,750,0,2026-01-30
성원농장,한우,,충청남도 부여군 장암면 북고리 585번지 3호  ,,2100,0,2026-01-30
광희축사2,한우,,충청남도 부여군 규암면 나복리 758 ,,98.6,0,2026-01-30
염소농장,염소,,충청남도 부여군 남면 마정리 663번지 2호  ,,20,0,2026-01-30
자매목장,젖소,,충청남도 부여군 양화면 벽용리 307번지 1호  ,,2906.7,0,2026-01-30
부천목장,한우,,충청남도 부여군 은산면 거전리 443번지 1호  ,,95,0,2026-01-30
오가는농장,염소,염소,충청남도 부여군 임천면 가신리 산 7번지  ,,1684.84,30,2026-01-30
성주농장,염소,염소,충청남도 부여군 은산면 거전리 69번지 13호 외1(산59-19) ,,120,40,2026-01-30
우네농장,한우,,충청남도 부여군 홍산면 정동리 720번지 12호  ,충청남도 부여군 홍산면 홍내로 192-21,450,0,2026-01-30
K염소농장,염소,염소,충청남도 부여군 외산면 반교리 518번지 3호  ,,198,30,2026-01-30
옥곡리 염소농장,염소,염소,충청남도 부여군 임천면 옥곡리 134번지 2호  ,,30,15,2026-01-30
한우농장2,한우,,충청남도 부여군 외산면 전장리 163번지  ,충청남도 부여군 외산면 만수로 571-6,81,0,2026-01-30
큰산농장,염소,염소,충청남도 부여군 은산면 대양리 213번지 2호  ,,40,15,2026-01-30
반딧불,한우,,충청남도 부여군 세도면 반조원리 297번지  ,,785.25,0,2026-01-30
현우농장,염소,염소,충청남도 부여군 부여읍 현북리 561번지  ,,88,20,2026-01-30
샬롬농장,염소,염소,충청남도 부여군 홍산면 남촌리 420번지 10호 외 1필지(420-11) ,,35,20,2026-01-30
고라농장,염소,염소,충청남도 부여군 홍산면 북촌리 436번지 1호  ,,66,40,2026-01-30
동막농장,염소,염소,충청남도 부여군 은산면 대양리 421번지  ,,35,50,2026-01-30
영성농장,한우,,"충청남도 부여군 임천면 비정리 101번지 2호 외2(101-3, 4) ",충청남도 부여군 임천면 비동길 55-24,2800,0,2026-01-30
명작골,염소,염소,충청남도 부여군 임천면 가신리 601번지 2호  ,,137,30,2026-01-30
대명농장,한우,,충청남도 부여군 부여읍 송곡리 19번지 1호 외 1(19-2) ,,832,0,2026-01-30
쌍둥이 농장,염소,염소,충청남도 부여군 구룡면 죽교리 307번지 4호  ,,60,10,2026-01-30
그린농장,염소,염소,충청남도 부여군 부여읍 가증리 134번지 2호  ,,97.5,10,2026-01-30
만땅농장,염소,염소,충청남도 부여군 세도면 귀덕리 81번지 3호  ,,35,50,2026-01-30
동국농장,염소,염소,충청남도 부여군 내산면 천보리 348번지  ,,80,50,2026-01-30
충남농원염소,염소,염소,충청남도 부여군 부여읍 능산리 470번지  ,,36,50,2026-01-30
천보산 한우,한우,,충청남도 부여군 홍산면 상천리 548번지 1호  ,,1550,0,2026-01-30
범준농장,염소,염소,충청남도 부여군 규암면 나복리 872번지 4호  ,,150,45,2026-01-30
상택농장,염소,염소,충청남도 부여군 부여읍 상금리 327번지 1호  ,,52,20,2026-01-30
명호농장,염소,염소,충청남도 부여군 은산면 경둔리 산 63번지  ,,82.8,30,2026-01-30
남영농장,염소,염소,충청남도 부여군 세도면 청송리 163번지 2호  ,,99,30,2026-01-30
아라농장,염소,염소,충청남도 부여군 세도면 수고리 200번지  ,,60,40,2026-01-30
이수농장,염소,염소,충청남도 부여군 내산면 저동리 386번지 3호  ,,85,20,2026-01-30
승리목장,염소,염소,충청남도 부여군 세도면 반조원리 309번지 1호  ,,42.7,20,2026-01-30
조은염소농장,염소,염소,충청남도 부여군 임천면 구교리 16번지 5호  ,,51.2,20,2026-01-30
용두농장,염소,염소,충청남도 부여군 양화면 오량리 252번지  ,,63,25,2026-01-30
한우농장,한우,,충청남도 부여군 규암면 나복리 407번지 3호  ,,247.5,0,2026-01-30
조은들농장,한우,,"충청남도 부여군 세도면 청송리 63번지 7호 외7(24-1,63-9,63-13,63-24,63-25,1033-1,1036-1) ",,1045.38,0,2026-01-30
연구농장,염소,염소,충청남도 부여군 양화면 벽용리 246번지  ,,16,20,2026-01-30
행복농장,염소,염소,충청남도 부여군 석성면 증산리 735번지  ,,99,49,2026-01-30
염소사랑 농장,염소,염소,충청남도 부여군 세도면 청송리 54번지 1호  ,,165,30,2026-01-30
지연구 축사,한우,,충청남도 부여군 규암면 합송리 82번지 1호  ,,1650,0,2026-01-30
금경농장,염소,염소,충청남도 부여군 임천면 군사리 421번지  ,,96,30,2026-01-30
부여농장,염소,,충청남도 부여군 임천면 가신리 220번지 1호  ,,248,0,2026-01-30
유정농장2,염소,염소,충청남도 부여군 옥산면 수암리 28번지 5호  ,,436.1,40,2026-01-30
부두농장,염소,염소,충청남도 부여군 규암면 부여두리 55번지 3호  ,,72,20,2026-01-30
하은농장,염소,염소,충청남도 부여군 내산면 마전리 14번지  ,,72,30,2026-01-30
대흥농장,한우,,충청남도 부여군 남면 송암리 1020번지 2호  ,,729,0,2026-01-30
용선농장,산양,산양,충청남도 부여군 옥산면 가덕리 30번지 2호 외1필지(30-24) ,,198,49,2026-01-30
기홍농장,산양,산양,충청남도 부여군 옥산면 가덕리 30번지 21호 외1필지(30-23) ,,198,49,2026-01-30
산양랜드,산양,산양,충청남도 부여군 옥산면 가덕리 30번지 22호 외1필지(30-19) ,,198,49,2026-01-30
혁동농장,산양,산양,충청남도 부여군 옥산면 가덕리 30번지 15호 외1필지(30-20) ,,198,49,2026-01-30
산정농장,염소,염소,충청남도 부여군 내산면 금지리 130번지 1호  ,,495,30,2026-01-30
청안농장,염소,염소,충청남도 부여군 옥산면 안서리 46번지 22호  ,,242,30,2026-01-30
농업회사법인 주식회사 도암농장(2농장),돼지,,"충청남도 부여군 양화면 시음리 586번지 6호 외2필지(586-4, 504-31) ",충청남도 부여군 양화면 수시로 180-6,9407.08,0,2026-01-30
벌말농장,염소,염소,충청남도 부여군 은산면 장벌리 196번지  ,,441.26,200,2026-01-30
함박산농장,염소,"한우, 염소",충청남도 부여군 세도면 장산리 463번지  ,,46.8,50,2026-01-30
행복농장,염소,염소,충청남도 부여군 내산면 온해리 513번지  ,,156,40,2026-01-30
아가씨 염소 농장,염소,염소,충청남도 부여군 세도면 사산리 573번지  ,,72,20,2026-01-30
금천농장,육계,,"충청남도 부여군 남면 금천리 308번지 18호 외3필지(314-1, 313-4, 310) ",충청남도 부여군 남면 금천로 47-50,2679,0,2026-01-30
새농민농장,염소,염소,충청남도 부여군 석성면 증산리 1037번지 8호  ,,93.8,30,2026-01-30
선영이네농장,염소,염소,충청남도 부여군 외산면 가덕리 155번지  ,,70,30,2026-01-30
일희농장,한우,,충청남도 부여군 세도면 수고리 1000번지 1호  ,,512,0,2026-01-30
덕이농장,염소,염소,충청남도 부여군 규암면 반산리 143번지  ,충청남도 부여군 규암면 흥수로853번길 47,90,30,2026-01-30
딸부자네농장,염소,염소,충청남도 부여군 규암면 합송리 1115번지 5호  ,,90,20,2026-01-30
장산리농장,염소,,충청남도 부여군 세도면 장산리 277번지 6호  ,,40,0,2026-01-30
마전농장,염소,염소,충청남도 부여군 내산면 마전리 76번지  ,,152,35,2026-01-30
부부농장2,염소,염소,충청남도 부여군 양화면 입포리 228번지 3호  ,,98.6,40,2026-01-30
부엉산농장,육우,,충청남도 부여군 규암면 수목리 468번지 7호  ,,1365,0,2026-01-30
도도농장,염소,염소,충청남도 부여군 부여읍 염창리 449번지  ,,48,40,2026-01-30
장벌리축산2,한우,,충청남도 부여군 은산면 오번리 456번지 9호  ,,608,0,2026-01-30
오송대목장2,염소,염소,충청남도 부여군 양화면 오량리 85번지 2호  ,,133.25,40,2026-01-30
청하연농장,염소,염소,충청남도 부여군 부여읍 정동리 333번지 1호  ,,30.4,30,2026-01-30
계룡목장,한우,,충청남도 부여군 석성면 비당리 935번지 17호  ,,2000,0,2026-01-30
감나무농장,염소,염소,충청남도 부여군 충화면 만지리 67번지  ,,50,20,2026-01-30
아카시아 농장,염소,염소,충청남도 부여군 충화면 천당리 580번지  ,,40,40,2026-01-30
주원농장,염소,염소,충청남도 부여군 규암면 신성리 379번지  ,,65,20,2026-01-30
서울농장,염소,염소,충청남도 부여군 옥산면 안서리 114번지 2호  ,,95,40,2026-01-30
유리네 농장,염소,염소,충청남도 부여군 은산면 가중리 349번지 2호  ,,65,10,2026-01-30
온달염소목장,염소,염소,충청남도 부여군 충화면 지석리 548번지 1호  ,,90,45,2026-01-30
그린축산(2),한우,,충청남도 부여군 석성면 증산리 1454번지 4호 외1필지(1454-5) ,,1875,0,2026-01-30
운 농장,염소,염소,충청남도 부여군 석성면 증산리 1237번지 8호  ,,66,20,2026-01-30
사랑농장,한우,,충청남도 부여군 옥산면 가덕리 201번지 2호  ,,1500,0,2026-01-30
도란도란 부여,종계/산란계,,"충청남도 부여군 세도면 사산리 611번지 외 9필지(612-1, 613, 613-1, 614, 614-2, 623-6, 625, 626, 719-2) ",,5442.4,0,2026-01-30
이레농장2,한우,,충청남도 부여군 장암면 석동리 32번지 2호  ,,887.62,0,2026-01-30
대광농장,염소,염소,충청남도 부여군 세도면 수고리 975번지  ,,196,40,2026-01-30
희은농장,염소,염소,충청남도 부여군 부여읍 정동리 300번지 1호  ,,97.2,30,2026-01-30
광식농장,염소,염소,충청남도 부여군 은산면 내지리 582번지 2호  ,,90,20,2026-01-30
가탑농장,염소,염소,충청남도 부여군 부여읍 가탑리 234번지 3호  ,,91,45,2026-01-30
해나농장,염소,염소,충청남도 부여군 초촌면 신암리 산 13번지 1호  ,,594.96,300,2026-01-30
향우원농장2,한우,,충청남도 부여군 규암면 나복리 589번지  ,충청남도 부여군 규암면 라복서로 85-12,997.66,0,2026-01-30
밤이농장,염소,염소,충청남도 부여군 세도면 장산리 426번지  ,,54,25,2026-01-30
규현농장,염소,염소,충청남도 부여군 은산면 내지리 469번지 2호  ,,45,30,2026-01-30
부여조은란,종계/산란계,,충청남도 부여군 홍산면 북촌리 438번지 10호  ,,4238,0,2026-01-30
브레인팜,염소,염소,충청남도 부여군 홍산면 정동리 128번지 1호  ,,98,30,2026-01-30
인권농장,염소,염소,충청남도 부여군 임천면 점리 553번지 5호  ,,84.8,20,2026-01-30
개구리농장,종계/산란계,종계/산란계,충청남도 부여군 초촌면 신암리 794번지 2호  ,,38.4,60,2026-01-30
은혜염소농장,염소,염소,충청남도 부여군 규암면 나복리 51번지 2호  ,,53.76,40,2026-01-30
대양목장2,한우,,충청남도 부여군 장암면 원문리 598번지 5호 외 1필지(598-6) ,,3000,0,2026-01-30
부원농장,염소,염소,충청남도 부여군 내산면 지티리 531번지 3호  ,,196,40,2026-01-30
강남농장,염소,염소,충청남도 부여군 부여읍 능산리 185번지  ,,37.4,23,2026-01-30
성조염소농장,염소,염소,충청남도 부여군 은산면 나령리 152번지 1호  ,,183,40,2026-01-30
류정농장,염소,,충청남도 부여군 은산면 경둔리 463번지  ,,40,0,2026-01-30
둔터농장,염소,,충청남도 부여군 은산면 경둔리 407번지 2호  ,,80.64,0,2026-01-30
오성농장,종계업,,충청남도 부여군 장암면 지토리 28번지 3호  ,충청남도 부여군 장암면 사동로태동3길 93,8404.1,50000,2026-01-30
내산농장,종계업,,충청남도 부여군 홍산면 상천리 120번지  ,충청남도 부여군 홍산면 상천로 23,2600.4,15000,2026-01-30
양화농장,종계업,,충청남도 부여군 양화면 족교리 462번지 2호  ,충청남도 부여군 양화면 충절로239번길 128,2783,0,2026-01-30
은산농장,종계업,,충청남도 부여군 은산면 내지리 256번지  ,충청남도 부여군 은산면 내대로 197-37,1694.37,11000,2026-01-30
천보베다니농장,종계업,,충청남도 부여군 내산면 천보리 207번지 3호  ,,3831,22000,2026-01-30
옥산종계장,종계업,,충청남도 부여군 옥산면 홍연리 709번지 7호  ,,3924.5,20030,2026-01-30
성산농장,종계업,,충청남도 부여군 양화면 족교리 462번지  ,충청남도 부여군 양화면 충절로239번길 128,3168,17600,2026-01-30
고려농장,종계업,,충청남도 부여군 임천면 점리 1064번지  ,,6339.34,37400,2026-01-30
자연농장,종계업,,충청남도 부여군 양화면 족교리 462번지 5호  ,,2427.4,15900,2026-01-30
농업회사법인 청명(주),종돈업,,충청남도 부여군 홍산면 상천리 246번지  ,충청남도 부여군 홍산면 상천로73번길 152,4933.37,192,2026-01-30
수목농장,종계업,,충청남도 부여군 규암면 수목리 381-2 외1(381-3) ,,1569.34,10000,2026-01-30
청송농장,종계업,,충청남도 부여군 세도면 청송리 66번지 6호  ,,2640,17400,2026-01-30
기련축산,종계업,,충청남도 부여군 홍산면 상천리 492번지 1호  ,충청남도 부여군 홍산면 삽티로 495,19519.83,62100,2026-01-30
이수종계장,종계업,,충청남도 부여군 세도면 동사리 92번지 17호 외 1필지(93-2) ,,8856.92,52000,2026-01-30
농업회사법인 (주)한국원종 부여농장,종계업,,충청남도 부여군 옥산면 수암리 산 31번지 1호  ,충청남도 부여군 옥산면 안남로51번길 56,5979.39,31106,2026-01-30
삼화원종 마전농장,종계업,,"충청남도 부여군 내산면 마전리 315번지 1호 외 2필지(315-6, 316) ",,6564.4,55000,2026-01-30
비흥농장,종돈업,,충청남도 부여군 옥산면 수암리 188번지 4호  ,충청남도 부여군 옥산면 안남로135번길 66,4497.07,305,2026-01-30
농업회사법인 주식회사 부여육종,종돈업,,충청남도 부여군 임천면 점리 145번지  ,충청남도 부여군 임천면 위덕로98번길 84,6936.68,756,2026-01-30
대흥농장,종계업,,충청남도 부여군 은산면 나령리 449번지  ,,2985.9,22000,2026-01-30
삼화농장,종계업,,충청남도 부여군 규암면 노화리 8번지 5호  ,,5719,60000,2026-01-30
평지농장,종계업,,충청남도 부여군 홍산면 교원리 43번지 28호 (43-46) ,,4702.8,25300,2026-01-30
농업회사법인 대농(주),종계업,,충청남도 부여군 부여읍 자왕리 467번지  ,충청남도 부여군 부여읍 백제문화로429번길 69-19,3783.16,27500,2026-01-30
연수농장,종계업,,충청남도 부여군 외산면 장항리 101번지 외1(외산면 장항리 101-1) ,충청남도 부여군 외산면 복덕로 37-30,2304,15500,2026-01-30
농업회사법인 주식회사 부여지피,종돈업,,"충청남도 부여군 홍산면 토정리 391번지 6호 외 5필지(391-10, 394-1,2,5,6) ",충청남도 부여군 홍산면 토동로 108,15641.72,1264,2026-01-30
