사업장소재지,축종,사육마릿수,사육면적,데이터기준일
충청남도 공주시 우성면 내산리 ,소,0,476,2026-06-08
충청남도 공주시 이인면 구암리 산,소,8,864,2026-06-08
충청남도 공주시 정안면 북계리 ,소,10,160,2026-06-08
충청남도 공주시 계룡면 향지리 ,소,0,792,2026-06-08
충청남도 공주시 정안면 전평리 ,소,85,439.2,2026-06-08
충청남도 공주시 우성면 보흥리 ,소,10,162,2026-06-08
충청남도 공주시 의당면 의당면 ,소,20,795.6,2026-06-08
충청남도 공주시 탄천면 탄천면 ,소,28,792,2026-06-08
충청남도 공주시 계룡면 월곡리 ,소,0,1152,2026-06-08
충청남도 공주시 유구읍 문금리 ,소,9,500,2026-06-08
충청남도 공주시 우성면 방문리 ,소,185,2208,2026-06-08
충청남도 공주시 우성면 상서리 ,소,0,195.8,2026-06-08
충청남도 공주시 우성면 용봉리 ,소,4,398.4,2026-06-08
충청남도 공주시 우성면 보흥리 ,소,24,608,2026-06-08
충청남도 공주시 우성면 봉현리 ,소,0,200,2026-06-08
충청남도 공주시 정안면 내촌리 ,소,45,1326,2026-06-08
충청남도 공주시 유구읍 만천리 ,소,0,90,2026-06-08
충청남도 공주시 유구읍 녹천리 ,소,46,600,2026-06-08
충청남도 공주시 탄천면 견동리 ,소,27,400,2026-06-08
충청남도 공주시 우성면 귀산리 ,소,4,67.8,2026-06-08
충청남도 공주시 계룡면 내흥리 ,소,5,60,2026-06-08
충청남도 공주시 우성면 내산리 ,소,10,550,2026-06-08
충청남도 공주시 우성면 보흥리 ,소,4,144,2026-06-08
충청남도 공주시 우성면 도천리 ,소,7,102.3,2026-06-08
충청남도 공주시 우성면 보흥리 ,소,0,165,2026-06-08
충청남도 공주시 유구읍 녹천리 ,소,0,474.4,2026-06-08
충청남도 공주시 정안면 문천리 ,소,0,200,2026-06-08
충청남도 공주시 탄천면 광명리 ,소,5,440,2026-06-08
충청남도 공주시 사곡면 부곡리 ,소,0,280,2026-06-08
충청남도 공주시 의당면 율정리 ,소,19,500,2026-06-08
충청남도 공주시 의당면 수촌리 ,소,35,250,2026-06-08
충청남도 공주시 우성면 대성리 ,소,26,432,2026-06-08
충청남도 공주시 유구읍 녹천리 ,소,0,306,2026-06-08
충청남도 공주시 탄천면 삼각리 ,소,26,395,2026-06-08
충청남도 공주시 의당면 수촌리 ,소,74,597,2026-06-08
충청남도 공주시 이인면 신흥리 ,소,0,390,2026-06-08
충청남도 공주시 의당면 율정리 ,소,0,336,2026-06-08
충청남도 공주시 의당면 월곡리 ,소,0,256.3,2026-06-08
충청남도 공주시 탄천면 성리 ,소,27,1138,2026-06-08
충청남도 공주시 유구읍 세동리 ,소,4,260,2026-06-08
충청남도 공주시 이인면 이인리 ,소,109,1000,2026-06-08
충청남도 공주시 송선동 송선동 ,소,0,164,2026-06-08
충청남도 공주시 사곡면 사곡면 ,소,0,323,2026-06-08
충청남도 공주시 유구읍 백교리 ,소,0,160,2026-06-08
충청남도 공주시 의당면 의당면 ,소,2,65.2,2026-06-08
충청남도 공주시 유구읍 유구읍 ,소,0,380,2026-06-08
충청남도 공주시 검상동 검상동 ,소,24,746.1,2026-06-08
충청남도 공주시 탄천면 덕지리 ,소,3,640,2026-06-08
충청남도 공주시 유구읍 동해리 ,소,23,360,2026-06-08
충청남도 공주시 의당면 중흥리 산,소,7,386,2026-06-08
충청남도 공주시 의당면 청룡리 ,소,80,600,2026-06-08
충청남도 공주시 우성면 단지리 ,소,12,316,2026-06-08
충청남도 공주시 이인면 용성리 ,소,105,2790,2026-06-08
충청남도 공주시 탄천면 송학리 ,소,17,320,2026-06-08
충청남도 공주시 검상동 검상동 ,소,0,1276,2026-06-08
충청남도 공주시 우성면 옥성리 ,소,73,1247.5,2026-06-08
충청남도 공주시 의당면 청룡리 ,소,35,724,2026-06-08
충청남도 공주시 유구읍 신영리 ,소,0,35.8,2026-06-08
충청남도 공주시 유구읍 녹천리 ,소,26,465,2026-06-08
충청남도 공주시 사곡면 부곡리 ,소,8,276,2026-06-08
충청남도 공주시 신풍면 선학리 ,소,0,0,2026-06-08
충청남도 공주시 탄천면 국동리 ,소,32,630,2026-06-08
충청남도 공주시 계룡면 유평리 ,소,8,84,2026-06-08
충청남도 공주시 월송동 월송동 ,소,23,408,2026-06-08
충청남도 공주시 정안면 장원리 ,소,58,800,2026-06-08
충청남도 공주시 계룡면 기산리 ,소,0,1841,2026-06-08
충청남도 공주시 신풍면 입동리 ,소,10,210,2026-06-08
충청남도 공주시 우성면 내산리 ,소,1,1577,2026-06-08
충청남도 공주시 우성면 대성리 ,소,0,800,2026-06-08
충청남도 공주시 유구읍 신영리 ,소,2,450,2026-06-08
충청남도 공주시 유구읍 녹천리 ,소,91,1386.2,2026-06-08
충청남도 공주시 우성면 방흥리 ,소,43,840,2026-06-08
충청남도 공주시 신풍면 백룡리 ,소,50,1067.6,2026-06-08
충청남도 공주시 탄천면 정치리 ,소,8,380,2026-06-08
충청남도 공주시 우성면 보흥리 ,소,8,369,2026-06-08
충청남도 공주시 유구읍 덕곡리 ,소,7,503,2026-06-08
충청남도 공주시 태봉동 태봉동 ,소,34,910,2026-06-08
충청남도 공주시 우성면 도천리 ,소,21,1033.4,2026-06-08
충청남도 공주시 주미동 주미동 ,소,3,643.5,2026-06-08
충청남도 공주시 의당면 의당면 ,소,0,160,2026-06-08
충청남도 공주시 의당면 두만리 ,소,0,288,2026-06-08
충청남도 공주시 우성면 동대리 ,소,148,2505.3,2026-06-08
충청남도 공주시 우성면 용봉리 ,소,209,2468,2026-06-08
충청남도 공주시 이인면 용성리 ,소,6,100,2026-06-08
충청남도 공주시 우성면 방문리 ,소,13,250,2026-06-08
충청남도 공주시 의당면 청룡리 ,소,9,82,2026-06-08
충청남도 공주시 우성면 대성리 ,소,38,300,2026-06-08
충청남도 공주시 유구읍 녹천리 ,소,12,332.5,2026-06-08
충청남도 공주시 우성면 내산리 ,소,12,74,2026-06-08
충청남도 공주시 의당면 청룡리 ,소,15,327,2026-06-08
충청남도 공주시 상왕동 상왕동 ,소,33,425,2026-06-08
충청남도 공주시 탄천면 가척리 ,소,52,1920,2026-06-08
충청남도 공주시 정안면 북계리 ,소,51,1360,2026-06-08
충청남도 공주시 신풍면 입동리 ,소,80,1393,2026-06-08
충청남도 공주시 탄천면 남산리 ,소,0,1410,2026-06-08
충청남도 공주시 신풍면 입동리 ,소,66,1803.5,2026-06-08
충청남도 공주시 계룡면 금대리 ,소,64,1020,2026-06-08
충청남도 공주시 의당면 오인리 ,소,32,1350,2026-06-08
충청남도 공주시 신풍면 입동리 ,소,50,1400,2026-06-08
충청남도 공주시 탄천면 남산리 ,소,21,187,2026-06-08
충청남도 공주시 정안면 화봉리 ,소,26,332,2026-06-08
충청남도 공주시 의당면 덕학리 ,소,62,673,2026-06-08
충청남도 공주시 의당면 덕학리 ,소,13,420,2026-06-08
충청남도 공주시 반포면 마암리 ,소,26,530,2026-06-08
충청남도 공주시 봉정동 봉정동 ,소,10,560,2026-06-08
충청남도 공주시 이인면 발양리 ,소,5,193.5,2026-06-08
충청남도 공주시 계룡면 상성리 ,소,37,378,2026-06-08
충청남도 공주시 탄천면 남산리 ,소,13,70,2026-06-08
충청남도 공주시 탄천면 가척리 ,소,11,576,2026-06-08
충청남도 공주시 정안면 대산리 ,소,3,195,2026-06-08
충청남도 공주시 정안면 보물리 ,소,2,648,2026-06-08
충청남도 공주시 탄천면 성리 ,소,6,252,2026-06-08
충청남도 공주시 계룡면 하대리 ,소,0,18.5,2026-06-08
충청남도 공주시 유구읍 세동리 ,소,16,399,2026-06-08
충청남도 공주시 유구읍 신영리 ,소,58,917,2026-06-08
충청남도 공주시 의당면 도신리 ,소,8,493.5,2026-06-08
충청남도 공주시 사곡면 고당리 ,소,5,161,2026-06-08
충청남도 공주시 이인면 반송리 ,소,36,413.3,2026-06-08
충청남도 공주시 의당면 수촌리 ,소,13,432,2026-06-08
충청남도 공주시 이인면 목동리 ,소,12,468,2026-06-08
충청남도 공주시 정안면 북계리 ,소,0,449,2026-06-08
충청남도 공주시 탄천면 대학리 ,소,13,708,2026-06-08
충청남도 공주시 정안면 평정리 ,소,41,883,2026-06-08
충청남도 공주시 우성면 내산리 ,소,0,672,2026-06-08
충청남도 공주시 우성면 반촌리 ,소,75,810,2026-06-08
충청남도 공주시 사곡면 계실리 ,소,9,215,2026-06-08
충청남도 공주시 신풍면 대룡리 ,소,0,577,2026-06-08
충청남도 공주시 계룡면 화은리 ,소,66,593,2026-06-08
충청남도 공주시 탄천면 광명리 ,소,10,248.7,2026-06-08
충청남도 공주시 봉정동 봉정동 ,소,14,720,2026-06-08
충청남도 공주시 우성면 옥성리 ,소,0,240,2026-06-08
충청남도 공주시 사곡면 가교리 ,소,21,220,2026-06-08
충청남도 공주시 이인면 오룡리 ,소,10,400,2026-06-08
충청남도 공주시 우성면 봉현리 ,소,0,136,2026-06-08
충청남도 공주시 계룡면 경천리 ,소,63,1274.4,2026-06-08
충청남도 공주시 유구읍 유구읍 ,소,0,209,2026-06-08
충청남도 공주시 이인면 주봉리 ,소,150,1652.9,2026-06-08
충청남도 공주시 우성면 귀산리 ,소,13,192,2026-06-08
충청남도 공주시 계룡면 구왕리 ,소,59,548,2026-06-08
충청남도 공주시 우성면 도천리 ,소,31,521,2026-06-08
충청남도 공주시 소학동 소학동 ,소,4,820,2026-06-08
충청남도 공주시 의당면 월곡리 ,소,5,349,2026-06-08
충청남도 공주시 우성면 방흥리 ,소,12,317,2026-06-08
충청남도 공주시 우성면 방문리 ,소,17,460,2026-06-08
충청남도 공주시 탄천면 덕지리 ,소,0,885,2026-06-08
충청남도 공주시 계룡면 향지리 ,소,2,648,2026-06-08
충청남도 공주시 탄천면 견동리 ,소,10,173.6,2026-06-08
충청남도 공주시 탄천면 대학리 ,소,2,1383,2026-06-08
충청남도 공주시 이인면 발양리 ,소,8,193.3,2026-06-08
충청남도 공주시 우성면 방문리 ,소,54,800,2026-06-08
충청남도 공주시 의당면 수촌리 ,소,2,704,2026-06-08
충청남도 공주시 우성면 보흥리 ,소,71,1352.5,2026-06-08
충청남도 공주시 탄천면 대학리 ,소,74,1284,2026-06-08
충청남도 공주시 우성면 목천리 ,소,47,600,2026-06-08
충청남도 공주시 유구읍 만천리 ,소,47,650,2026-06-08
충청남도 공주시 계룡면 경천리 ,소,4,954,2026-06-08
충청남도 공주시 이인면 신흥리 ,소,22,1141.8,2026-06-08
충청남도 공주시 상왕동 상왕동 ,소,21,360,2026-06-08
충청남도 공주시 주미동 주미동 ,소,0,21,2026-06-08
충청남도 공주시 사곡면 사곡면 ,소,1,17.2,2026-06-08
충청남도 공주시 이인면 목동리 ,소,12,58.1,2026-06-08
충청남도 공주시 유구읍 신영리 ,소,8,208,2026-06-08
충청남도 공주시 우성면 도천리 ,소,15,1105.5,2026-06-08
충청남도 공주시 오곡동 오곡동 ,소,0,224,2026-06-08
충청남도 공주시 탄천면 대학리 ,소,21,276.8,2026-06-08
충청남도 공주시 계룡면 화은리 ,소,45,450,2026-06-08
충청남도 공주시 계룡면 계룡면 ,소,0,216,2026-06-08
충청남도 공주시 유구읍 만천리 ,소,16,200,2026-06-08
충청남도 공주시 우성면 방문리 ,소,45,1344,2026-06-08
충청남도 공주시 정안면 전평리 ,소,17,253,2026-06-08
충청남도 공주시 우성면 상서리 ,소,97,679,2026-06-08
충청남도 공주시 우성면 용봉리 ,소,112,1196,2026-06-08
충청남도 공주시 의당면 월곡리 ,소,4,40,2026-06-08
충청남도 공주시 이인면 구암리 ,소,5,100,2026-06-08
충청남도 공주시 신풍면 백룡리 ,소,330,2457,2026-06-08
충청남도 공주시 우성면 동곡리 ,소,65,972,2026-06-08
충청남도 공주시 유구읍 신영리 ,소,4,50,2026-06-08
충청남도 공주시 이인면 목동리 ,소,4,60,2026-06-08
충청남도 공주시 탄천면 성리 ,소,3,580,2026-06-08
충청남도 공주시 신풍면 조평리 ,소,2,60.3,2026-06-08
충청남도 공주시 탄천면 유하리 ,소,0,32,2026-06-08
충청남도 공주시 계룡면 죽곡리 ,소,65,792,2026-06-08
충청남도 공주시 탄천면 견동리 ,소,3,450,2026-06-08
충청남도 공주시 계룡면 내흥리 ,소,3,254.4,2026-06-08
충청남도 공주시 탄천면 운곡리 ,소,12,600,2026-06-08
충청남도 공주시 탄천면 가척리 ,소,12,1043.2,2026-06-08
충청남도 공주시 동현동 동현동 ,소,4,216,2026-06-08
충청남도 공주시 사곡면 부곡리 ,소,18,566,2026-06-08
충청남도 공주시 유구읍 명곡리 ,소,0,628.8,2026-06-08
충청남도 공주시 탄천면 유하리 ,소,46,708.8,2026-06-08
충청남도 공주시 동현동 동현동 ,소,0,189,2026-06-08
충청남도 공주시 이인면 산의리 ,소,3,660,2026-06-08
충청남도 공주시 탄천면 탄천면 ,소,53,903,2026-06-08
충청남도 공주시 탄천면 송학리 ,소,15,320,2026-06-08
충청남도 공주시 정안면 정안면 ,소,72,1012,2026-06-08
충청남도 공주시 의당면 수촌리 ,소,21,600,2026-06-08
충청남도 공주시 탄천면 송학리 ,소,30,654,2026-06-08
충청남도 공주시 이인면 이인면 ,소,44,2391,2026-06-08
충청남도 공주시 계룡면 내흥리 ,소,45,1637,2026-06-08
충청남도 공주시 우성면 상서리 ,소,9,216,2026-06-08
충청남도 공주시 유구읍 만천리 ,소,0,330,2026-06-08
충청남도 공주시 의당면 수촌리 ,소,120,2210,2026-06-08
충청남도 공주시 신풍면 봉갑리 ,소,10,139.4,2026-06-08
충청남도 공주시 이인면 신흥리 ,소,4,35,2026-06-08
충청남도 공주시 사곡면 가교리 ,소,0,43.5,2026-06-08
충청남도 공주시 우성면 내산리 ,소,79,500,2026-06-08
충청남도 공주시 탄천면 삼각리 ,소,15,350,2026-06-08
충청남도 공주시 우성면 보흥리 ,소,123,1325.7,2026-06-08
충청남도 공주시 의당면 수촌리 ,소,67,1400,2026-06-08
충청남도 공주시 의당면 청룡리 ,소,38,1080,2026-06-08
충청남도 공주시 이인면 주봉리 ,소,26,325,2026-06-08
충청남도 공주시 우성면 내산리 ,소,36,300,2026-06-08
충청남도 공주시 이인면 신흥리 ,소,14,426,2026-06-08
충청남도 공주시 계룡면 경천리 ,소,23,115.6,2026-06-08
충청남도 공주시 정안면 북계리 ,소,52,500,2026-06-08
충청남도 공주시 유구읍 신영리 ,소,12,240,2026-06-08
충청남도 공주시 이인면 발양리 ,소,5,910,2026-06-08
충청남도 공주시 우성면 도천리 ,소,6,1032,2026-06-08
충청남도 공주시 상왕동 상왕동 ,소,18,672,2026-06-08
충청남도 공주시 계룡면 금대리 ,소,47,939,2026-06-08
충청남도 공주시 사곡면 신영리 ,소,0,200,2026-06-08
충청남도 공주시 사곡면 부곡리 ,소,24,689.1,2026-06-08
충청남도 공주시 반포면 반포면 ,소,22,195.4,2026-06-08
충청남도 공주시 이인면 달산리 ,소,52,1118.8,2026-06-08
충청남도 공주시 우성면 우성면 ,소,0,192,2026-06-08
충청남도 공주시 탄천면 탄천면 ,소,10,160,2026-06-08
충청남도 공주시 이인면 이인면 ,소,6,80,2026-06-08
충청남도 공주시 우성면 우성면 ,소,8,199,2026-06-08
충청남도 공주시 검상동 검상동 ,소,44,686.9,2026-06-08
충청남도 공주시 유구읍 동해리 ,소,0,594.8,2026-06-08
충청남도 공주시 우성면 동곡리 ,소,0,189,2026-06-08
충청남도 공주시 우성면 단지리 ,소,0,353,2026-06-08
충청남도 공주시 탄천면 삼각리 ,소,11,340,2026-06-08
충청남도 공주시 사곡면 계실리 ,소,0,91,2026-06-08
충청남도 공주시 이인면 반송리 ,소,56,555,2026-06-08
충청남도 공주시 정안면 인풍리 ,소,60,1235.1,2026-06-08
충청남도 공주시 정안면 어물리 ,소,0,208,2026-06-08
충청남도 공주시 우성면 동곡리 ,소,258,3886,2026-06-08
충청남도 공주시 우성면 용봉리 ,소,160,2295,2026-06-08
충청남도 공주시 이인면 주봉리 ,소,68,910.8,2026-06-08
충청남도 공주시 정안면 전평리 ,소,88,1295.5,2026-06-08
충청남도 공주시 의당면 의당면 ,소,0,42.9,2026-06-08
충청남도 공주시 사곡면 해월리 ,소,0,1782,2026-06-08
충청남도 공주시 탄천면 유하리 ,소,30,1132,2026-06-08
충청남도 공주시 이인면 용성리 ,소,22,730.8,2026-06-08
충청남도 공주시 우성면 내산리 ,소,27,1300,2026-06-08
충청남도 공주시 사곡면 화월리 ,소,59,1542.5,2026-06-08
충청남도 공주시 우성면 옥성리 ,소,0,696,2026-06-08
충청남도 공주시 탄천면 송학리 ,소,0,847,2026-06-08
충청남도 공주시 탄천면 삼각리 ,소,21,1221.6,2026-06-08
충청남도 공주시 의당면 월곡리 ,소,0,33.2,2026-06-08
충청남도 공주시 정안면 장원리 ,소,58,370,2026-06-08
충청남도 공주시 신풍면 선학리 ,소,3,80,2026-06-08
충청남도 공주시 신기동 신기동 ,소,6,423.4,2026-06-08
충청남도 공주시 계룡면 금대리 ,소,83,1365,2026-06-08
충청남도 공주시 신풍면 신풍면 ,소,6,108,2026-06-08
충청남도 공주시 우성면 대성리 ,소,0,640,2026-06-08
충청남도 공주시 우성면 상서리 ,소,0,62,2026-06-08
충청남도 공주시 우성면 봉현리 ,소,1,304,2026-06-08
충청남도 공주시 계룡면 내흥리 ,소,0,171,2026-06-08
충청남도 공주시 이인면 초봉리 ,소,36,1000,2026-06-08
충청남도 공주시 이인면 주봉리 ,소,75,1250,2026-06-08
충청남도 공주시 우성면 단지리 ,소,25,898.1,2026-06-08
충청남도 공주시 사곡면 회학리 ,소,12,224,2026-06-08
충청남도 공주시 이인면 목동리 ,소,13,476,2026-06-08
충청남도 공주시 우성면 방흥리 ,소,0,152,2026-06-08
충청남도 공주시 금흥동 금흥동 ,소,0,448,2026-06-08
충청남도 공주시 이인면 이인리 ,소,0,620,2026-06-08
충청남도 공주시 이인면 반송리 ,소,28,798,2026-06-08
충청남도 공주시 신기동 신기동 ,소,0,130,2026-06-08
충청남도 공주시 정안면 대산리 ,소,13,300,2026-06-08
충청남도 공주시 우성면 방흥리 ,소,3,450,2026-06-08
충청남도 공주시 우성면 우성면 ,소,19,740,2026-06-08
충청남도 공주시 정안면 월산리 ,소,0,405,2026-06-08
충청남도 공주시 무릉동 무릉동 ,소,0,225,2026-06-08
충청남도 공주시 우성면 귀산리 ,소,20,535.5,2026-06-08
충청남도 공주시 사곡면 운암리 ,소,12,563.5,2026-06-08
충청남도 공주시 사곡면 해월리 ,소,27,700,2026-06-08
충청남도 공주시 계룡면 기산리 ,소,26,350,2026-06-08
충청남도 공주시 우성면 어천리 ,소,18,192,2026-06-08
충청남도 공주시 우성면 우성면 ,소,14,86.9,2026-06-08
충청남도 공주시 계룡면 월암리 ,소,42,1200,2026-06-08
충청남도 공주시 우성면 방문리 ,소,2,2633.4,2026-06-08
충청남도 공주시 의당면 청룡리 ,소,5,1362,2026-06-08
충청남도 공주시 이인면 반송리 ,소,5,1521,2026-06-08
충청남도 공주시 계룡면 향지리 ,소,113,1742.5,2026-06-08
충청남도 공주시 우성면 대성리 ,소,0,401.5,2026-06-08
충청남도 공주시 탄천면 송학리 ,소,8,179.7,2026-06-08
충청남도 공주시 탄천면 삼각리 ,소,6,30,2026-06-08
충청남도 공주시 정안면 월산리 ,소,36,399,2026-06-08
충청남도 공주시 정안면 전평리 ,소,8,216,2026-06-08
충청남도 공주시 의당면 율정리 ,소,6,396,2026-06-08
충청남도 공주시 이인면 초봉리 ,소,7,510,2026-06-08
충청남도 공주시 탄천면 대학리 ,소,65,700,2026-06-08
충청남도 공주시 태봉동 태봉동 ,소,4,554,2026-06-08
충청남도 공주시 계룡면 구왕리 ,소,54,579.7,2026-06-08
충청남도 공주시 이인면 발양리 ,소,3,850,2026-06-08
충청남도 공주시 이인면 목동리 ,소,15,350,2026-06-08
충청남도 공주시 계룡면 양화리 ,소,7,195,2026-06-08
충청남도 공주시 우성면 내산리 ,소,12,180,2026-06-08
충청남도 공주시 정안면 대산리 ,소,75,692.3,2026-06-08
충청남도 공주시 탄천면 유하리 ,소,0,144,2026-06-08
충청남도 공주시 사곡면 월가리 ,소,0,225,2026-06-08
충청남도 공주시 이인면 신흥리 ,소,10,86,2026-06-08
충청남도 공주시 사곡면 고당리 ,소,17,198,2026-06-08
충청남도 공주시 우성면 방문리 ,소,4,121,2026-06-08
충청남도 공주시 검상동 검상동 ,소,25,358.7,2026-06-08
충청남도 공주시 유구읍 문금리 ,소,48,938,2026-06-08
충청남도 공주시 유구읍 문금리 ,소,0,965,2026-06-08
충청남도 공주시 의당면 월곡리 ,소,45,598.7,2026-06-08
충청남도 공주시 유구읍 동해리 ,소,5,350,2026-06-08
충청남도 공주시 신풍면 산정리 ,소,5,243,2026-06-08
충청남도 공주시 탄천면 대학리 ,소,18,384.9,2026-06-08
충청남도 공주시 이인면 초봉리 ,소,0,96,2026-06-08
충청남도 공주시 이인면 주봉리 ,소,54,557,2026-06-08
충청남도 공주시 이인면 초봉리 ,소,26,301.5,2026-06-08
충청남도 공주시 이인면 용성리 ,소,12,282,2026-06-08
충청남도 공주시 계룡면 양화리 ,소,0,647,2026-06-08
충청남도 공주시 소학동 소학동 ,소,22,456,2026-06-08
충청남도 공주시 우성면 봉현리 ,소,34,354.9,2026-06-08
충청남도 공주시 우성면 신웅리 ,소,0,351.8,2026-06-08
충청남도 공주시 사곡면 계실리 ,소,0,1186.3,2026-06-08
충청남도 공주시 상왕동 상왕동 ,소,0,370,2026-06-08
충청남도 공주시 우성면 내산리 ,소,12,400,2026-06-08
충청남도 공주시 계룡면 내흥리 ,소,14,315.9,2026-06-08
충청남도 공주시 계룡면 하대리 ,소,5,374.6,2026-06-08
충청남도 공주시 유구읍 추계리 ,소,39,798,2026-06-08
충청남도 공주시 정안면 어물리 ,소,0,628,2026-06-08
충청남도 공주시 사곡면 가교리 ,소,0,336,2026-06-08
충청남도 공주시 탄천면 남산리 ,소,33,386,2026-06-08
충청남도 공주시 사곡면 화월리 ,소,14,363,2026-06-08
충청남도 공주시 계룡면 경천리 ,소,121,936,2026-06-08
충청남도 공주시 동현동 동현동 ,소,17,336,2026-06-08
충청남도 공주시 이인면 복룡리 ,소,0,365,2026-06-08
충청남도 공주시 우성면 내산리 ,소,21,502,2026-06-08
충청남도 공주시 이인면 복룡리 ,소,91,1301.9,2026-06-08
충청남도 공주시 우성면 도천리 ,소,28,483.2,2026-06-08
충청남도 공주시 탄천면 탄천면 ,소,6,55.7,2026-06-08
충청남도 공주시 사곡면 사곡면 ,소,10,1204,2026-06-08
충청남도 공주시 유구읍 유구리 ,소,27,440,2026-06-08
충청남도 공주시 우성면 귀산리 ,소,25,540.2,2026-06-08
충청남도 공주시 신풍면 대룡리 ,소,30,800,2026-06-08
충청남도 공주시 이인면 초봉리 ,소,11,600,2026-06-08
충청남도 공주시 봉정동 봉정동 ,소,14,835.9,2026-06-08
충청남도 공주시 탄천면 삼각리 ,소,0,0,2026-06-08
충청남도 공주시 반포면 반포면 ,소,20,127.7,2026-06-08
충청남도 공주시 유구읍 유구읍 ,소,17,442,2026-06-08
충청남도 공주시 의당면 의당면 ,소,0,37,2026-06-08
충청남도 공주시 계룡면 계룡면 ,소,7,255,2026-06-08
충청남도 공주시 탄천면 대학리 ,소,0,500,2026-06-08
충청남도 공주시 탄천면 삼각리 ,소,0,168,2026-06-08
충청남도 공주시 탄천면 삼각리 ,소,20,350,2026-06-08
충청남도 공주시 우성면 내산리 ,소,8,156.8,2026-06-08
충청남도 공주시 탄천면 삼각리 ,소,1,306,2026-06-08
충청남도 공주시 이인면 용성리 ,소,4,153.1,2026-06-08
충청남도 공주시 탄천면 가척리 ,소,16,398,2026-06-08
충청남도 공주시 반포면 하신리 ,소,0,10,2026-06-08
충청남도 공주시 정안면 북계리 ,소,69,486,2026-06-08
충청남도 공주시 우성면 안양리 ,소,1,1245,2026-06-08
충청남도 공주시 의당면 가산리 ,소,98,3710,2026-06-08
충청남도 공주시 의당면 청룡리 ,소,18,300,2026-06-08
충청남도 공주시 이인면 용성리 ,소,20,288.5,2026-06-08
충청남도 공주시 의당면 월곡리 ,소,75,1560.7,2026-06-08
충청남도 공주시 유구읍 명곡리 ,소,4,264,2026-06-08
충청남도 공주시 우성면 방문리 ,소,43,1400,2026-06-08
충청남도 공주시 우성면 용봉리 ,소,104,2057,2026-06-08
충청남도 공주시 우성면 내산리 ,소,4,104,2026-06-08
충청남도 공주시 오곡동 오곡동 ,소,9,1000,2026-06-08
충청남도 공주시 정안면 북계리 ,소,31,500,2026-06-08
충청남도 공주시 유구읍 유구읍 ,소,5,1593.8,2026-06-08
충청남도 공주시 정안면 정안면 ,소,104,792,2026-06-08
충청남도 공주시 우성면 우성면 ,소,66,1453.5,2026-06-08
충청남도 공주시 탄천면 정치리 ,소,2,1000,2026-06-08
충청남도 공주시 유구읍 신영리 ,소,29,300,2026-06-08
충청남도 공주시 우성면 보흥리 ,소,37,477.5,2026-06-08
충청남도 공주시 탄천면 대학리 ,소,175,1600.7,2026-06-08
충청남도 공주시 우성면 대성리 ,소,53,686.1,2026-06-08
충청남도 공주시 사곡면 화월리 ,소,3,48,2026-06-08
충청남도 공주시 탄천면 대학리 ,소,39,997.5,2026-06-08
충청남도 공주시 탄천면 성리 ,소,1,140,2026-06-08
충청남도 공주시 우성면 방문리 ,소,81,1750,2026-06-08
충청남도 공주시 유구읍 만천리 ,소,96,3450,2026-06-08
충청남도 공주시 사곡면 신영리 ,소,39,550,2026-06-08
충청남도 공주시 사곡면 화월리 ,소,0,587.8,2026-06-08
충청남도 공주시 우성면 옥성리 ,소,13,140.6,2026-06-08
충청남도 공주시 동현동 동현동 ,소,18,792,2026-06-08
충청남도 공주시 유구읍 백교리 산,소,0,384,2026-06-08
충청남도 공주시 유구읍 탑곡리 ,소,42,400,2026-06-08
충청남도 공주시 정안면 월산리 ,소,0,280,2026-06-08
충청남도 공주시 탄천면 광명리 ,소,37,446,2026-06-08
충청남도 공주시 우성면 신웅리 ,소,43,395,2026-06-08
충청남도 공주시 유구읍 입석리 ,소,80,1603.8,2026-06-08
충청남도 공주시 이인면 발양리 ,소,37,400,2026-06-08
충청남도 공주시 의당면 덕학리 ,소,0,397,2026-06-08
충청남도 공주시 계룡면 양화리 ,소,59,524,2026-06-08
충청남도 공주시 의당면 수촌리 ,소,0,117,2026-06-08
충청남도 공주시 유구읍 연종리 ,소,5,130,2026-06-08
충청남도 공주시 탄천면 광명리 ,소,3,704,2026-06-08
충청남도 공주시 사곡면 사곡면 ,소,4,120,2026-06-08
충청남도 공주시 우성면 상서리 ,소,17,120,2026-06-08
충청남도 공주시 유구읍 신영리 ,소,30,720,2026-06-08
충청남도 공주시 의당면 의당면 ,소,0,200,2026-06-08
충청남도 공주시 우성면 보흥리 ,소,41,350,2026-06-08
충청남도 공주시 우성면 안양리 ,소,70,640,2026-06-08
충청남도 공주시 우성면 목천리 ,소,37,299,2026-06-08
충청남도 공주시 검상동 검상동 ,소,5,600,2026-06-08
충청남도 공주시 탄천면 장선리 ,소,0,223,2026-06-08
충청남도 공주시 신풍면 백룡리 ,소,17,397.4,2026-06-08
충청남도 공주시 사곡면 대중리 ,소,0,399,2026-06-08
충청남도 공주시 사곡면 호계리 ,소,22,337,2026-06-08
충청남도 공주시 이인면 이인리 ,소,51,530,2026-06-08
충청남도 공주시 이인면 초봉리 ,소,14,272,2026-06-08
충청남도 공주시 우성면 용봉리 ,소,73,1458,2026-06-08
충청남도 공주시 이인면 목동리 ,소,12,1608.8,2026-06-08
충청남도 공주시 우성면 내산리 ,소,98,1915.2,2026-06-08
충청남도 공주시 사곡면 운암리 ,소,1,2102.6,2026-06-08
충청남도 공주시 의당면 의당면 ,소,0,2377.7,2026-06-08
충청남도 공주시 의당면 의당면 ,소,11,197,2026-06-08
충청남도 공주시 의당면 청룡리 ,소,0,172.5,2026-06-08
충청남도 공주시 유구읍 만천리 ,소,12,1281.6,2026-06-08
충청남도 공주시 우성면 방문리 ,소,109,2958.2,2026-06-08
충청남도 공주시 정안면 북계리 ,소,89,1296,2026-06-08
충청남도 공주시 우성면 어천리 ,소,28,588.8,2026-06-08
충청남도 공주시 쌍신동 쌍신동 ,소,113,2100,2026-06-08
충청남도 공주시 계룡면 양화리 ,소,3,175.9,2026-06-08
충청남도 공주시 유구읍 문금리 ,소,11,296.1,2026-06-08
충청남도 공주시 탄천면 가척리 ,소,21,765.4,2026-06-08
충청남도 공주시 상왕동 상왕동 ,소,4,310,2026-06-08
충청남도 공주시 우성면 보흥리 ,소,33,271,2026-06-08
충청남도 공주시 우성면 우성면 ,소,5,96,2026-06-08
충청남도 공주시 유구읍 노동리 ,소,6,300,2026-06-08
충청남도 공주시 우성면 목천리 ,소,19,464,2026-06-08
충청남도 공주시 이인면 초봉리 ,소,0,288,2026-06-08
충청남도 공주시 우성면 용봉리 ,소,8,585,2026-06-08
충청남도 공주시 우성면 상서리 ,소,6,218,2026-06-08
충청남도 공주시 탄천면 대학리 ,소,37,607.5,2026-06-08
충청남도 공주시 우성면 보흥리 ,소,38,1004,2026-06-08
충청남도 공주시 유구읍 석남리 ,소,5,228,2026-06-08
충청남도 공주시 이인면 이인면 ,소,16,599,2026-06-08
충청남도 공주시 정안면 북계리 ,소,98,1380,2026-06-08
충청남도 공주시 검상동 검상동 ,소,52,720,2026-06-08
충청남도 공주시 유구읍 신영리 ,소,0,100.1,2026-06-08
충청남도 공주시 정안면 사현리 ,소,0,861,2026-06-08
충청남도 공주시 계룡면 양화리 ,소,15,891.6,2026-06-08
충청남도 공주시 우성면 방흥리 ,소,10,262,2026-06-08
충청남도 공주시 우성면 귀산리 ,소,27,328,2026-06-08
충청남도 공주시 계룡면 중장리 ,소,23,264,2026-06-08
충청남도 공주시 탄천면 탄천면 ,소,24,196.7,2026-06-08
충청남도 공주시 유구읍 녹천리 ,소,40,1948,2026-06-08
충청남도 공주시 우성면 상서리 ,소,29,594,2026-06-08
충청남도 공주시 봉정동 봉정동 ,소,23,355,2026-06-08
충청남도 공주시 우성면 귀산리 ,소,96,1690,2026-06-08
충청남도 공주시 탄천면 탄천면 ,소,0,375,2026-06-08
충청남도 공주시 의당면 월곡리 ,소,0,45,2026-06-08
충청남도 공주시 주미동 주미동 ,소,9,320,2026-06-08
충청남도 공주시 신풍면 산정리 ,소,0,377.5,2026-06-08
충청남도 공주시 소학동 소학동 ,소,7,340,2026-06-08
충청남도 공주시 우성면 목천리 ,소,12,199,2026-06-08
충청남도 공주시 우성면 용봉리 ,소,35,326,2026-06-08
충청남도 공주시 월미동 월미동 ,소,80,1175,2026-06-08
충청남도 공주시 계룡면 죽곡리 ,소,5,941,2026-06-08
충청남도 공주시 계룡면 월곡리 ,소,69,475,2026-06-08
충청남도 공주시 이인면 오룡리 ,소,0,108,2026-06-08
충청남도 공주시 우성면 옥성리 ,소,51,1500,2026-06-08
충청남도 공주시 우성면 내산리 ,소,0,1384.6,2026-06-08
충청남도 공주시 사곡면 계실리 ,소,0,2220,2026-06-08
충청남도 공주시 우성면 방문리 ,소,47,1210,2026-06-08
충청남도 공주시 의당면 의당면 ,소,7,3870,2026-06-08
충청남도 공주시 우성면 상서리 ,소,0,1445,2026-06-08
충청남도 공주시 탄천면 남산리 ,소,9,498,2026-06-08
충청남도 공주시 의당면 의당면 ,소,3,119,2026-06-08
충청남도 공주시 우성면 용봉리 ,소,0,262.9,2026-06-08
충청남도 공주시 우성면 보흥리 ,소,0,49,2026-06-08
충청남도 공주시 이인면 구암리 ,소,12,320,2026-06-08
충청남도 공주시 탄천면 정치리 ,소,0,39,2026-06-08
충청남도 공주시 계룡면 하대리 ,소,4,72,2026-06-08
충청남도 공주시 이인면 신영리 ,소,6,351.5,2026-06-08
충청남도 공주시 유구읍 문금리 ,소,0,108,2026-06-08
충청남도 공주시 유구읍 유구읍 ,소,140,2972,2026-06-08
충청남도 공주시 우성면 방문리 ,소,151,1046,2026-06-08
충청남도 공주시 사곡면 화월리 ,소,0,182,2026-06-08
충청남도 공주시 이인면 이곡리 ,소,20,619.4,2026-06-08
충청남도 공주시 정안면 고성리 ,소,9,401,2026-06-08
충청남도 공주시 송선동 송선동 ,소,60,714.8,2026-06-08
충청남도 공주시 오곡동 오곡동 ,소,14,238,2026-06-08
충청남도 공주시 유구읍 입석리 ,소,0,379,2026-06-08
충청남도 공주시 이인면 이곡리 ,소,9,233,2026-06-08
충청남도 공주시 이인면 이인리 ,소,30,600,2026-06-08
충청남도 공주시 탄천면 송학리 ,소,9,99,2026-06-08
충청남도 공주시 우성면 옥성리 ,소,7,410,2026-06-08
충청남도 공주시 이인면 만수리 ,소,265,4250,2026-06-08
충청남도 공주시 유구읍 만천리 ,소,62,1500,2026-06-08
충청남도 공주시 탄천면 가척리 ,소,32,380,2026-06-08
충청남도 공주시 탄천면 삼각리 ,소,48,510,2026-06-08
충청남도 공주시 계룡면 경천리 ,소,98,1044.7,2026-06-08
충청남도 공주시 우성면 상서리 ,소,22,412,2026-06-08
충청남도 공주시 신풍면 화흥리 ,소,2,398,2026-06-08
충청남도 공주시 우성면 방문리 ,소,38,713.1,2026-06-08
충청남도 공주시 정안면 전평리 ,소,0,350,2026-06-08
충청남도 공주시 우성면 보흥리 ,소,20,485,2026-06-08
충청남도 공주시 탄천면 장선리 ,소,69,1835.9,2026-06-08
충청남도 공주시 계룡면 기산리 ,소,22,829,2026-06-08
충청남도 공주시 우성면 내산리 ,소,44,1071.4,2026-06-08
충청남도 공주시 탄천면 송학리 ,소,2,328.3,2026-06-08
충청남도 공주시 정안면 화봉리 ,소,0,350,2026-06-08
충청남도 공주시 계룡면 화헌리 ,소,158,1728,2026-06-08
충청남도 공주시 사곡면 계실리 ,소,9,1060,2026-06-08
충청남도 공주시 의당면 중흥리 ,소,142,1614.4,2026-06-08
충청남도 공주시 신풍면 입동리 ,소,0,0,2026-06-08
충청남도 공주시 우성면 옥성리 ,소,94,1694,2026-06-08
충청남도 공주시 계룡면 구왕리 ,소,0,446.8,2026-06-08
충청남도 공주시 계룡면 하대리 ,소,0,160,2026-06-08
충청남도 공주시 유구읍 추계리 ,소,1,141,2026-06-08
충청남도 공주시 의당면 청룡리 ,소,103,996,2026-06-08
충청남도 공주시 동현동 동현동 ,소,0,278.6,2026-06-08
충청남도 공주시 탄천면 삼각리 ,소,15,525,2026-06-08
충청남도 공주시 계룡면 하대리 ,소,42,440.7,2026-06-08
충청남도 공주시 탄천면 유하리 ,소,31,750,2026-06-08
충청남도 공주시 이인면 반송리 ,소,4,154,2026-06-08
충청남도 공주시 신풍면 봉갑리 ,소,29,773.6,2026-06-08
충청남도 공주시 정안면 북계리 ,소,29,600,2026-06-08
충청남도 공주시 계룡면 화헌리 ,소,98,1466,2026-06-08
충청남도 공주시 탄천면 유하리 ,소,26,729,2026-06-08
충청남도 공주시 우성면 방문리 ,소,223,2756,2026-06-08
충청남도 공주시 탄천면 분강리 ,소,43,550,2026-06-08
충청남도 공주시 오곡동 오곡동 ,소,11,122.8,2026-06-08
충청남도 공주시 탄천면 탄천면 ,소,0,1344,2026-06-08
충청남도 공주시 신풍면 동원리 ,소,5,50,2026-06-08
충청남도 공주시 우성면 상서리 ,소,12,341,2026-06-08
충청남도 공주시 우성면 동곡리 ,소,1,542,2026-06-08
충청남도 공주시 이인면 초봉리 ,소,20,283.5,2026-06-08
충청남도 공주시 이인면 목동리 ,소,29,260.3,2026-06-08
충청남도 공주시 계룡면 경천리 ,소,127,2016,2026-06-08
충청남도 공주시 유구읍 신영리 ,소,3,50,2026-06-08
충청남도 공주시 신풍면 봉갑리 ,소,0,309,2026-06-08
충청남도 공주시 탄천면 안영리 ,소,4,252.4,2026-06-08
충청남도 공주시 상왕동 상왕동 ,소,36,728,2026-06-08
충청남도 공주시 유구읍 문금리 ,소,104,1599,2026-06-08
충청남도 공주시 정안면 전평리 ,소,77,725,2026-06-08
충청남도 공주시 우성면 상서리 ,소,65,1182,2026-06-08
충청남도 공주시 우성면 용봉리 ,소,2,800,2026-06-08
충청남도 공주시 탄천면 대학리 ,소,1,676.5,2026-06-08
충청남도 공주시 오곡동 오곡동 ,소,15,450.7,2026-06-08
충청남도 공주시 계룡면 화헌리 ,소,2,400,2026-06-08
충청남도 공주시 이인면 초봉리 ,소,8,288,2026-06-08
충청남도 공주시 유구읍 유구읍 ,소,121,1366.3,2026-06-08
충청남도 공주시 사곡면 화월리 ,소,13,642,2026-06-08
충청남도 공주시 탄천면 가척리 ,소,1,456.7,2026-06-08
충청남도 공주시 의당면 수촌리 ,소,162,2250,2026-06-08
충청남도 공주시 의당면 의당면 ,소,1,1260,2026-06-08
충청남도 공주시 오곡동 오곡동 ,소,57,1473.3,2026-06-08
충청남도 공주시 유구읍 유구읍 ,소,57,660,2026-06-08
충청남도 공주시 의당면 수촌리 ,소,26,512,2026-06-08
충청남도 공주시 유구읍 유구읍 ,소,0,872,2026-06-08
충청남도 공주시 우성면 용봉리 ,소,10,136,2026-06-08
충청남도 공주시 정안면 보물리 ,소,190,3091,2026-06-08
충청남도 공주시 이인면 이인면 ,소,20,1033,2026-06-08
충청남도 공주시 탄천면 분강리 ,소,130,1368,2026-06-08
충청남도 공주시 탄천면 송학리 ,소,16,332.1,2026-06-08
충청남도 공주시 계룡면 계룡면 ,소,36,765.7,2026-06-08
충청남도 공주시 사곡면 대중리 ,소,35,484,2026-06-08
충청남도 공주시 사곡면 화월리 ,소,3,66,2026-06-08
충청남도 공주시 신풍면 입동리 ,소,51,891,2026-06-08
충청남도 공주시 의당면 수촌리 ,소,100,1600,2026-06-08
충청남도 공주시 유구읍 만천리 ,소,0,130,2026-06-08
충청남도 공주시 의당면 수촌리 ,소,55,1625,2026-06-08
충청남도 공주시 우성면 내산리 ,소,0,60,2026-06-08
충청남도 공주시 우성면 한천리 산,소,40,680.8,2026-06-08
충청남도 공주시 유구읍 입석리 ,소,19,250,2026-06-08
충청남도 공주시 이인면 달산리 ,소,0,366.8,2026-06-08
충청남도 공주시 우성면 내산리 ,소,0,450,2026-06-08
충청남도 공주시 탄천면 삼각리 ,소,48,1634.5,2026-06-08
충청남도 공주시 계룡면 기산리 ,소,0,500,2026-06-08
충청남도 공주시 상왕동 상왕동 ,소,6,370,2026-06-08
충청남도 공주시 계룡면 경천리 ,소,29,434,2026-06-08
충청남도 공주시 우성면 상서리 ,소,16,423.8,2026-06-08
충청남도 공주시 탄천면 운곡리 ,소,25,510.8,2026-06-08
충청남도 공주시 이인면 오룡리 ,소,10,135,2026-06-08
충청남도 공주시 탄천면 가척리 ,소,2,20,2026-06-08
충청남도 공주시 탄천면 탄천면 ,소,8,150,2026-06-08
충청남도 공주시 우성면 보흥리 ,소,0,140,2026-06-08
충청남도 공주시 우성면 보흥리 ,소,11,144,2026-06-08
충청남도 공주시 탄천면 가척리 ,소,0,444,2026-06-08
충청남도 공주시 의당면 월곡리 ,소,0,12,2026-06-08
충청남도 공주시 우성면 방흥리 ,소,5,36.3,2026-06-08
충청남도 공주시 우성면 방문리 ,소,1,68.4,2026-06-08
충청남도 공주시 신풍면 영정리 ,소,9,231,2026-06-08
충청남도 공주시 우성면 대성리 ,소,17,195,2026-06-08
충청남도 공주시 우성면 내산리 ,소,12,600,2026-06-08
충청남도 공주시 탄천면 가척리 ,소,22,809,2026-06-08
충청남도 공주시 우성면 보흥리 ,소,11,900,2026-06-08
충청남도 공주시 우성면 용봉리 ,소,0,114,2026-06-08
충청남도 공주시 탄천면 가척리 ,소,5,636,2026-06-08
충청남도 공주시 계룡면 화은리 ,소,6,800,2026-06-08
충청남도 공주시 계룡면 화은리 ,소,31,610,2026-06-08
충청남도 공주시 탄천면 가척리 ,소,18,553.8,2026-06-08
충청남도 공주시 봉정동 봉정동 ,소,9,141.3,2026-06-08
충청남도 공주시 이인면 신영리 ,소,24,445.5,2026-06-08
충청남도 공주시 정안면 보물리 ,소,24,500,2026-06-08
충청남도 공주시 유구읍 유구읍 ,소,3,220,2026-06-08
충청남도 공주시 봉정동 봉정동 ,소,3,140,2026-06-08
충청남도 공주시 탄천면 삼각리 ,소,22,409.9,2026-06-08
충청남도 공주시 유구읍 유구리 ,소,27,677.5,2026-06-08
충청남도 공주시 계룡면 기산리 ,소,32,988.4,2026-06-08
충청남도 공주시 사곡면 가교리 ,소,30,692,2026-06-08
충청남도 공주시 우성면 옥성리 ,소,12,1166.6,2026-06-08
충청남도 공주시 사곡면 계실리 ,소,78,997,2026-06-08
충청남도 공주시 신풍면 봉갑리 ,소,67,852,2026-06-08
충청남도 공주시 쌍신동 쌍신동 ,소,28,1120,2026-06-08
충청남도 공주시 탄천면 가척리 ,소,19,660,2026-06-08
충청남도 공주시 의당면 수촌리 ,소,37,387.2,2026-06-08
충청남도 공주시 정안면 정안면 ,소,10,179,2026-06-08
충청남도 공주시 우성면 방문리 ,소,14,554.5,2026-06-08
충청남도 공주시 신관동 신관동 ,소,2,330,2026-06-08
충청남도 공주시 사곡면 회학리 ,소,0,119,2026-06-08
충청남도 공주시 사곡면 가교리 ,소,6,150,2026-06-08
충청남도 공주시 우성면 상서리 ,소,29,2240,2026-06-08
충청남도 공주시 계룡면 기산리 ,소,19,423.3,2026-06-08
충청남도 공주시 정안면 북계리 ,소,93,934.3,2026-06-08
충청남도 공주시 정안면 북계리 ,소,29,500,2026-06-08
충청남도 공주시 유구읍 동해리 ,소,1,198,2026-06-08
충청남도 공주시 정안면 전평리 ,소,0,126.6,2026-06-08
충청남도 공주시 이인면 주봉리 ,소,50,715,2026-06-08
충청남도 공주시 정안면 전평리 ,소,39,1386,2026-06-08
충청남도 공주시 이인면 구암리 ,소,56,307.5,2026-06-08
충청남도 공주시 탄천면 탄천면 ,소,9,47.3,2026-06-08
충청남도 공주시 우성면 대성리 ,소,0,700,2026-06-08
충청남도 공주시 의당면 수촌리 ,소,29,387.2,2026-06-08
충청남도 공주시 정안면 상룡리 ,소,17,130,2026-06-08
충청남도 공주시 신풍면 선학리 ,소,0,115,2026-06-08
충청남도 공주시 의당면 청룡리 ,소,49,684.5,2026-06-08
충청남도 공주시 정안면 장원리 ,소,29,914,2026-06-08
충청남도 공주시 정안면 북계리 ,소,70,876,2026-06-08
충청남도 공주시 계룡면 계룡면 ,소,45,767,2026-06-08
충청남도 공주시 유구읍 신영리 ,소,18,496,2026-06-08
충청남도 공주시 계룡면 죽곡리 ,소,49,500,2026-06-08
충청남도 공주시 우성면 용봉리 ,소,12,292.5,2026-06-08
충청남도 공주시 계룡면 향지리 ,소,14,105,2026-06-08
충청남도 공주시 유구읍 석남리 ,소,0,980,2026-06-08
충청남도 공주시 탄천면 광명리 ,소,10,310.5,2026-06-08
충청남도 공주시 유구읍 세동리 ,소,7,200,2026-06-08
충청남도 공주시 이인면 이인리 ,소,13,162.5,2026-06-08
충청남도 공주시 정안면 문천리 ,소,102,1095.4,2026-06-08
충청남도 공주시 신기동 신기동 ,소,19,486,2026-06-08
충청남도 공주시 의당면 도신리 ,소,4,197.5,2026-06-08
충청남도 공주시 반포면 송곡리 ,소,26,382,2026-06-08
충청남도 공주시 의당면 수촌리 ,소,14,198,2026-06-08
충청남도 공주시 이인면 오룡리 ,소,8,390,2026-06-08
충청남도 공주시 이인면 초봉리 ,소,2,250,2026-06-08
충청남도 공주시 우성면 용봉리 ,소,42,250,2026-06-08
충청남도 공주시 정안면 고성리 ,소,20,320,2026-06-08
충청남도 공주시 이인면 주봉리 ,소,0,122.5,2026-06-08
충청남도 공주시 검상동 검상동 ,소,47,372,2026-06-08
충청남도 공주시 이인면 만수리 ,소,18,352,2026-06-08
충청남도 공주시 우성면 우성면 ,소,0,33,2026-06-08
충청남도 공주시 우성면 도천리 ,소,0,66,2026-06-08
충청남도 공주시 탄천면 덕지리 ,소,16,348.5,2026-06-08
충청남도 공주시 우성면 방흥리 ,소,29,2982,2026-06-08
충청남도 공주시 탄천면 국동리 ,소,121,1502,2026-06-08
충청남도 공주시 계룡면 금대리 ,소,46,1400,2026-06-08
충청남도 공주시 이인면 신영리 ,소,34,990,2026-06-08
충청남도 공주시 봉정동 봉정동 ,소,4,169,2026-06-08
충청남도 공주시 탄천면 삼각리 ,소,13,1759,2026-06-08
충청남도 공주시 계룡면 내흥리 ,소,21,417,2026-06-08
충청남도 공주시 주미동 주미동 ,소,9,300,2026-06-08
충청남도 공주시 이인면 이인리 ,소,30,530,2026-06-08
충청남도 공주시 이인면 반송리 ,소,68,1860,2026-06-08
충청남도 공주시 우성면 어천리 ,소,0,420,2026-06-08
충청남도 공주시 탄천면 가척리 ,소,0,210,2026-06-08
충청남도 공주시 이인면 초봉리 ,소,15,144,2026-06-08
충청남도 공주시 탄천면 정치리 ,소,2,334.8,2026-06-08
충청남도 공주시 이인면 목동리 ,소,0,525,2026-06-08
충청남도 공주시 탄천면 성리 ,소,16,389,2026-06-08
충청남도 공주시 계룡면 양화리 ,소,9,567,2026-06-08
충청남도 공주시 우성면 상서리 ,소,11,387,2026-06-08
충청남도 공주시 이인면 목동리 ,소,30,525,2026-06-08
충청남도 공주시 탄천면 운곡리 ,소,30,660,2026-06-08
충청남도 공주시 유구읍 신달리 ,소,19,1200,2026-06-08
충청남도 공주시 우성면 상서리 ,소,0,410,2026-06-08
충청남도 공주시 탄천면 남산리 ,소,115,581,2026-06-08
충청남도 공주시 오곡동 오곡동 ,소,20,300,2026-06-08
충청남도 공주시 이인면 신흥리 ,소,49,996,2026-06-08
충청남도 공주시 의당면 가산리 ,소,126,768,2026-06-08
충청남도 공주시 계룡면 죽곡리 ,소,76,597,2026-06-08
충청남도 공주시 이인면 구암리 ,소,29,300,2026-06-08
충청남도 공주시 우성면 대성리 ,소,154,2140,2026-06-08
충청남도 공주시 정안면 보물리 ,소,0,780,2026-06-08
충청남도 공주시 우성면 내산리 ,소,21,740,2026-06-08
충청남도 공주시 이인면 만수리 ,소,145,1800.8,2026-06-08
충청남도 공주시 유구읍 신영리 ,소,0,90,2026-06-08
충청남도 공주시 계룡면 금대리 ,소,290,3516,2026-06-08
충청남도 공주시 계룡면 유평리 ,소,14,700,2026-06-08
충청남도 공주시 신풍면 봉갑리 ,소,42,348.8,2026-06-08
충청남도 공주시 우성면 대성리 ,소,26,433.2,2026-06-08
충청남도 공주시 우성면 용봉리 ,소,6,379,2026-06-08
충청남도 공주시 우성면 상서리 ,소,3,160,2026-06-08
충청남도 공주시 계룡면 금대리 ,소,3,317,2026-06-08
충청남도 공주시 이인면 만수리 ,소,15,153,2026-06-08
충청남도 공주시 우성면 방문리 ,소,75,774,2026-06-08
충청남도 공주시 정안면 전평리 ,소,50,374.3,2026-06-08
충청남도 공주시 의당면 월곡리 ,소,23,400.8,2026-06-08
충청남도 공주시 태봉동 태봉동 ,소,0,200,2026-06-08
충청남도 공주시 우성면 보흥리 ,소,0,300,2026-06-08
충청남도 공주시 이인면 구암리 ,소,7,50,2026-06-08
충청남도 공주시 우성면 내산리 ,소,4,272.7,2026-06-08
충청남도 공주시 의당면 오인리 ,소,31,1504,2026-06-08
충청남도 공주시 우성면 내산리 ,소,7,45,2026-06-08
충청남도 공주시 우성면 평목리 ,소,0,0,2026-06-08
충청남도 공주시 탄천면 가척리 ,소,14,550,2026-06-08
충청남도 공주시 신풍면 쌍대리 ,소,0,997.1,2026-06-08
충청남도 공주시 우성면 보흥리 ,소,45,352.5,2026-06-08
충청남도 공주시 신풍면 화흥리 ,소,14,394,2026-06-08
충청남도 공주시 의당면 수촌리 ,소,70,1600,2026-06-08
충청남도 공주시 의당면 의당면 ,소,177,2466.6,2026-06-08
충청남도 공주시 탄천면 탄천면 ,소,5,130,2026-06-08
충청남도 공주시 우성면 방문리 ,소,49,792,2026-06-08
충청남도 공주시 사곡면 운암리 ,소,9,292,2026-06-08
충청남도 공주시 우성면 우성면 ,소,188,2394.4,2026-06-08
충청남도 공주시 유구읍 유구읍 ,소,10,300,2026-06-08
충청남도 공주시 탄천면 탄천면 ,소,0,120,2026-06-08
충청남도 공주시 우성면 대성리 ,소,22,400,2026-06-08
충청남도 공주시 우성면 용봉리 ,소,24,1023,2026-06-08
충청남도 공주시 이인면 초봉리 ,소,7,160,2026-06-08
충청남도 공주시 탄천면 가척리 ,소,15,160,2026-06-08
충청남도 공주시 정안면 북계리 ,소,0,2245,2026-06-08
충청남도 공주시 유구읍 노동리 ,소,0,150,2026-06-08
충청남도 공주시 계룡면 기산리 ,소,14,865,2026-06-08
충청남도 공주시 우성면 목천리 ,소,11,138,2026-06-08
충청남도 공주시 정안면 북계리 ,소,22,486,2026-06-08
충청남도 공주시 계룡면 양화리 ,소,14,318.8,2026-06-08
충청남도 공주시 의당면 청룡리 ,소,17,450,2026-06-08
충청남도 공주시 신풍면 봉갑리 ,소,18,600,2026-06-08
충청남도 공주시 의당면 청룡리 ,소,14,1339,2026-06-08
충청남도 공주시 사곡면 월가리 ,소,13,163.8,2026-06-08
충청남도 공주시 의당면 청룡리 ,소,126,1743,2026-06-08
충청남도 공주시 계룡면 하대리 ,소,2,197,2026-06-08
충청남도 공주시 우성면 방문리 ,소,38,387,2026-06-08
충청남도 공주시 신기동 신기동 ,소,85,552,2026-06-08
충청남도 공주시 계룡면 향지리 ,소,18,200,2026-06-08
충청남도 공주시 신풍면 백룡리 ,소,21,600,2026-06-08
충청남도 공주시 탄천면 정치리 ,소,12,640,2026-06-08
충청남도 공주시 탄천면 대학리 ,소,108,1400,2026-06-08
충청남도 공주시 신풍면 신풍면 ,소,0,856.6,2026-06-08
충청남도 공주시 탄천면 탄천면 ,소,22,1294,2026-06-08
충청남도 공주시 우성면 우성면 ,소,66,1580,2026-06-08
충청남도 공주시 봉정동 봉정동 ,소,5,220,2026-06-08
충청남도 공주시 우성면 동대리 ,소,213,4000,2026-06-08
충청남도 공주시 우성면 방문리 ,소,24,420,2026-06-08
충청남도 공주시 유구읍 만천리 ,소,144,1500,2026-06-08
충청남도 공주시 의당면 수촌리 ,소,89,1600,2026-06-08
충청남도 공주시 계룡면 경천리 ,소,144,1854,2026-06-08
충청남도 공주시 신풍면 화흥리 ,소,0,104,2026-06-08
충청남도 공주시 탄천면 성리 ,소,35,381,2026-06-08
충청남도 공주시 탄천면 유하리 ,소,5,350,2026-06-08
충청남도 공주시 계룡면 화은리 ,소,0,285.1,2026-06-08
충청남도 공주시 우성면 방문리 ,소,377,2610,2026-06-08
충청남도 공주시 이인면 구암리 ,소,28,904,2026-06-08
충청남도 공주시 우성면 상서리 ,소,0,174,2026-06-08
충청남도 공주시 탄천면 화정리 ,소,5,338.4,2026-06-08
충청남도 공주시 우성면 방문리 ,소,48,448,2026-06-08
충청남도 공주시 정안면 북계리 ,소,49,467.7,2026-06-08
충청남도 공주시 우성면 옥성리 ,소,0,250,2026-06-08
충청남도 공주시 탄천면 탄천면 ,소,0,1483.2,2026-06-08
충청남도 공주시 의당면 유계리 ,소,0,229.4,2026-06-08
충청남도 공주시 이인면 산의리 ,소,1,640,2026-06-08
충청남도 공주시 계룡면 화은리 ,소,36,406.1,2026-06-08
충청남도 공주시 우성면 목천리 ,소,3,260,2026-06-08
충청남도 공주시 우성면 용봉리 ,소,38,400,2026-06-08
충청남도 공주시 이인면 반송리 ,소,0,389,2026-06-08
충청남도 공주시 계룡면 기산리 ,소,9,396,2026-06-08
충청남도 공주시 우성면 용봉리 ,소,5,525.6,2026-06-08
충청남도 공주시 탄천면 국동리 ,소,11,368,2026-06-08
충청남도 공주시 신풍면 영정리 ,소,19,200,2026-06-08
충청남도 공주시 계룡면 구왕리 ,소,6,97,2026-06-08
충청남도 공주시 이인면 오룡리 ,소,34,400,2026-06-08
충청남도 공주시 사곡면 고당리 ,소,3,270,2026-06-08
충청남도 공주시 유구읍 유구읍 ,소,0,300,2026-06-08
충청남도 공주시 탄천면 탄천면 ,소,0,124.6,2026-06-08
충청남도 공주시 사곡면 가교리 ,소,43,447,2026-06-08
충청남도 공주시 계룡면 중장리 ,소,13,160,2026-06-08
충청남도 공주시 유구읍 백교리 ,소,8,300,2026-06-08
충청남도 공주시 상왕동 상왕동 ,소,9,243,2026-06-08
충청남도 공주시 탄천면 분강리 산,소,0,270,2026-06-08
충청남도 공주시 우성면 방문리 ,소,4,160,2026-06-08
충청남도 공주시 사곡면 화월리 ,소,28,360,2026-06-08
충청남도 공주시 우성면 안양리 ,소,34,533,2026-06-08
충청남도 공주시 사곡면 가교리 ,소,21,350,2026-06-08
충청남도 공주시 이인면 이인면 ,소,46,895,2026-06-08
충청남도 공주시 정안면 전평리 ,소,0,1102,2026-06-08
충청남도 공주시 주미동 주미동 ,소,14,468.6,2026-06-08
충청남도 공주시 의당면 요룡리 ,소,86,2467,2026-06-08
충청남도 공주시 탄천면 삼각리 ,소,9,165.5,2026-06-08
충청남도 공주시 동현동 동현동 ,소,0,792,2026-06-08
충청남도 공주시 유구읍 구계리 ,소,42,1300.3,2026-06-08
충청남도 공주시 의당면 도신리 ,소,10,104,2026-06-08
충청남도 공주시 이인면 반송리 ,소,125,2257,2026-06-08
충청남도 공주시 우성면 우성면 ,소,87,1641,2026-06-08
충청남도 공주시 탄천면 남산리 ,소,72,1430.7,2026-06-08
충청남도 공주시 탄천면 화정리 ,소,74,2227.8,2026-06-08
충청남도 공주시 탄천면 분강리 ,소,0,128,2026-06-08
충청남도 공주시 신기동 신기동 ,소,0,240,2026-06-08
충청남도 공주시 우성면 동대리 ,소,199,1987,2026-06-08
충청남도 공주시 유구읍 덕곡리 ,소,0,1552.3,2026-06-08
충청남도 공주시 우성면 상서리 ,소,17,745.2,2026-06-08
충청남도 공주시 탄천면 송학리 ,소,0,309,2026-06-08
충청남도 공주시 우성면 옥성리 ,소,63,1075,2026-06-08
충청남도 공주시 탄천면 가척리 ,소,3,864,2026-06-08
충청남도 공주시 우성면 동대리 ,소,0,336,2026-06-08
충청남도 공주시 탄천면 광명리 ,소,7,352,2026-06-08
충청남도 공주시 정안면 정안면 ,소,1,500,2026-06-08
충청남도 공주시 우성면 방문리 ,소,0,307,2026-06-08
충청남도 공주시 계룡면 월곡리 ,소,4,66,2026-06-08
충청남도 공주시 우성면 대성리 ,소,31,300,2026-06-08
충청남도 공주시 상왕동 상왕동 ,소,0,267,2026-06-08
충청남도 공주시 이인면 용성리 ,소,32,299,2026-06-08
충청남도 공주시 이인면 만수리 ,소,170,1500,2026-06-08
충청남도 공주시 우성면 우성면 ,소,1,21.6,2026-06-08
충청남도 공주시 의당면 청룡리 ,소,20,810,2026-06-08
충청남도 공주시 의당면 청룡리 ,소,38,1192.6,2026-06-08
충청남도 공주시 사곡면 월가리 ,소,0,1316,2026-06-08
충청남도 공주시 우성면 옥성리 ,소,2,592,2026-06-08
충청남도 공주시 유구읍 신달리 ,소,0,384,2026-06-08
충청남도 공주시 탄천면 장선리 ,소,11,992,2026-06-08
충청남도 공주시 의당면 덕학리 ,소,31,951.8,2026-06-08
충청남도 공주시 신풍면 화흥리 ,소,7,900,2026-06-08
충청남도 공주시 계룡면 하대리 ,소,22,730,2026-06-08
충청남도 공주시 이인면 용성리 ,소,67,756,2026-06-08
충청남도 공주시 탄천면 견동리 ,소,0,715,2026-06-08
충청남도 공주시 사곡면 월가리 ,소,75,1350.4,2026-06-08
충청남도 공주시 유구읍 만천리 ,소,42,425,2026-06-08
충청남도 공주시 탄천면 정치리 ,소,3,71.5,2026-06-08
충청남도 공주시 탄천면 화정리 ,소,0,240,2026-06-08
충청남도 공주시 우성면 용봉리 ,소,118,1967,2026-06-08
충청남도 공주시 이인면 초봉리 ,소,31,400,2026-06-08
충청남도 공주시 우성면 상서리 ,소,40,538.9,2026-06-08
충청남도 공주시 이인면 신영리 ,소,17,585,2026-06-08
충청남도 공주시 사곡면 가교리 ,소,6,245,2026-06-08
충청남도 공주시 사곡면 계실리 ,소,0,58,2026-06-08
충청남도 공주시 우성면 목천리 ,소,18,667,2026-06-08
충청남도 공주시 계룡면 구왕리 ,소,57,489,2026-06-08
충청남도 공주시 유구읍 연종리 ,소,10,682,2026-06-08
충청남도 공주시 사곡면 화월리 ,소,85,2850,2026-06-08
충청남도 공주시 이인면 운암리 ,소,122,1554.4,2026-06-08
충청남도 공주시 우성면 방흥리 ,소,19,1239,2026-06-08
충청남도 공주시 우성면 내산리 ,소,5,1477.4,2026-06-08
충청남도 공주시 사곡면 신영리 ,소,85,1355,2026-06-08
충청남도 공주시 우성면 보흥리 ,소,93,1804,2026-06-08
충청남도 공주시 우성면 평목리 ,소,0,1381.6,2026-06-08
충청남도 공주시 계룡면 내흥리 ,소,21,200,2026-06-08
충청남도 공주시 우성면 보흥리 ,소,25,384,2026-06-08
충청남도 공주시 의당면 수촌리 ,소,44,396,2026-06-08
충청남도 공주시 정안면 전평리 ,소,44,328,2026-06-08
충청남도 공주시 탄천면 분강리 ,소,44,587,2026-06-08
충청남도 공주시 우성면 보흥리 ,소,25,274,2026-06-08
충청남도 공주시 석장리동 석장리동 ,소,0,26,2026-06-08
충청남도 공주시 정안면 정안면 ,소,35,684,2026-06-08
충청남도 공주시 검상동 검상동 ,소,15,360,2026-06-08
충청남도 공주시 의당면 요룡리 ,소,0,229.4,2026-06-08
충청남도 공주시 의당면 수촌리 ,소,139,3677,2026-06-08
충청남도 공주시 계룡면 하대리 ,소,0,243,2026-06-08
충청남도 공주시 사곡면 월가리 ,소,1,479.5,2026-06-08
충청남도 공주시 탄천면 남산리 ,소,3,96,2026-06-08
충청남도 공주시 의당면 수촌리 ,소,35,733,2026-06-08
충청남도 공주시 유구읍 신영리 ,소,5,140,2026-06-08
충청남도 공주시 유구읍 명곡리 ,소,2,180,2026-06-08
충청남도 공주시 사곡면 호계리 ,소,11,264,2026-06-08
충청남도 공주시 이인면 구암리 ,소,9,535,2026-06-08
충청남도 공주시 송선동 송선동 ,소,2,240,2026-06-08
충청남도 공주시 우성면 대성리 ,소,9,399,2026-06-08
충청남도 공주시 탄천면 견동리 ,소,0,600,2026-06-08
충청남도 공주시 우성면 내산리 ,소,8,228,2026-06-08
충청남도 공주시 이인면 이곡리 ,소,0,291,2026-06-08
충청남도 공주시 계룡면 하대리 ,소,22,730,2026-06-08
충청남도 공주시 탄천면 화정리 ,소,1,806,2026-06-08
충청남도 공주시 상왕동 상왕동 ,소,37,759,2026-06-08
충청남도 공주시 의당면 덕학리 ,소,39,446.4,2026-06-08
충청남도 공주시 우성면 우성면 ,소,5,174.4,2026-06-08
충청남도 공주시 상왕동 상왕동 ,소,9,368,2026-06-08
충청남도 공주시 탄천면 남산리 ,소,5,409,2026-06-08
충청남도 공주시 탄천면 화정리 ,소,3,399,2026-06-08
충청남도 공주시 의당면 월곡리 ,소,14,400,2026-06-08
충청남도 공주시 정안면 인풍리 ,소,12,250,2026-06-08
충청남도 공주시 우성면 대성리 ,소,35,1124.7,2026-06-08
충청남도 공주시 우성면 대성리 ,소,390,2594,2026-06-08
충청남도 공주시 우성면 방문리 ,소,0,1322,2026-06-08
충청남도 공주시 이인면 만수리 ,소,40,886,2026-06-08
충청남도 공주시 오곡동 오곡동 ,소,25,180.5,2026-06-08
충청남도 공주시 이인면 용성리 ,소,3,50,2026-06-08
충청남도 공주시 의당면 수촌리 ,소,20,890,2026-06-08
충청남도 공주시 탄천면 삼각리 ,소,29,961,2026-06-08
충청남도 공주시 계룡면 구왕리 ,소,27,448,2026-06-08
충청남도 공주시 우성면 방문리 ,소,239,3040,2026-06-08
충청남도 공주시 우성면 동곡리 산,소,44,977,2026-06-08
충청남도 공주시 유구읍 유구읍 ,소,20,289.4,2026-06-08
충청남도 공주시 신풍면 신풍면 ,소,6,62,2026-06-08
충청남도 공주시 사곡면 사곡면 ,소,0,48,2026-06-08
충청남도 공주시 계룡면 내흥리 ,소,0,327,2026-06-08
충청남도 공주시 우성면 보흥리 ,소,2,200,2026-06-08
충청남도 공주시 사곡면 고당리 ,소,7,200,2026-06-08
충청남도 공주시 우성면 방문리 ,소,207,2756,2026-06-08
충청남도 공주시 계룡면 금대리 ,소,127,900,2026-06-08
충청남도 공주시 오곡동 오곡동 ,소,18,288.7,2026-06-08
충청남도 공주시 탄천면 견동리 ,소,3,180,2026-06-08
충청남도 공주시 계룡면 화은리 ,소,17,187.9,2026-06-08
충청남도 공주시 의당면 중흥리 ,소,20,882,2026-06-08
충청남도 공주시 이인면 주봉리 ,소,18,400,2026-06-08
충청남도 공주시 유구읍 덕곡리 ,소,60,650.6,2026-06-08
충청남도 공주시 계룡면 경천리 ,소,24,400,2026-06-08
충청남도 공주시 정안면 화봉리 ,소,16,702,2026-06-08
충청남도 공주시 우성면 보흥리 ,소,52,288,2026-06-08
충청남도 공주시 우성면 동곡리 ,소,23,1400,2026-06-08
충청남도 공주시 계룡면 하대리 ,소,83,950,2026-06-08
충청남도 공주시 탄천면 광명리 ,소,34,750,2026-06-08
충청남도 공주시 정안면 보물리 ,소,12,224,2026-06-08
충청남도 공주시 유구읍 신영리 ,소,23,1950,2026-06-08
충청남도 공주시 계룡면 내흥리 ,소,62,893,2026-06-08
충청남도 공주시 우성면 보흥리 ,소,0,297,2026-06-08
충청남도 공주시 우성면 용봉리 ,소,125,1165.3,2026-06-08
충청남도 공주시 봉정동 봉정동 ,소,4,200,2026-06-08
충청남도 공주시 오곡동 오곡동 ,소,0,50,2026-06-08
충청남도 공주시 정안면 내촌리 ,소,16,358.7,2026-06-08
충청남도 공주시 월송동 월송동 ,소,11,256,2026-06-08
충청남도 공주시 동현동 동현동 ,소,2,336,2026-06-08
충청남도 공주시 신풍면 쌍대리 ,소,13,541.8,2026-06-08
충청남도 공주시 신풍면 산정리 ,소,67,992,2026-06-08
충청남도 공주시 유구읍 신영리 ,소,1,139,2026-06-08
충청남도 공주시 이인면 이인면 ,소,66,943,2026-06-08
충청남도 공주시 탄천면 덕지리 ,소,285,2998,2026-06-08
충청남도 공주시 계룡면 기산리 ,소,38,398,2026-06-08
충청남도 공주시 신풍면 청흥리 ,소,47,400,2026-06-08
충청남도 공주시 의당면 수촌리 ,소,139,3677,2026-06-08
충청남도 공주시 사곡면 가교리 ,소,4,133.6,2026-06-08
충청남도 공주시 우성면 용봉리 ,소,13,375,2026-06-08
충청남도 공주시 유구읍 녹천리 ,소,15,270,2026-06-08
충청남도 공주시 유구읍 만천리 ,소,17,237,2026-06-08
충청남도 공주시 의당면 수촌리 ,소,45,1400,2026-06-08
충청남도 공주시 이인면 신흥리 ,소,43,352.8,2026-06-08
충청남도 공주시 정안면 내문리 ,소,41,518,2026-06-08
충청남도 공주시 우성면 보흥리 ,소,8,284,2026-06-08
충청남도 공주시 우성면 상서리 ,소,29,520,2026-06-08
충청남도 공주시 봉정동 봉정동 ,소,4,179,2026-06-08
충청남도 공주시 우성면 방흥리 ,소,32,541,2026-06-08
충청남도 공주시 탄천면 송학리 산,소,12,384,2026-06-08
충청남도 공주시 우성면 용봉리 ,소,0,160,2026-06-08
충청남도 공주시 유구읍 신영리 ,소,2,450,2026-06-08
충청남도 공주시 이인면 신영리 ,소,2,440,2026-06-08
충청남도 공주시 의당면 의당면 ,소,7,56,2026-06-08
충청남도 공주시 의당면 율정리 ,소,58,931.5,2026-06-08
충청남도 공주시 우성면 상서리 ,소,3,145.2,2026-06-08
충청남도 공주시 상왕동 상왕동 ,소,0,312,2026-06-08
충청남도 공주시 봉정동 봉정동 ,소,2,129,2026-06-08
충청남도 공주시 우성면 방흥리 ,소,6,163.2,2026-06-08
충청남도 공주시 계룡면 구왕리 ,소,23,875,2026-06-08
충청남도 공주시 우성면 보흥리 ,소,7,300,2026-06-08
충청남도 공주시 이인면 발양리 ,소,8,450,2026-06-08
충청남도 공주시 탄천면 덕지리 ,소,1,348,2026-06-08
충청남도 공주시 송선동 송선동 ,소,0,294,2026-06-08
충청남도 공주시 우성면 방흥리 ,소,21,355,2026-06-08
충청남도 공주시 우성면 목천리 ,소,0,401,2026-06-08
충청남도 공주시 우성면 내산리 ,소,0,366.6,2026-06-08
충청남도 공주시 사곡면 화월리 ,소,6,216,2026-06-08
충청남도 공주시 우성면 내산리 ,소,5,293.2,2026-06-08
충청남도 공주시 우성면 보흥리 ,소,2,200,2026-06-08
충청남도 공주시 우성면 보흥리 ,소,43,1526.4,2026-06-08
충청남도 공주시 탄천면 광명리 ,소,0,408,2026-06-08
충청남도 공주시 탄천면 성리 ,소,42,1199,2026-06-08
충청남도 공주시 사곡면 계실리 산,소,32,1527.8,2026-06-08
충청남도 공주시 탄천면 운곡리 ,소,48,875,2026-06-08
충청남도 공주시 계룡면 향지리 ,소,128,2120,2026-06-08
충청남도 공주시 의당면 의당면 ,소,6,140,2026-06-08
충청남도 공주시 우성면 내산리 ,소,135,948,2026-06-08
충청남도 공주시 우성면 동곡리 ,소,38,1170,2026-06-08
충청남도 공주시 사곡면 부곡리 ,소,13,500,2026-06-08
충청남도 공주시 유구읍 유구읍 ,소,13,502,2026-06-08
충청남도 공주시 쌍신동 쌍신동 ,소,39,1196,2026-06-08
충청남도 공주시 사곡면 운암리 ,소,16,153.5,2026-06-08
충청남도 공주시 유구읍 입석리 ,소,8,274,2026-06-08
충청남도 공주시 이인면 주봉리 ,소,4,759.6,2026-06-08
충청남도 공주시 정안면 보물리 ,소,72,1144,2026-06-08
충청남도 공주시 계룡면 화은리 ,소,58,1458,2026-06-08
충청남도 공주시 정안면 대산리 ,소,50,525,2026-06-08
충청남도 공주시 탄천면 정치리 ,소,16,300,2026-06-08
충청남도 공주시 이인면 이인리 ,소,16,930,2026-06-08
충청남도 공주시 정안면 정안면 ,소,27,387,2026-06-08
충청남도 공주시 탄천면 남산리 ,소,70,857,2026-06-08
충청남도 공주시 탄천면 삼각리 ,소,15,639.2,2026-06-08
충청남도 공주시 정안면 어물리 ,소,87,1663,2026-06-08
충청남도 공주시 우성면 반촌리 ,소,9,1020,2026-06-08
충청남도 공주시 유구읍 신영리 ,소,0,525,2026-06-08
충청남도 공주시 우성면 상서리 ,소,31,1673,2026-06-08
충청남도 공주시 사곡면 부곡리 ,소,21,375,2026-06-08
충청남도 공주시 사곡면 회학리 ,소,59,886.4,2026-06-08
충청남도 공주시 정안면 정안면 ,소,5,45,2026-06-08
충청남도 공주시 유구읍 녹천리 ,소,52,825,2026-06-08
충청남도 공주시 계룡면 구왕리 ,소,27,448,2026-06-08
충청남도 공주시 유구읍 신달리 ,소,42,355,2026-06-08
충청남도 공주시 우성면 방흥리 ,소,0,3250,2026-06-08
충청남도 공주시 유구읍 신영리 ,소,10,157,2026-06-08
충청남도 공주시 의당면 월곡리 ,소,142,1386,2026-06-08
충청남도 공주시 계룡면 내흥리 ,소,10,252.5,2026-06-08
충청남도 공주시 우성면 내산리 ,소,0,174.9,2026-06-08
충청남도 공주시 정안면 북계리 ,소,0,352.4,2026-06-08
충청남도 공주시 정안면 북계리 ,소,0,976,2026-06-08
충청남도 공주시 우성면 내산리 ,소,0,55,2026-06-08
충청남도 공주시 우성면 방문리 ,소,188,3275,2026-06-08
충청남도 공주시 정안면 화봉리 ,소,41,990,2026-06-08
충청남도 공주시 의당면 덕학리 ,소,22,300,2026-06-08
충청남도 공주시 정안면 사현리 ,소,8,364,2026-06-08
충청남도 공주시 이인면 이인리 ,소,8,420,2026-06-08
충청남도 공주시 송선동 송선동 ,소,0,600,2026-06-08
충청남도 공주시 이인면 발양리 ,소,3,194.3,2026-06-08
충청남도 공주시 의당면 월곡리 ,소,1,1375,2026-06-08
충청남도 공주시 의당면 의당면 ,소,10,1300,2026-06-08
충청남도 공주시 월미동 월미동 ,소,10,1573,2026-06-08
충청남도 공주시 탄천면 가척리 ,소,15,192,2026-06-08
충청남도 공주시 의당면 수촌리 ,소,103,1566,2026-06-08
충청남도 공주시 우성면 방문리 ,소,22,400,2026-06-08
충청남도 공주시 계룡면 기산리 ,소,21,386,2026-06-08
충청남도 공주시 정안면 대산리 ,소,47,804,2026-06-08
충청남도 공주시 이인면 이인리 ,소,13,583,2026-06-08
충청남도 공주시 의당면 유계리 ,소,0,400,2026-06-08
충청남도 공주시 우성면 한천리 ,소,25,510,2026-06-08
충청남도 공주시 탄천면 송학리 ,소,3,157,2026-06-08
충청남도 공주시 의당면 중흥리 ,소,43,1835.3,2026-06-08
충청남도 공주시 이인면 복룡리 ,소,13,260,2026-06-08
충청남도 공주시 탄천면 대학리 ,소,5,62,2026-06-08
충청남도 공주시 계룡면 하대리 ,소,1,238,2026-06-08
충청남도 공주시 이인면 산의리 ,소,53,840,2026-06-08
충청남도 공주시 정안면 보물리 ,소,12,398,2026-06-08
충청남도 공주시 유구읍 문금리 ,소,11,441,2026-06-08
충청남도 공주시 우성면 도천리 ,소,13,202.1,2026-06-08
충청남도 공주시 정안면 화봉리 ,소,44,552,2026-06-08
충청남도 공주시 이인면 신영리 ,소,60,577,2026-06-08
충청남도 공주시 이인면 구암리 ,소,45,366,2026-06-08
충청남도 공주시 정안면 대산리 ,소,13,126,2026-06-08
충청남도 공주시 탄천면 가척리 ,소,2,100,2026-06-08
충청남도 공주시 계룡면 월곡리 ,소,17,480,2026-06-08
충청남도 공주시 사곡면 신영리 산,소,0,550,2026-06-08
충청남도 공주시 이인면 오룡리 ,소,0,168,2026-06-08
충청남도 공주시 정안면 보물리 ,소,86,1360,2026-06-08
충청남도 공주시 신풍면 백룡리 ,소,30,250,2026-06-08
충청남도 공주시 이인면 신영리 ,소,45,737.4,2026-06-08
충청남도 공주시 사곡면 계실리 산,소,15,403,2026-06-08
충청남도 공주시 우성면 대성리 ,소,41,798,2026-06-08
충청남도 공주시 신풍면 봉갑리 ,소,19,373.3,2026-06-08
충청남도 공주시 신풍면 봉갑리 ,소,5,248.8,2026-06-08
충청남도 공주시 이인면 신흥리 ,소,0,598,2026-06-08
충청남도 공주시 의당면 청룡리 ,소,17,393,2026-06-08
충청남도 공주시 우성면 대성리 ,소,67,384,2026-06-08
충청남도 공주시 검상동 검상동 ,소,41,1313,2026-06-08
충청남도 공주시 이인면 신영리 ,소,16,580.4,2026-06-08
충청남도 공주시 우성면 목천리 ,소,8,912,2026-06-08
충청남도 공주시 사곡면 가교리 ,소,26,521,2026-06-08
충청남도 공주시 사곡면 호계리 ,소,0,0,2026-06-08
충청남도 공주시 우성면 내산리 ,소,30,208,2026-06-08
충청남도 공주시 정안면 대산리 ,소,3,158.7,2026-06-08
충청남도 공주시 정안면 보물리 ,소,91,1500,2026-06-08
충청남도 공주시 이인면 구암리 ,소,0,0,2026-06-08
충청남도 공주시 우성면 오동리 ,소,4,100,2026-06-08
충청남도 공주시 신풍면 봉갑리 ,소,0,384,2026-06-08
충청남도 공주시 계룡면 금대리 ,소,50,2856.8,2026-06-08
충청남도 공주시 우성면 방흥리 ,소,9,290,2026-06-08
충청남도 공주시 이인면 목동리 ,소,5,50,2026-06-08
충청남도 공주시 우성면 우성면 ,소,0,67.5,2026-06-08
충청남도 공주시 탄천면 탄천면 ,소,8,250,2026-06-08
충청남도 공주시 우성면 대성리 ,소,34,384,2026-06-08
충청남도 공주시 계룡면 계룡면 ,소,83,1896.6,2026-06-08
충청남도 공주시 우성면 방문리 ,소,241,3156,2026-06-08
충청남도 공주시 이인면 만수리 ,소,30,1163.2,2026-06-08
충청남도 공주시 월미동 월미동 ,소,63,2202,2026-06-08
충청남도 공주시 이인면 이인리 ,소,1,112,2026-06-08
충청남도 공주시 우성면 방문리 ,소,54,2165.7,2026-06-08
충청남도 공주시 탄천면 대학리 ,소,24,800,2026-06-08
충청남도 공주시 이인면 만수리 ,소,64,855.5,2026-06-08
충청남도 공주시 우성면 내산리 ,소,32,1179.9,2026-06-08
충청남도 공주시 의당면 수촌리 ,소,30,504.9,2026-06-08
충청남도 공주시 계룡면 화은리 ,소,6,300,2026-06-08
충청남도 공주시 이인면 초봉리 ,소,5,495,2026-06-08
충청남도 공주시 탄천면 송학리 ,소,0,365.2,2026-06-08
충청남도 공주시 유구읍 유구리 ,소,36,390,2026-06-08
충청남도 공주시 의당면 유계리 ,소,9,640,2026-06-08
충청남도 공주시 유구읍 입석리 ,소,64,1600,2026-06-08
충청남도 공주시 유구읍 탑곡리 ,소,4,170,2026-06-08
충청남도 공주시 의당면 수촌리 ,소,49,416.3,2026-06-08
충청남도 공주시 계룡면 죽곡리 ,소,56,1634,2026-06-08
충청남도 공주시 탄천면 송학리 ,소,11,792.7,2026-06-08
충청남도 공주시 사곡면 회학리 산,소,4,597.7,2026-06-08
충청남도 공주시 계룡면 화헌리 ,소,260,3200,2026-06-08
충청남도 공주시 정안면 정안면 ,소,94,916.1,2026-06-08
충청남도 공주시 계룡면 중장리 ,소,51,900,2026-06-08
충청남도 공주시 의당면 수촌리 ,소,21,750,2026-06-08
충청남도 공주시 이인면 반송리 ,소,45,607,2026-06-08
충청남도 공주시 송선동 송선동 ,소,19,276,2026-06-08
충청남도 공주시 정안면 어물리 ,소,32,576,2026-06-08
충청남도 공주시 탄천면 장선리 ,소,165,2574,2026-06-08
충청남도 공주시 이인면 이인면 ,소,34,1064,2026-06-08
충청남도 공주시 계룡면 계룡면 ,소,94,1782.5,2026-06-08
충청남도 공주시 의당면 의당면 ,소,17,1381,2026-06-08
충청남도 공주시 유구읍 유구읍 ,소,3,157,2026-06-08
충청남도 공주시 계룡면 경천리 ,소,105,1244,2026-06-08
충청남도 공주시 계룡면 내흥리 산,소,112,2482,2026-06-08
충청남도 공주시 이인면 구암리 ,소,13,250,2026-06-08
충청남도 공주시 이인면 목동리 ,소,36,1000,2026-06-08
충청남도 공주시 의당면 수촌리 ,소,80,2167.5,2026-06-08
충청남도 공주시 탄천면 정치리 산,소,8,461.9,2026-06-08
충청남도 공주시 우성면 방문리 ,소,49,1680,2026-06-08
충청남도 공주시 유구읍 탑곡리 ,소,26,401,2026-06-08
충청남도 공주시 유구읍 신영리 ,소,53,1785,2026-06-08
충청남도 공주시 유구읍 신영리 ,소,38,998,2026-06-08
충청남도 공주시 이인면 발양리 ,소,92,1602.4,2026-06-08
충청남도 공주시 탄천면 덕지리 ,소,0,496.6,2026-06-08
충청남도 공주시 탄천면 유하리 ,소,5,108,2026-06-08
충청남도 공주시 의당면 수촌리 ,소,13,432,2026-06-08
충청남도 공주시 우성면 목천리 ,소,15,340,2026-06-08
충청남도 공주시 의당면 월곡리 ,소,32,495,2026-06-08
충청남도 공주시 의당면 오인리 ,소,23,198,2026-06-08
충청남도 공주시 검상동 검상동 ,소,5,375,2026-06-08
충청남도 공주시 계룡면 죽곡리 ,소,129,1498,2026-06-08
충청남도 공주시 우성면 오동리 ,소,57,519,2026-06-08
충청남도 공주시 정안면 장원리 ,소,45,666,2026-06-08
충청남도 공주시 계룡면 하대리 ,소,0,791,2026-06-08
충청남도 공주시 계룡면 화헌리 ,소,24,499,2026-06-08
충청남도 공주시 이인면 복룡리 ,소,16,455,2026-06-08
충청남도 공주시 탄천면 광명리 ,소,4,75,2026-06-08
충청남도 공주시 유구읍 만천리 ,소,0,845,2026-06-08
충청남도 공주시 의당면 수촌리 ,소,2,198,2026-06-08
충청남도 공주시 무릉동 무릉동 ,소,0,81,2026-06-08
충청남도 공주시 소학동 소학동 ,소,9,350,2026-06-08
충청남도 공주시 우성면 동대리 ,소,62,904.7,2026-06-08
충청남도 공주시 이인면 반송리 ,소,2,50,2026-06-08
충청남도 공주시 유구읍 백교리 ,소,3,100,2026-06-08
충청남도 공주시 우성면 방흥리 ,소,6,138.8,2026-06-08
충청남도 공주시 탄천면 탄천면 ,소,25,608.1,2026-06-08
충청남도 공주시 우성면 죽당리 ,소,1,193.6,2026-06-08
충청남도 공주시 탄천면 정치리 ,소,12,393.3,2026-06-08
충청남도 공주시 탄천면 송학리 ,소,0,166,2026-06-08
충청남도 공주시 월미동 월미동 ,소,80,1570.8,2026-06-08
충청남도 공주시 탄천면 견동리 ,소,79,1892.7,2026-06-08
충청남도 공주시 계룡면 양화리 ,소,3,96.8,2026-06-08
충청남도 공주시 사곡면 가교리 ,소,0,68.8,2026-06-08
충청남도 공주시 유구읍 신영리 ,소,0,90,2026-06-08
충청남도 공주시 반포면 마암리 ,소,3,320,2026-06-08
충청남도 공주시 탄천면 가척리 ,소,4,330,2026-06-08
충청남도 공주시 우성면 내산리 ,소,6,131,2026-06-08
충청남도 공주시 이인면 반송리 ,소,70,524,2026-06-08
충청남도 공주시 이인면 신흥리 ,소,24,420,2026-06-08
충청남도 공주시 반포면 송곡리 ,소,29,1291.5,2026-06-08
충청남도 공주시 동현동 동현동 ,소,4,120,2026-06-08
충청남도 공주시 계룡면 금대리 ,소,28,1726,2026-06-08
충청남도 공주시 사곡면 화월리 ,소,6,151.6,2026-06-08
충청남도 공주시 이인면 만수리 ,소,42,1015.7,2026-06-08
충청남도 공주시 유구읍 연종리 ,소,6,225,2026-06-08
충청남도 공주시 탄천면 분강리 ,소,1,80,2026-06-08
충청남도 공주시 이인면 반송리 ,소,83,2078,2026-06-08
충청남도 공주시 송선동 송선동 ,소,60,1353,2026-06-08
충청남도 공주시 탄천면 삼각리 ,소,25,1626.2,2026-06-08
충청남도 공주시 탄천면 정치리 ,소,13,160,2026-06-08
충청남도 공주시 이인면 발양리 ,소,14,995.8,2026-06-08
충청남도 공주시 이인면 반송리 ,소,7,491.7,2026-06-08
충청남도 공주시 쌍신동 쌍신동 ,소,88,800,2026-06-08
충청남도 공주시 유구읍 유구리 ,소,42,954,2026-06-08
충청남도 공주시 의당면 덕학리 ,소,15,822,2026-06-08
충청남도 공주시 신풍면 입동리 ,소,57,665.6,2026-06-08
충청남도 공주시 이인면 이곡리 ,소,95,1000,2026-06-08
충청남도 공주시 사곡면 부곡리 ,소,28,715,2026-06-08
충청남도 공주시 오곡동 오곡동 ,소,0,190.2,2026-06-08
충청남도 공주시 의당면 수촌리 ,소,27,2400,2026-06-08
충청남도 공주시 우성면 상서리 ,소,67,1485,2026-06-08
충청남도 공주시 탄천면 삼각리 ,소,12,670.7,2026-06-08
충청남도 공주시 이인면 초봉리 ,소,8,305.2,2026-06-08
충청남도 공주시 우성면 봉현리 ,소,24,1250,2026-06-08
충청남도 공주시 이인면 발양리 ,소,48,1000.1,2026-06-08
충청남도 공주시 정안면 보물리 ,소,56,996.3,2026-06-08
충청남도 공주시 우성면 평목리 ,소,34,684,2026-06-08
충청남도 공주시 우성면 신웅리 ,소,47,1317.5,2026-06-08
충청남도 공주시 유구읍 추계리 ,소,0,210,2026-06-08
충청남도 공주시 우성면 상서리 ,소,0,146.2,2026-06-08
충청남도 공주시 우성면 방흥리 ,소,3,319,2026-06-08
충청남도 공주시 우성면 보흥리 ,소,26,720,2026-06-08
충청남도 공주시 사곡면 회학리 ,소,76,780.4,2026-06-08
충청남도 공주시 유구읍 신달리 ,소,14,420,2026-06-08
충청남도 공주시 탄천면 송학리 ,소,23,524,2026-06-08
충청남도 공주시 사곡면 부곡리 ,소,16,375,2026-06-08
충청남도 공주시 우성면 동곡리 ,소,13,230,2026-06-08
충청남도 공주시 탄천면 송학리 ,소,3,320,2026-06-08
충청남도 공주시 이인면 초봉리 ,소,5,220,2026-06-08
충청남도 공주시 신기동 신기동 ,소,0,20,2026-06-08
충청남도 공주시 탄천면 송학리 ,소,0,119,2026-06-08
충청남도 공주시 쌍신동 쌍신동 ,소,0,644,2026-06-08
충청남도 공주시 이인면 주봉리 ,소,16,133.1,2026-06-08
충청남도 공주시 우성면 동곡리 ,소,2,310,2026-06-08
충청남도 공주시 이인면 신흥리 ,소,18,398,2026-06-08
충청남도 공주시 신풍면 봉갑리 ,소,37,1286,2026-06-08
충청남도 공주시 우성면 상서리 ,소,14,489,2026-06-08
충청남도 공주시 정안면 월산리 ,소,26,202.5,2026-06-08
충청남도 공주시 의당면 청룡리 ,소,127,1801,2026-06-08
충청남도 공주시 계룡면 경천리 ,소,125,1900,2026-06-08
충청남도 공주시 의당면 수촌리 ,소,0,2865,2026-06-08
충청남도 공주시 우성면 방문리 ,소,0,2033,2026-06-08
충청남도 공주시 검상동 검상동 ,소,11,269.6,2026-06-08
충청남도 공주시 신풍면 동원리 ,소,21,504,2026-06-08
충청남도 공주시 우성면 귀산리 ,소,13,192,2026-06-08
충청남도 공주시 우성면 용봉리 ,소,3,888,2026-06-08
충청남도 공주시 사곡면 계실리 ,소,1,215,2026-06-08
충청남도 공주시 탄천면 남산리 ,소,0,194,2026-06-08
충청남도 공주시 사곡면 계실리 ,소,0,243,2026-06-08
충청남도 공주시 탄천면 대학리 ,소,0,40,2026-06-08
충청남도 공주시 정안면 대산리 ,소,5,84,2026-06-08
충청남도 공주시 이인면 목동리 ,소,8,120.2,2026-06-08
충청남도 공주시 이인면 달산리 ,소,22,320,2026-06-08
충청남도 공주시 계룡면 화은리 ,소,10,817,2026-06-08
충청남도 공주시 계룡면 기산리 ,소,0,393,2026-06-08
충청남도 공주시 우성면 보흥리 ,소,4,78,2026-06-08
충청남도 공주시 우성면 방문리 ,소,147,2800,2026-06-08
충청남도 공주시 탄천면 정치리 ,소,0,323,2026-06-08
충청남도 공주시 탄천면 가척리 ,소,2,58.5,2026-06-08
충청남도 공주시 유구읍 노동리 ,소,0,50.8,2026-06-08
충청남도 공주시 정안면 화봉리 ,소,128,1018.6,2026-06-08
충청남도 공주시 탄천면 가척리 ,소,19,408,2026-06-08
충청남도 공주시 이인면 반송리 ,소,54,677,2026-06-08
충청남도 공주시 유구읍 유구리 ,소,0,2878.8,2026-06-08
충청남도 공주시 우성면 보흥리 ,소,0,297,2026-06-08
충청남도 공주시 오곡동 오곡동 ,소,0,270,2026-06-08
충청남도 공주시 정안면 대산리 ,소,15,263.7,2026-06-08
충청남도 공주시 계룡면 기산리 ,소,11,360,2026-06-08
충청남도 공주시 검상동 검상동 ,소,10,213.6,2026-06-08
충청남도 공주시 신풍면 청흥리 ,소,4,319,2026-06-08
충청남도 공주시 이인면 복룡리 ,소,15,336,2026-06-08
충청남도 공주시 이인면 만수리 ,소,14,798,2026-06-08
충청남도 공주시 우성면 상서리 ,소,63,1707.8,2026-06-08
충청남도 공주시 우성면 방문리 ,소,42,792,2026-06-08
충청남도 공주시 탄천면 삼각리 ,소,64,1000,2026-06-08
충청남도 공주시 반포면 마암리 ,소,14,1154,2026-06-08
충청남도 공주시 신풍면 봉갑리 ,소,0,373.3,2026-06-08
충청남도 공주시 의당면 가산리 ,소,18,305,2026-06-08
충청남도 공주시 탄천면 남산리 ,소,70,574,2026-06-08
충청남도 공주시 우성면 한천리 ,소,3,250,2026-06-08
충청남도 공주시 이인면 이인리 ,소,0,900,2026-06-08
충청남도 공주시 탄천면 덕지리 ,소,0,960,2026-06-08
충청남도 공주시 유구읍 명곡리 ,소,5,135,2026-06-08
충청남도 공주시 탄천면 탄천면 ,소,2,84,2026-06-08
충청남도 공주시 우성면 우성면 ,소,7,66,2026-06-08
충청남도 공주시 신풍면 신풍면 ,소,83,2106,2026-06-08
충청남도 공주시 탄천면 운곡리 ,소,46,950,2026-06-08
충청남도 공주시 탄천면 삼각리 ,소,63,924,2026-06-08
충청남도 공주시 우성면 상서리 ,소,7,137.5,2026-06-08
충청남도 공주시 이인면 발양리 ,소,1,277.8,2026-06-08
충청남도 공주시 사곡면 화월리 ,소,26,399,2026-06-08
충청남도 공주시 우성면 방문리 ,소,47,792,2026-06-08
충청남도 공주시 우성면 단지리 ,소,8,144,2026-06-08
충청남도 공주시 이인면 목동리 ,소,3,160.3,2026-06-08
충청남도 공주시 의당면 도신리 ,소,12,144,2026-06-08
충청남도 공주시 우성면 방흥리 ,소,0,1883.5,2026-06-08
충청남도 공주시 동현동 동현동 ,소,10,336.1,2026-06-08
충청남도 공주시 이인면 구암리 ,소,12,144,2026-06-08
충청남도 공주시 탄천면 송학리 ,소,8,520.9,2026-06-08
충청남도 공주시 사곡면 고당리 산,소,11,259.5,2026-06-08
충청남도 공주시 우성면 봉현리 ,소,101,2994,2026-06-08
충청남도 공주시 우성면 방문리 ,소,72,701.6,2026-06-08
충청남도 공주시 탄천면 송학리 ,소,5,40,2026-06-08
충청남도 공주시 의당면 유계리 ,소,30,336,2026-06-08
충청남도 공주시 이인면 이인면 ,소,86,1225,2026-06-08
충청남도 공주시 의당면 수촌리 ,소,58,1080,2026-06-08
충청남도 공주시 우성면 목천리 ,소,31,384,2026-06-08
충청남도 공주시 정안면 보물리 ,소,80,1360,2026-06-08
충청남도 공주시 탄천면 견동리 ,소,8,221.4,2026-06-08
충청남도 공주시 우성면 반촌리 ,소,65,1025.4,2026-06-08
충청남도 공주시 유구읍 만천리 ,소,23,1400,2026-06-08
충청남도 공주시 유구읍 신영리 ,소,0,390,2026-06-08
충청남도 공주시 소학동 소학동 ,소,65,1128.1,2026-06-08
충청남도 공주시 우성면 오동리 ,소,16,375,2026-06-08
충청남도 공주시 사곡면 화월리 ,소,52,879.3,2026-06-08
충청남도 공주시 우성면 반촌리 ,소,39,360,2026-06-08
충청남도 공주시 사곡면 사곡면 ,소,34,693.1,2026-06-08
충청남도 공주시 우성면 대성리 ,소,10,324,2026-06-08
충청남도 공주시 탄천면 덕지리 ,소,0,654,2026-06-08
충청남도 공주시 의당면 수촌리 ,소,9,930,2026-06-08
충청남도 공주시 이인면 구암리 ,소,16,200,2026-06-08
충청남도 공주시 이인면 주봉리 ,소,6,360,2026-06-08
충청남도 공주시 이인면 초봉리 ,소,20,231,2026-06-08
충청남도 공주시 이인면 구암리 ,소,66,1000,2026-06-08
충청남도 공주시 유구읍 신영리 ,소,72,1898,2026-06-08
충청남도 공주시 의당면 수촌리 ,소,62,2340,2026-06-08
충청남도 공주시 의당면 수촌리 ,소,111,2210,2026-06-08
충청남도 공주시 정안면 내촌리 ,소,93,2272.8,2026-06-08
충청남도 공주시 이인면 초봉리 ,소,11,231,2026-06-08
충청남도 공주시 유구읍 만천리 ,소,30,960,2026-06-08
충청남도 공주시 우성면 방문리 ,소,43,576.2,2026-06-08
충청남도 공주시 탄천면 송학리 ,소,22,350,2026-06-08
충청남도 공주시 우성면 방문리 ,소,0,285,2026-06-08
충청남도 공주시 계룡면 화은리 ,소,0,160,2026-06-08
충청남도 공주시 우성면 방문리 ,소,20,338.4,2026-06-08
충청남도 공주시 이인면 복룡리 ,소,0,500,2026-06-08
충청남도 공주시 우성면 옥성리 ,소,0,227.9,2026-06-08
충청남도 공주시 우성면 옥성리 ,소,0,170.4,2026-06-08
충청남도 공주시 유구읍 문금리 ,소,0,172.8,2026-06-08
충청남도 공주시 탄천면 성리 ,소,4,169,2026-06-08
충청남도 공주시 소학동 소학동 ,소,27,275,2026-06-08
충청남도 공주시 신풍면 봉갑리 ,소,10,239.4,2026-06-08
충청남도 공주시 계룡면 상성리 ,소,25,528,2026-06-08
충청남도 공주시 이인면 발양리 ,소,19,382,2026-06-08
충청남도 공주시 우성면 상서리 ,소,11,685,2026-06-08
충청남도 공주시 우성면 내산리 ,소,0,287,2026-06-08
충청남도 공주시 우성면 내산리 ,소,4,138,2026-06-08
충청남도 공주시 우성면 대성리 ,소,17,400,2026-06-08
충청남도 공주시 이인면 산의리 ,소,72,1040,2026-06-08
충청남도 공주시 탄천면 광명리 ,소,7,140,2026-06-08
충청남도 공주시 우성면 상서리 ,소,2,80,2026-06-08
충청남도 공주시 의당면 가산리 ,소,1,195,2026-06-08
충청남도 공주시 정안면 대산리 ,소,1,184,2026-06-08
충청남도 공주시 우성면 대성리 ,소,8,90,2026-06-08
충청남도 공주시 의당면 의당면 ,소,5,17.5,2026-06-08
충청남도 공주시 우성면 방문리 ,소,8,191.5,2026-06-08
충청남도 공주시 탄천면 장선리 ,소,42,800,2026-06-08
충청남도 공주시 사곡면 신영리 ,소,6,297,2026-06-08
충청남도 공주시 탄천면 가척리 ,소,11,360,2026-06-08
충청남도 공주시 사곡면 가교리 ,소,14,400,2026-06-08
충청남도 공주시 무릉동 무릉동 ,소,3,170,2026-06-08
충청남도 공주시 동현동 동현동 ,소,27,317,2026-06-08
충청남도 공주시 탄천면 가척리 ,소,0,500,2026-06-08
충청남도 공주시 우성면 용봉리 ,소,21,495,2026-06-08
충청남도 공주시 탄천면 삼각리 ,소,16,375.7,2026-06-08
충청남도 공주시 탄천면 삼각리 ,소,9,497.2,2026-06-08
충청남도 공주시 정안면 대산리 ,소,0,1244,2026-06-08
충청남도 공주시 이인면 주봉리 ,소,26,360,2026-06-08
충청남도 공주시 우성면 보흥리 ,소,9,662,2026-06-08
충청남도 공주시 탄천면 대학리 ,소,4,360,2026-06-08
충청남도 공주시 우성면 목천리 ,소,8,400,2026-06-08
충청남도 공주시 우성면 보흥리 ,소,2,96,2026-06-08
충청남도 공주시 유구읍 유구읍 ,소,6,198,2026-06-08
충청남도 공주시 탄천면 탄천면 ,소,2,1035,2026-06-08
충청남도 공주시 월송동 월송동 ,소,12,345,2026-06-08
충청남도 공주시 이인면 복룡리 ,소,8,184,2026-06-08
충청남도 공주시 우성면 반촌리 ,소,16,330,2026-06-08
충청남도 공주시 유구읍 세동리 ,소,12,512,2026-06-08
충청남도 공주시 정안면 운궁리 ,소,26,320,2026-06-08
충청남도 공주시 우성면 방흥리 ,소,7,644,2026-06-08
충청남도 공주시 유구읍 백교리 ,소,28,288,2026-06-08
충청남도 공주시 탄천면 가척리 ,소,15,881.8,2026-06-08
충청남도 공주시 정안면 내촌리 ,소,70,1074,2026-06-08
충청남도 공주시 유구읍 신영리 ,소,58,995.6,2026-06-08
충청남도 공주시 계룡면 양화리 ,소,101,2621.4,2026-06-08
충청남도 공주시 우성면 오동리 ,소,17,346,2026-06-08
충청남도 공주시 우성면 보흥리 ,소,37,588,2026-06-08
충청남도 공주시 유구읍 문금리 ,소,136,795,2026-06-08
충청남도 공주시 탄천면 광명리 ,소,3,352,2026-06-08
충청남도 공주시 탄천면 화정리 ,소,96,850,2026-06-08
충청남도 공주시 계룡면 금대리 ,소,180,1143,2026-06-08
충청남도 공주시 이인면 이곡리 ,소,0,638.6,2026-06-08
충청남도 공주시 우성면 방흥리 ,소,57,785,2026-06-08
충청남도 공주시 유구읍 신영리 ,소,38,875,2026-06-08
충청남도 공주시 우성면 도천리 ,소,45,1020,2026-06-08
충청남도 공주시 이인면 오룡리 ,소,17,540,2026-06-08
충청남도 공주시 사곡면 회학리 ,소,36,399,2026-06-08
충청남도 공주시 의당면 수촌리 ,소,68,1440,2026-06-08
충청남도 공주시 우성면 동대리 ,소,105,3300,2026-06-08
충청남도 공주시 우성면 우성면 ,소,105,2258.8,2026-06-08
충청남도 공주시 우성면 우성면 ,소,94,1521.2,2026-06-08
충청남도 공주시 사곡면 대중리 ,소,3,356.3,2026-06-08
충청남도 공주시 신풍면 대룡리 ,소,11,450,2026-06-08
충청남도 공주시 정안면 북계리 ,소,61,992,2026-06-08
충청남도 공주시 우성면 목천리 ,소,72,768,2026-06-08
충청남도 공주시 이인면 반송리 ,소,21,560,2026-06-08
충청남도 공주시 유구읍 문금리 ,소,14,440.9,2026-06-08
충청남도 공주시 신풍면 평소리 ,소,7,140,2026-06-08
충청남도 공주시 계룡면 경천리 ,소,4,16.5,2026-06-08
충청남도 공주시 우성면 방문리 ,소,0,70,2026-06-08
충청남도 공주시 정안면 보물리 ,소,59,612.8,2026-06-08
충청남도 공주시 신풍면 봉갑리 ,소,7,267.4,2026-06-08
충청남도 공주시 정안면 내촌리 ,소,19,400,2026-06-08
충청남도 공주시 우성면 용봉리 ,소,0,442,2026-06-08
충청남도 공주시 사곡면 신영리 ,소,6,342,2026-06-08
충청남도 공주시 의당면 중흥리 ,소,0,272,2026-06-08
충청남도 공주시 사곡면 월가리 ,소,179,2998.8,2026-06-08
충청남도 공주시 정안면 어물리 ,소,5,1167.2,2026-06-08
충청남도 공주시 우성면 방문리 ,소,21,2710,2026-06-08
충청남도 공주시 신풍면 쌍대리 ,소,0,1548.8,2026-06-08
충청남도 공주시 우성면 내산리 ,소,47,1877.2,2026-06-08
충청남도 공주시 탄천면 송학리 ,소,0,1629.8,2026-06-08
충청남도 공주시 이인면 발양리 ,소,83,601.3,2026-06-08
충청남도 공주시 의당면 유계리 ,소,0,996,2026-06-08
충청남도 공주시 의당면 덕학리 ,소,0,442,2026-06-08
충청남도 공주시 유구읍 문금리 ,소,9,560,2026-06-08
충청남도 공주시 이인면 초봉리 ,소,6,595,2026-06-08
충청남도 공주시 정안면 전평리 ,소,0,1283.6,2026-06-08
충청남도 공주시 신풍면 화흥리 ,소,5,339,2026-06-08
충청남도 공주시 상왕동 상왕동 ,소,13,382,2026-06-08
충청남도 공주시 탄천면 삼각리 ,소,0,216,2026-06-08
충청남도 공주시 쌍신동 쌍신동 ,소,11,700,2026-06-08
충청남도 공주시 사곡면 화월리 ,소,27,225,2026-06-08
충청남도 공주시 사곡면 화월리 ,소,1,286,2026-06-08
충청남도 공주시 유구읍 백교리 ,소,30,411,2026-06-08
충청남도 공주시 의당면 오인리 ,소,80,1640,2026-06-08
충청남도 공주시 유구읍 녹천리 ,소,7,1133,2026-06-08
충청남도 공주시 유구읍 탑곡리 ,소,3,468,2026-06-08
충청남도 공주시 신풍면 평소리 ,소,30,752.8,2026-06-08
충청남도 공주시 우성면 귀산리 ,소,19,421,2026-06-08
충청남도 공주시 우성면 내산리 ,소,50,737,2026-06-08
충청남도 공주시 유구읍 입석리 ,소,12,200,2026-06-08
충청남도 공주시 상왕동 상왕동 ,소,4,352,2026-06-08
충청남도 공주시 탄천면 운곡리 ,소,7,410,2026-06-08
충청남도 공주시 정안면 북계리 ,소,0,490,2026-06-08
충청남도 공주시 정안면 북계리 ,소,37,490,2026-06-08
충청남도 공주시 계룡면 기산리 ,소,13,200,2026-06-08
충청남도 공주시 이인면 초봉리 ,소,11,377,2026-06-08
충청남도 공주시 이인면 초봉리 ,소,50,324,2026-06-08
충청남도 공주시 우성면 대성리 ,소,33,1029,2026-06-08
충청남도 공주시 우성면 옥성리 ,소,0,72,2026-06-08
충청남도 공주시 계룡면 구왕리 ,소,11,252,2026-06-08
충청남도 공주시 이인면 산의리 ,소,0,432,2026-06-08
충청남도 공주시 계룡면 금대리 ,소,72,780,2026-06-08
충청남도 공주시 이인면 만수리 ,소,0,800,2026-06-08
충청남도 공주시 검상동 검상동 ,소,12,354.5,2026-06-08
충청남도 공주시 우성면 목천리 ,소,8,450,2026-06-08
충청남도 공주시 정안면 전평리 ,소,10,398,2026-06-08
충청남도 공주시 유구읍 유구읍 ,소,0,220,2026-06-08
충청남도 공주시 신풍면 백룡리 ,소,48,768,2026-06-08
충청남도 공주시 탄천면 안영리 ,소,24,526.5,2026-06-08
충청남도 공주시 정안면 장원리 ,소,19,488.8,2026-06-08
충청남도 공주시 정안면 평정리 ,소,15,202.7,2026-06-08
충청남도 공주시 사곡면 유룡리 ,소,12,199,2026-06-08
충청남도 공주시 정안면 화봉리 ,소,46,643.5,2026-06-08
충청남도 공주시 이인면 이곡리 ,소,6,139.4,2026-06-08
충청남도 공주시 우성면 방문리 ,소,41,1160,2026-06-08
충청남도 공주시 사곡면 화월리 ,소,11,256.8,2026-06-08
충청남도 공주시 이인면 초봉리 ,소,211,1418.7,2026-06-08
충청남도 공주시 우성면 동곡리 ,소,12,316,2026-06-08
충청남도 공주시 우성면 용봉리 ,소,14,116.4,2026-06-08
충청남도 공주시 계룡면 경천리 ,소,19,1195,2026-06-08
충청남도 공주시 계룡면 계룡면 ,소,46,945,2026-06-08
충청남도 공주시 우성면 우성면 ,소,42,1215,2026-06-08
충청남도 공주시 우성면 방문리 ,소,48,792,2026-06-08
충청남도 공주시 사곡면 화월리 ,소,8,145,2026-06-08
충청남도 공주시 오곡동 오곡동 ,소,21,800,2026-06-08
충청남도 공주시 정안면 보물리 ,소,30,1300,2026-06-08
충청남도 공주시 탄천면 정치리 ,소,33,1035,2026-06-08
충청남도 공주시 유구읍 신달리 ,소,38,397.7,2026-06-08
충청남도 공주시 유구읍 만천리 ,소,4,386,2026-06-08
충청남도 공주시 이인면 초봉리 ,소,0,310.1,2026-06-08
충청남도 공주시 신풍면 백룡리 ,소,9,158.4,2026-06-08
충청남도 공주시 이인면 신흥리 ,소,49,996,2026-06-08
충청남도 공주시 우성면 어천리 ,소,7,523.8,2026-06-08
충청남도 공주시 이인면 신흥리 ,소,16,240,2026-06-08
충청남도 공주시 우성면 용봉리 ,소,17,165.4,2026-06-08
충청남도 공주시 우성면 목천리 ,소,0,50,2026-06-08
충청남도 공주시 사곡면 가교리 ,소,8,175,2026-06-08
충청남도 공주시 우성면 동곡리 ,소,5,50,2026-06-08
충청남도 공주시 계룡면 경천리 ,소,40,813.8,2026-06-08
충청남도 공주시 석장리동 석장리동 ,소,10,390,2026-06-08
충청남도 공주시 우성면 동대리 ,소,38,7397.1,2026-06-08
충청남도 공주시 신풍면 동원리 산,소,0,300,2026-06-08
충청남도 공주시 탄천면 삼각리 ,소,3,82,2026-06-08
충청남도 공주시 탄천면 가척리 ,소,12,862,2026-06-08
충청남도 공주시 정안면 상룡리 ,소,0,548.1,2026-06-08
충청남도 공주시 이인면 달산리 ,돼지,411,662,2026-06-08
충청남도 공주시 계룡면 기산리 ,돼지,6338,7276.2,2026-06-08
충청남도 공주시 우성면 동대리 ,돼지,2200,920.5,2026-06-08
충청남도 공주시 정안면 어물리 ,돼지,2888,4180.7,2026-06-08
충청남도 공주시 계룡면 향지리 ,돼지,2251,2550,2026-06-08
충청남도 공주시 우성면 동대리 ,돼지,4092,3736.8,2026-06-08
충청남도 공주시 유구읍 만천리 ,돼지,4721,3817.9,2026-06-08
충청남도 공주시 사곡면 계실리 ,돼지,2876,3900.7,2026-06-08
충청남도 공주시 이인면 이인리 ,돼지,2736,3488.8,2026-06-08
충청남도 공주시 정안면 장원리 ,돼지,1527,1388.2,2026-06-08
충청남도 공주시 탄천면 장선리 ,돼지,3908,3585.4,2026-06-08
충청남도 공주시 이인면 달산리 ,돼지,3732,3078.1,2026-06-08
충청남도 공주시 이인면 달산리 ,돼지,2563,2369.3,2026-06-08
충청남도 공주시 사곡면 계실리 ,돼지,2384,2774.4,2026-06-08
충청남도 공주시 정안면 정안면 ,돼지,709,2013.2,2026-06-08
충청남도 공주시 탄천면 장선리 ,돼지,932,835,2026-06-08
충청남도 공주시 이인면 이인면 ,돼지,1242,2632.4,2026-06-08
충청남도 공주시 탄천면 남산리 ,돼지,2000,2594.4,2026-06-08
충청남도 공주시 계룡면 기산리 ,돼지,1112,808,2026-06-08
충청남도 공주시 정안면 정안면 ,돼지,0,2937.8,2026-06-08
충청남도 공주시 정안면 장원리 ,돼지,0,1210.2,2026-06-08
충청남도 공주시 이인면 초봉리 ,돼지,3938,4449.1,2026-06-08
충청남도 공주시 우성면 보흥리 ,돼지,2883,2710.1,2026-06-08
충청남도 공주시 계룡면 향지리 ,돼지,1482,1426,2026-06-08
충청남도 공주시 탄천면 장선리 ,돼지,495,373,2026-06-08
충청남도 공주시 계룡면 양화리 ,돼지,962,1970.3,2026-06-08
충청남도 공주시 이인면 달산리 ,돼지,1490,1531.6,2026-06-08
충청남도 공주시 정안면 장원리 ,돼지,835,1476.7,2026-06-08
충청남도 공주시 이인면 달산리 ,돼지,767,1152.5,2026-06-08
충청남도 공주시 우성면 보흥리 ,돼지,953,1348,2026-06-08
충청남도 공주시 이인면 이인리 ,돼지,4984,4110.5,2026-06-08
충청남도 공주시 탄천면 남산리 ,돼지,973,1240.9,2026-06-08
충청남도 공주시 정안면 보물리 ,돼지,647,1071.6,2026-06-08
충청남도 공주시 우성면 동대리 ,돼지,1173,3907.8,2026-06-08
충청남도 공주시 이인면 이인리 ,돼지,567,882,2026-06-08
충청남도 공주시 우성면 대성리 ,돼지,390,1113.6,2026-06-08
충청남도 공주시 이인면 초봉리 ,돼지,1663,1646,2026-06-08
충청남도 공주시 이인면 이인면 ,돼지,2371,3427.4,2026-06-08
충청남도 공주시 이인면 목동리 ,돼지,3437,3409,2026-06-08
충청남도 공주시 반포면 봉곡리 ,돼지,986,1898,2026-06-08
충청남도 공주시 정안면 정안면 ,돼지,2144,3088,2026-06-08
충청남도 공주시 정안면 장원리 ,돼지,835,1668,2026-06-08
충청남도 공주시 정안면 인풍리 ,돼지,58,740,2026-06-08
충청남도 공주시 이인면 초봉리 ,돼지,0,1647,2026-06-08
충청남도 공주시 이인면 이인리 ,돼지,1216,999,2026-06-08
충청남도 공주시 의당면 가산리 ,돼지,2841,5049.2,2026-06-08
충청남도 공주시 의당면 유계리 ,돼지,1533,2169.5,2026-06-08
충청남도 공주시 이인면 신영리 ,돼지,2872,2454.8,2026-06-08
충청남도 공주시 신기동 신기동 ,돼지,0,1202.8,2026-06-08
충청남도 공주시 탄천면 남산리 ,돼지,753,3933.8,2026-06-08
충청남도 공주시 계룡면 경천리 ,돼지,996,1439.2,2026-06-08
충청남도 공주시 이인면 이인리 ,돼지,1066,2252.1,2026-06-08
충청남도 공주시 우성면 단지리 ,돼지,3875,7409.8,2026-06-08
충청남도 공주시 우성면 안양리 ,돼지,2668,4147,2026-06-08
충청남도 공주시 계룡면 계룡면 ,돼지,1318,2289,2026-06-08
충청남도 공주시 우성면 동곡리 ,돼지,7119,4021.3,2026-06-08
충청남도 공주시 신풍면 신풍면 ,돼지,1816,2430,2026-06-08
충청남도 공주시 우성면 보흥리 ,돼지,6418,5513.2,2026-06-08
충청남도 공주시 탄천면 남산리 ,돼지,3568,5630.2,2026-06-08
충청남도 공주시 신풍면 신풍면 ,돼지,4990,4260.6,2026-06-08
충청남도 공주시 우성면 동대리 ,돼지,3204,3623.6,2026-06-08
충청남도 공주시 정안면 정안면 ,돼지,1312,3690,2026-06-08
충청남도 공주시 신풍면 화흥리 ,닭,6200,4052,2026-06-08
충청남도 공주시 우성면 방문리 ,닭,0,2988,2026-06-08
충청남도 공주시 정안면 내촌리 ,닭,85000,5418.4,2026-06-08
충청남도 공주시 유구읍 유구리 ,닭,0,5208.7,2026-06-08
충청남도 공주시 우성면 목천리 ,닭,9000,1141.2,2026-06-08
충청남도 공주시 월송동 월송동 ,닭,12000,5046,2026-06-08
충청남도 공주시 유구읍 추계리 ,닭,0,1557.9,2026-06-08
충청남도 공주시 탄천면 남산리 ,닭,7000,868.4,2026-06-08
충청남도 공주시 우성면 목천리 ,닭,0,864,2026-06-08
충청남도 공주시 의당면 덕학리 ,닭,31500,2078.1,2026-06-08
충청남도 공주시 탄천면 남산리 ,닭,291600,13043,2026-06-08
충청남도 공주시 정안면 월산리 ,닭,0,4165.2,2026-06-08
충청남도 공주시 계룡면 경천리 ,닭,22628,4104,2026-06-08
충청남도 공주시 정안면 평정리 ,닭,28500,3900,2026-06-08
충청남도 공주시 유구읍 동해리 ,닭,30,240,2026-06-08
충청남도 공주시 신풍면 선학리 ,닭,46300,3608.6,2026-06-08
충청남도 공주시 신풍면 백룡리 ,닭,0,1428,2026-06-08
충청남도 공주시 계룡면 경천리 ,닭,31408,5754,2026-06-08
충청남도 공주시 우성면 목천리 ,닭,0,1151.3,2026-06-08
충청남도 공주시 유구읍 추계리 ,닭,24000,1225,2026-06-08
충청남도 공주시 유구읍 명곡리 ,닭,0,2545.8,2026-06-08
충청남도 공주시 우성면 방문리 ,닭,73300,4233,2026-06-08
충청남도 공주시 신풍면 백룡리 ,닭,0,2823.6,2026-06-08
충청남도 공주시 유구읍 신달리 ,닭,0,7145.8,2026-06-08
충청남도 공주시 신기동 신기동 ,닭,847,513,2026-06-08
충청남도 공주시 탄천면 견동리 ,닭,67000,4128.7,2026-06-08
충청남도 공주시 유구읍 추계리 ,닭,20000,1557.9,2026-06-08
충청남도 공주시 의당면 덕학리 ,닭,7374,1634.6,2026-06-08
충청남도 공주시 유구읍 만천리 ,닭,71500,2595.2,2026-06-08
충청남도 공주시 계룡면 월곡리 ,닭,0,1602,2026-06-08
충청남도 공주시 우성면 동곡리 ,닭,100000,3565.1,2026-06-08
충청남도 공주시 탄천면 정치리 ,닭,92400,3255.9,2026-06-08
충청남도 공주시 유구읍 유구리 ,닭,18045,4233.6,2026-06-08
충청남도 공주시 정안면 정안면 ,닭,0,4253,2026-06-08
충청남도 공주시 계룡면 경천리 ,닭,0,1160,2026-06-08
충청남도 공주시 탄천면 대학리 ,닭,16100,792,2026-06-08
충청남도 공주시 우성면 귀산리 ,닭,37000,1800.4,2026-06-08
충청남도 공주시 우성면 방문리 ,닭,38149,6466.5,2026-06-08
충청남도 공주시 유구읍 명곡리 ,닭,43500,2520,2026-06-08
충청남도 공주시 탄천면 남산리 ,닭,25830,2965.1,2026-06-08
충청남도 공주시 탄천면 정치리 ,닭,0,2718,2026-06-08
충청남도 공주시 유구읍 입석리 ,닭,0,4189.3,2026-06-08
충청남도 공주시 신풍면 쌍대리 ,닭,24065,3665.9,2026-06-08
충청남도 공주시 정안면 인풍리 ,닭,0,2620,2026-06-08
충청남도 공주시 계룡면 경천리 ,닭,0,1154.9,2026-06-08
충청남도 공주시 이인면 신영리 ,닭,7000,1950.4,2026-06-08
충청남도 공주시 계룡면 월곡리 ,닭,7800,1659.8,2026-06-08
충청남도 공주시 탄천면 대학리 ,닭,5490,792,2026-06-08
충청남도 공주시 우성면 방문리 ,닭,37000,4512,2026-06-08
충청남도 공주시 정안면 대산리 ,닭,41700,2109,2026-06-08
충청남도 공주시 계룡면 화헌리 ,닭,0,2775.6,2026-06-08
충청남도 공주시 탄천면 남산리 ,닭,20000,5302.7,2026-06-08
충청남도 공주시 계룡면 경천리 ,닭,20000,1754.9,2026-06-08
충청남도 공주시 탄천면 정치리 ,닭,57500,3285,2026-06-08
충청남도 공주시 유구읍 명곡리 ,닭,43500,2355,2026-06-08
충청남도 공주시 계룡면 금대리 ,닭,35500,2960,2026-06-08
충청남도 공주시 우성면 목천리 ,닭,0,2249.4,2026-06-08
충청남도 공주시 정안면 보물리 ,닭,94000,3240,2026-06-08
충청남도 공주시 계룡면 경천리 ,닭,0,4978.5,2026-06-08
충청남도 공주시 계룡면 경천리 ,닭,76300,2568,2026-06-08
충청남도 공주시 우성면 어천리 ,닭,0,6692.4,2026-06-08
충청남도 공주시 정안면 인풍리 ,닭,55880,1980,2026-06-08
충청남도 공주시 정안면 운궁리 ,닭,0,1929,2026-06-08
충청남도 공주시 계룡면 월곡리 ,닭,0,1600,2026-06-08
충청남도 공주시 탄천면 장선리 ,닭,0,2193.2,2026-06-08
충청남도 공주시 정안면 운궁리 ,닭,0,2128,2026-06-08
충청남도 공주시 계룡면 경천리 ,닭,44200,1677.2,2026-06-08
충청남도 공주시 유구읍 문금리 ,닭,28000,2688.9,2026-06-08
충청남도 공주시 의당면 요룡리 ,닭,0,2280.3,2026-06-08
충청남도 공주시 태봉동 태봉동 ,닭,0,2914.5,2026-06-08
충청남도 공주시 우성면 도천리 ,닭,43788,1736,2026-06-08
충청남도 공주시 탄천면 덕지리 ,닭,45300,2442,2026-06-08
충청남도 공주시 신풍면 신풍면 ,닭,35800,5945.1,2026-06-08
충청남도 공주시 이인면 이인리 ,닭,0,3493,2026-06-08
충청남도 공주시 우성면 귀산리 ,닭,0,0,2026-06-08
충청남도 공주시 우성면 방문리 ,닭,0,3196.5,2026-06-08
충청남도 공주시 의당면 도신리 ,닭,72000,3716,2026-06-08
충청남도 공주시 계룡면 경천리 ,닭,0,1041,2026-06-08
