순번,농가명,주소,사육두수,사육업종
1,최○○농장,충청북도 보은군 내북면 대안리,89,한우
2,변○○농장,충청북도 보은군 내북면 대안리,80,한우
3,이○○농장,충청북도 보은군 내북면 대안리,22,한우
4,최○○농장,충청북도 보은군 내북면 도원리,17,한우
5,이○○농장,충청북도 보은군 내북면 도원리,7,한우
6,김○○농장,충청북도 보은군 내북면 동산리,3,한우
7,이○○농장,충청북도 보은군 내북면 동산리,3,한우
8,백○○농장,충청북도 보은군 내북면 두평리,24,한우
9,김○○농장,충청북도 보은군 내북면 두평리,20,한우
10,천○○농장,충청북도 보은군 내북면 두평리,181,한우
11,천○○농장,충청북도 보은군 내북면 두평리,24,한우
12,홍○○농장,충청북도 보은군 내북면 법주리,41,한우
13,유○○농장,충청북도 보은군 내북면 법주리,60,한우
14,박○○농장,충청북도 보은군 내북면 법주리,105,한우
15,김○○농장,충청북도 보은군 내북면 법주리,22,한우
16,정○○농장,충청북도 보은군 내북면 법주리,9,한우
17,노○○농장,충청북도 보은군 내북면 봉황리,18,한우
18,이○○농장,충청북도 보은군 내북면 봉황리,133,한우
19,허○○농장,충청북도 보은군 내북면 봉황리,43,한우
20,이○○농장,충청북도 보은군 내북면 상궁리,84,한우
21,김○○농장,충청북도 보은군 내북면 상궁리,16,한우
22,김○○농장,충청북도 보은군 내북면 성티리,33,한우
23,이○○농장,충청북도 보은군 내북면 세촌리,11,한우
24,김○○농장,충청북도 보은군 내북면 세촌리,2,한우
25,최○○농장,충청북도 보은군 내북면 신궁리,2,한우
26,이○○농장,충청북도 보은군 내북면 이원리,6,한우
27,유○○농장,충청북도 보은군 내북면 이원리,12,한우
28,송○○농장,충청북도 보은군 내북면 적음리,86,한우
29,송○○농장,충청북도 보은군 내북면 적음리,24,한우
30,김○○농장,충청북도 보은군 내북면 적음리,1,한우
31,이○○농장,충청북도 보은군 내북면 적음리,2,한우
32,이○○농장,충청북도 보은군 내북면 적음리,5,한우
33,서○○농장,충청북도 보은군 내북면 적음리,61,한우
34,최○○농장,충청북도 보은군 내북면 적음리,198,한우
35,최○○농장,충청북도 보은군 내북면 적음리,224,한우
36,최○○농장,충청북도 보은군 내북면 적음리,35,한우
37,김○○농장,충청북도 보은군 내북면 창리,10,한우
38,최○○농장,충청북도 보은군 내북면 창리,9,한우
39,김○○농장,충청북도 보은군 내북면 하궁리,58,한우
40,설○○농장,충청북도 보은군 내북면 하궁리,131,한우
41,김○○농장,충청북도 보은군 내북면 하궁리,30,한우
42,이○○농장,충청북도 보은군 내북면 화전리,1,한우
43,박○○농장,충청북도 보은군 마로면 갈전리,353,한우
44,전○○농장,충청북도 보은군 마로면 갈전리,87,젖소
45,윤○○농장,충청북도 보은군 마로면 갈전리,179,한우
46,박○○농장,충청북도 보은군 마로면 갈전리,120,한우
47,최○○농장,충청북도 보은군 마로면 갈전리,59,한우
48,김○○농장,충청북도 보은군 마로면 갈평리,2,육우
49,김○○농장,충청북도 보은군 마로면 갈평리,86,젖소
50,차○○농장,충청북도 보은군 마로면 갈평리,96,젖소
51,차○○농장,충청북도 보은군 마로면 갈평리,34,한우
52,구○○농장,충청북도 보은군 마로면 갈평리,22,한우
53,이○○농장,충청북도 보은군 마로면 갈평리,91,젖소
54,이○○농장,충청북도 보은군 마로면 갈평리,7,한우
55,이○○농장,충청북도 보은군 마로면 갈평리,47,한우
56,이○○농장,충청북도 보은군 마로면 갈평리,77,젖소
57,김○○농장,충청북도 보은군 마로면 갈평리,137,한우
58,이○○농장,충청북도 보은군 마로면 갈평리,315,한우
59,이○○농장,충청북도 보은군 마로면 갈평리,71,젖소
60,농업회사법인 용대축산(주),충청북도 보은군 마로면 갈평리,8,한우
61,이○○농장,충청북도 보은군 마로면 갈평리,77,젖소
62,김○○농장,충청북도 보은군 마로면 갈평리,96,한우
63,황○○농장,충청북도 보은군 마로면 관기리,71,한우
64,이○○농장,충청북도 보은군 마로면 관기리,71,젖소
65,정○○농장,충청북도 보은군 마로면 관기리,4,한우
66,구○○농장,충청북도 보은군 마로면 관기리,42,한우
67,구○○농장,충청북도 보은군 마로면 관기리,27,한우
68,최○○농장,충청북도 보은군 마로면 관기리,49,한우
69,최○○농장,충청북도 보은군 마로면 관기리,147,한우
70,김○○농장,충청북도 보은군 마로면 관기리,23,한우
71,여○○농장,충청북도 보은군 마로면 관기리,7,한우
72,최○○농장,충청북도 보은군 마로면 관기리,113,젖소
73,이○○농장,충청북도 보은군 마로면 관기리,89,한우
74,하○○농장,충청북도 보은군 마로면 관기리,5,한우
75,박○○농장,충청북도 보은군 마로면 기대리,41,한우
76,정○○농장,충청북도 보은군 마로면 기대리,121,한우
77,이○○농장,충청북도 보은군 마로면 기대리,71,한우
78,박○○농장,충청북도 보은군 마로면 세중리,102,한우
79,박○○농장,충청북도 보은군 마로면 세중리,8,한우
80,김○○농장,충청북도 보은군 마로면 세중리,30,한우
81,김○○농장,충청북도 보은군 마로면 세중리,29,한우
82,한○○농장,충청북도 보은군 마로면 세중리,12,한우
83,배○○농장,충청북도 보은군 마로면 세중리,80,한우
84,조○○농장,충청북도 보은군 마로면 세중리,33,한우
85,배○○농장,충청북도 보은군 마로면 세중리,6,한우
86,안○○농장,충청북도 보은군 마로면 소여리,101,한우
87,안○○농장,충청북도 보은군 마로면 소여리,78,한우
88,김○○농장,충청북도 보은군 마로면 소여리,36,한우
89,김○○농장,충청북도 보은군 마로면 소여리,40,한우
90,김○○농장,충청북도 보은군 마로면 소여리,28,한우
91,김○○농장,충청북도 보은군 마로면 소여리,84,젖소
92,안○○농장,충청북도 보은군 마로면 소여리,192,한우
93,이○○농장,충청북도 보은군 마로면 소여리,15,한우
94,이○○농장,충청북도 보은군 마로면 소여리,48,한우
95,최○○농장,충청북도 보은군 마로면 소여리,176,젖소
96,최○○농장,충청북도 보은군 마로면 소여리,29,한우
97,신○○농장,충청북도 보은군 마로면 송현리,67,한우
98,구○○농장,충청북도 보은군 마로면 송현리,56,한우
99,조○○농장,충청북도 보은군 마로면 송현리,4,한우
100,김○○농장,충청북도 보은군 마로면 송현리,27,한우
101,황○○농장,충청북도 보은군 마로면 송현리,3,한우
102,김○○농장,충청북도 보은군 마로면 송현리,12,한우
103,김○○농장,충청북도 보은군 마로면 송현리,13,한우
104,이○○농장,충청북도 보은군 마로면 송현리,67,한우
105,장○○농장,충청북도 보은군 마로면 송현리,55,한우
106,김○○농장,충청북도 보은군 마로면 송현리,32,한우
107,이○○농장,충청북도 보은군 마로면 수문리,3,한우
108,박○○농장,충청북도 보은군 마로면 수문리,1,한우
109,구○○농장,충청북도 보은군 마로면 수문리,52,한우
110,최○○농장,충청북도 보은군 마로면 수문리,114,젖소
111,최○○농장,충청북도 보은군 마로면 수문리,74,젖소
112,박○○농장,충청북도 보은군 마로면 수문리,8,한우
113,정○○농장,충청북도 보은군 마로면 오천리,119,한우
114,임○○농장,충청북도 보은군 마로면 오천리,16,한우
115,유○○농장,충청북도 보은군 마로면 오천리,135,한우
116,김○○농장,충청북도 보은군 마로면 오천리,23,한우
117,김○○농장,충청북도 보은군 마로면 오천리,52,한우
118,강○○농장,충청북도 보은군 마로면 오천리,26,한우
119,이○○농장,충청북도 보은군 마로면 오천리,1,한우
120,이○○농장,충청북도 보은군 마로면 원정리,19,한우
121,육○○농장,충청북도 보은군 마로면 원정리,31,한우
122,이○○농장,충청북도 보은군 마로면 원정리,6,한우
123,이○○농장,충청북도 보은군 마로면 원정리,7,한우
124,김○○농장,충청북도 보은군 마로면 원정리,13,한우
125,이○○농장,충청북도 보은군 마로면 원정리,20,한우
126,김○○농장.,충청북도 보은군 마로면 원정리,24,한우
127,신○○농장,충청북도 보은군 마로면 원정리,78,한우
128,이○○농장,충청북도 보은군 마로면 원정리,19,한우
129,함○○농장,충청북도 보은군 마로면 원정리,3,한우
130,박○○농장,충청북도 보은군 마로면 원정리,42,한우
131,신○○농장,충청북도 보은군 마로면 원정리,117,한우
132,김○○농장,충청북도 보은군 마로면 원정리,117,한우
133,양○○농장,충청북도 보은군 마로면 임곡리,5,한우
134,이○○농장,충청북도 보은군 마로면 임곡리,14,한우
135,유○○농장,충청북도 보은군 마로면 적암리,6,한우
136,김○○농장,충청북도 보은군 마로면 적암리,21,한우
137,양○○농장,충청북도 보은군 마로면 한중리,5,한우
138,양○○농장,충청북도 보은군 마로면 한중리,7,한우
139,윤○○농장,충청북도 보은군 마로면 한중리,1,한우
140,윤○○농장,충청북도 보은군 마로면 한중리,44,한우
141,양○○농장,충청북도 보은군 마로면 한중리,9,한우
142,구○○농장,충청북도 보은군 보은읍 강산리,99,한우
143,전○○농장,충청북도 보은군 보은읍 강신리,5,한우
144,김○○농장,충청북도 보은군 보은읍 강신리,36,한우
145,김○○농장,충청북도 보은군 보은읍 강신리,25,한우
146,김○○농장,충청북도 보은군 보은읍 강신리,7,한우
147,김○○농장,충청북도 보은군 보은읍 강신리,32,한우
148,김○○농장,충청북도 보은군 보은읍 교사리,26,한우
149,조○○농장,충청북도 보은군 보은읍 교사리,55,한우
150,이○○농장,충청북도 보은군 보은읍 교사리,3,한우
151,최○○농장,충청북도 보은군 보은읍 교사리,3,한우
152,김○○농장,충청북도 보은군 보은읍 금굴리,56,한우
153,지○○농장,충청북도 보은군 보은읍 금굴리,20,한우
154,이○○농장,충청북도 보은군 보은읍 금굴리,30,한우
155,조○○농장,충청북도 보은군 보은읍 금굴리,50,한우
156,오○○농장,충청북도 보은군 보은읍 금굴리,34,한우
157,권○○농장,충청북도 보은군 보은읍 금굴리,121,한우
158,송○○농장,충청북도 보은군 보은읍 금굴리,94,한우
159,김○○농장,충청북도 보은군 보은읍 금굴리,85,한우
160,권○○농장,충청북도 보은군 보은읍 금굴리,123,한우
161,김○○농장,충청북도 보은군 보은읍 금굴리,87,한우
162,김○○농장,충청북도 보은군 보은읍 금굴리,118,한우
163,박○○농장,충청북도 보은군 보은읍 금굴리,76,한우
164,송○○농장,충청북도 보은군 보은읍 금굴리,248,한우
165,조○○농장,충청북도 보은군 보은읍 금굴리,68,한우
166,박○○농장,충청북도 보은군 보은읍 금굴리,29,한우
167,장○○농장,충청북도 보은군 보은읍 길상리,41,한우
168,권○○농장,충청북도 보은군 보은읍 길상리,30,한우
169,김○○농장,충청북도 보은군 보은읍 길상리,45,한우
170,최○○농장,충청북도 보은군 보은읍 길상리,43,한우
171,최○○농장,충청북도 보은군 보은읍 길상리,15,한우
172,박○○농장,충청북도 보은군 보은읍 노티리,20,한우
173,김○○농장,충청북도 보은군 보은읍 노티리,16,한우
174,김○○농장,충청북도 보은군 보은읍 누청리,66,한우
175,김○○농장,충청북도 보은군 보은읍 누청리,27,한우
176,이○○농장,충청북도 보은군 보은읍 누청리,9,한우
177,이○○농장,충청북도 보은군 보은읍 누청리,10,한우
178,곽○○농장,충청북도 보은군 보은읍 대야리,75,한우
179,김○○농장,충청북도 보은군 보은읍 봉평리,62,한우
180,송○○농장,충청북도 보은군 보은읍 봉평리,175,한우
181,최○○농장,충청북도 보은군 보은읍 봉평리,9,한우
182,최○○농장,충청북도 보은군 보은읍 봉평리,16,한우
183,이○○농장,충청북도 보은군 보은읍 봉평리,41,한우
184,허○○농장,충청북도 보은군 보은읍 산성리,69,한우
185,박○○농장,충청북도 보은군 보은읍 산성리,60,한우
186,양○○농장,충청북도 보은군 보은읍 산성리,16,한우
187,이○○농장,충청북도 보은군 보은읍 산성리,23,한우
188,농업회사법인(주) 가나안,충청북도 보은군 보은읍 산성리,105,한우
189,김○○농장,충청북도 보은군 보은읍 산성리,1,한우
190,임○○농장,충청북도 보은군 보은읍 산성리,4,한우
191,김○○농장,충청북도 보은군 보은읍 성족리,71,한우
192,정○○농장,충청북도 보은군 보은읍 성주리,4,한우
193,김○○농장,충청북도 보은군 보은읍 성주리,12,한우
194,권○○농장,충청북도 보은군 보은읍 성주리,32,한우
195,조○○농장,충청북도 보은군 보은읍 수정리,1,한우
196,한○○농장,충청북도 보은군 보은읍 수정리,22,한우
197,이○○농장,충청북도 보은군 보은읍 수정리,47,한우
198,박○○농장,충청북도 보은군 보은읍 수정리,24,한우
199,박○○농장,충청북도 보은군 보은읍 수정리,58,한우
200,김○○농장,충청북도 보은군 보은읍 신함리,2,한우
201,김○○농장,충청북도 보은군 보은읍 신함리,83,한우
202,김○○농장,충청북도 보은군 보은읍 신함리,11,한우
203,김○○농장,충청북도 보은군 보은읍 신함리,91,한우
204,전○○농장,충청북도 보은군 보은읍 신함리,154,한우
205,송○○농장,충청북도 보은군 보은읍 신함리,17,한우
206,윤○○농장,충청북도 보은군 보은읍 신함리,106,한우
207,최○○농장,충청북도 보은군 보은읍 어암리,22,한우
208,이○○농장,충청북도 보은군 보은읍 어암리,22,한우
209,최○○농장,충청북도 보은군 보은읍 어암리,37,한우
210,양○○농장,충청북도 보은군 보은읍 어암리,21,한우
211,오○○농장,충청북도 보은군 보은읍 어암리,22,한우
212,한○○농장,충청북도 보은군 보은읍 어암리,15,한우
213,남○○농장,충청북도 보은군 보은읍 용암리,78,한우
214,황○○농장,충청북도 보은군 보은읍 용암리,71,한우
215,장○○농장,충청북도 보은군 보은읍 용암리,28,한우
216,서○○농장,충청북도 보은군 보은읍 용암리,215,한우
217,박○○농장,충청북도 보은군 보은읍 용암리,13,한우
218,박○○농장,충청북도 보은군 보은읍 용암리,40,한우
219,김○○농장,충청북도 보은군 보은읍 용암리,57,한우
220,보은한우영농조합법인,충청북도 보은군 보은읍 용암리,5,한우
221,김○○농장,충청북도 보은군 보은읍 용암리,159,한우
222,하○○농장,충청북도 보은군 보은읍 용암리,35,한우
223,김○○농장,충청북도 보은군 보은읍 월송리,22,한우
224,류○○농장,충청북도 보은군 보은읍 월송리,37,한우
225,양○○농장,충청북도 보은군 보은읍 월송리,52,한우
226,양○○농장,충청북도 보은군 보은읍 월송리,10,한우
227,양○○농장,충청북도 보은군 보은읍 월송리,42,한우
228,이○○농장,충청북도 보은군 보은읍 월송리,13,한우
229,이○○농장,충청북도 보은군 보은읍 월송리,31,한우
230,이○○농장,충청북도 보은군 보은읍 월송리,135,한우
231,김○○농장,충청북도 보은군 보은읍 월송리,183,한우
232,윤○○농장,충청북도 보은군 보은읍 월송리,74,한우
233,김○○농장,충청북도 보은군 보은읍 이평리,2,한우
234,박○○농장,충청북도 보은군 보은읍 장속리,13,한우
235,이○○농장,충청북도 보은군 보은읍 장속리,40,한우
236,황○○농장,충청북도 보은군 보은읍 장속리,14,한우
237,이○○농장,충청북도 보은군 보은읍 장속리,3,한우
238,김○○농장,충청북도 보은군 보은읍 장속리,2,한우
239,이○○농장,충청북도 보은군 보은읍 장속리,40,한우
240,박○○농장,충청북도 보은군 보은읍 장신리,28,한우
241,박○○농장,충청북도 보은군 보은읍 장신리,27,한우
242,노○○농장,충청북도 보은군 보은읍 죽전리,69,한우
243,박○○농장,충청북도 보은군 보은읍 죽전리,21,한우
244,성○○농장,충청북도 보은군 보은읍 죽전리,14,한우
245,김○○농장,충청북도 보은군 보은읍 중동리,1,한우
246,유○○농장,충청북도 보은군 보은읍 중동리,3,한우
247,변○○농장,충청북도 보은군 보은읍 중동리,4,한우
248,김○○농장,충청북도 보은군 보은읍 중동리,3,한우
249,김○○농장,충청북도 보은군 보은읍 중동리,86,한우
250,김○○농장,충청북도 보은군 보은읍 중동리,113,한우
251,안○○농장,충청북도 보은군 보은읍 중동리,119,한우
252,서○○농장,충청북도 보은군 보은읍 중초리,12,한우
253,서○○농장,충청북도 보은군 보은읍 중초리,153,한우
254,박○○농장,충청북도 보은군 보은읍 중초리,39,한우
255,이○○농장,충청북도 보은군 보은읍 중초리,3,한우
256,손○○농장,충청북도 보은군 보은읍 중초리,127,한우
257,김○○농장,충청북도 보은군 보은읍 중초리,9,한우
258,이○○농장,충청북도 보은군 보은읍 중초리,264,한우
259,황○○농장,충청북도 보은군 보은읍 중초리,132,한우
260,서○○농장,충청북도 보은군 보은읍 중초리,9,한우
261,한○○농장,충청북도 보은군 보은읍 중초리,34,한우
262,신○○농장,충청북도 보은군 보은읍 지산리,38,한우
263,박○○농장,충청북도 보은군 보은읍 지산리,104,한우
264,신○○농장,충청북도 보은군 보은읍 지산리,114,한우
265,전○○농장,충청북도 보은군 보은읍 지산리,75,한우
266,신○○농장,충청북도 보은군 보은읍 지산리,33,한우
267,박○○농장,충청북도 보은군 보은읍 지산리,104,한우
268,김○○농장,충청북도 보은군 보은읍 지산리,115,한우
269,채○○농장,충청북도 보은군 보은읍 지산리,28,한우
270,노○○농장,충청북도 보은군 보은읍 지산리,4,한우
271,신○○농장,충청북도 보은군 보은읍 지산리,119,한우
272,김○○농장,충청북도 보은군 보은읍 지산리,98,한우
273,최○○농장,충청북도 보은군 보은읍 지산리,78,한우
274,박○○농장,충청북도 보은군 보은읍 지산리,4,한우
275,배○○농장,충청북도 보은군 보은읍 지산리,37,한우
276,이○○농장,충청북도 보은군 보은읍 지산리,49,젖소
277,김○○농장,충청북도 보은군 보은읍 풍취리,2,한우
278,이○○농장,충청북도 보은군 보은읍 풍취리,3,한우
279,김○○농장,충청북도 보은군 보은읍 풍취리,7,한우
280,이○○농장,충청북도 보은군 보은읍 풍취리,152,한우
281,조○○농장,충청북도 보은군 보은읍 풍취리,27,한우
282,김○○농장,충청북도 보은군 보은읍 학림리,17,한우
283,박○○농장,충청북도 보은군 보은읍 학림리,3,한우
284,임○○농장,충청북도 보은군 보은읍 학림리,15,한우
285,신○○농장,충청북도 보은군 보은읍 학림리,15,한우
286,황○○농장,충청북도 보은군 보은읍 학림리,33,한우
287,장○○농장,충청북도 보은군 보은읍 학림리,124,한우
288,이○○농장,충청북도 보은군 보은읍 학림리,21,한우
289,박○○농장,충청북도 보은군 보은읍 학림리,158,한우
290,구○○농장,충청북도 보은군 보은읍 학림리,41,한우
291,장○○농장,충청북도 보은군 보은읍 학림리,13,한우
292,배○○농장,충청북도 보은군 보은읍 학림리,76,한우
293,김○○농장,충청북도 보은군 보은읍 학림리,29,한우
294,이○○농장,충청북도 보은군 산외면 가고리,28,한우
295,정○○농장,충청북도 보은군 산외면 길탕리,53,한우
296,박○○농장,충청북도 보은군 산외면 길탕리,33,한우
297,김○○농장,충청북도 보은군 산외면 대원리,45,한우
298,김○○농장,충청북도 보은군 산외면 대원리,12,한우
299,이○○농장,충청북도 보은군 산외면 동화리,65,한우
300,이○○농장,충청북도 보은군 산외면 동화리,46,한우
301,이○○농장,충청북도 보은군 산외면 문암리,12,한우
302,지○○농장,충청북도 보은군 산외면 문암리,2,한우
303,이○○농장,충청북도 보은군 산외면 백석리,4,한우
304,류○○농장,충청북도 보은군 산외면 백석리,3,한우
305,김○○농장,충청북도 보은군 산외면 백석리,11,한우
306,서○○농장,충청북도 보은군 산외면 백석리,13,한우
307,안○○농장,충청북도 보은군 산외면 백석리,9,한우
308,송○○농장,충청북도 보은군 산외면 봉계리,45,젖소
309,정○○농장,충청북도 보은군 산외면 봉계리,18,한우
310,구○○농장,충청북도 보은군 산외면 봉계리,60,한우
311,곽○○농장,충청북도 보은군 산외면 봉계리,54,한우
312,최○○농장,충청북도 보은군 산외면 봉계리,56,한우
313,곽○○농장,충청북도 보은군 산외면 봉계리,145,한우
314,오○○농장,충청북도 보은군 산외면 봉계리,24,한우
315,구○○농장,충청북도 보은군 산외면 봉계리,163,한우
316,권○○농장,충청북도 보은군 산외면 산대리,3,한우
317,양○○농장,충청북도 보은군 산외면 산대리,49,한우
318,구○○농장,충청북도 보은군 산외면 아시리,209,한우
319,신○○농장,충청북도 보은군 산외면 어온리,54,한우
320,이○○농장,충청북도 보은군 산외면 어온리,26,한우
321,홍○○농장,충청북도 보은군 산외면 어온리,20,한우
322,전○○농장,충청북도 보은군 산외면 오대리,48,한우
323,봉○○농장,충청북도 보은군 산외면 오대리,40,한우
324,김○○농장,충청북도 보은군 산외면 오대리,65,한우
325,송○○농장,충청북도 보은군 산외면 오대리,27,한우
326,송○○농장,충청북도 보은군 산외면 오대리,2,한우
327,김○○농장,충청북도 보은군 산외면 오대리,107,한우
328,김○○농장,충청북도 보은군 산외면 원평리,48,한우
329,이○○농장,충청북도 보은군 산외면 원평리,33,한우
330,이○○농장,충청북도 보은군 산외면 원평리,15,한우
331,전○○농장,충청북도 보은군 산외면 원평리,110,한우
332,신○○농장,충청북도 보은군 산외면 이식리,37,한우
333,김○○농장,충청북도 보은군 산외면 이식리,11,한우
334,이○○농장,충청북도 보은군 산외면 이식리,3,한우
335,안○○농장,충청북도 보은군 산외면 장갑리,56,한우
336,이○○농장,충청북도 보은군 산외면 장갑리,39,한우
337,김○○농장,충청북도 보은군 산외면 장갑리,69,한우
338,조○○농장,충청북도 보은군 산외면 장갑리,78,한우
339,조○○농장,충청북도 보은군 산외면 장갑리,27,한우
340,조○○농장,충청북도 보은군 산외면 장갑리,7,한우
341,유○○농장,충청북도 보은군 산외면 장갑리,55,한우
342,윤○○농장,충청북도 보은군 산외면 장갑리,42,한우
343,고○○농장,충청북도 보은군 산외면 중티리,39,한우
344,김○○농장,충청북도 보은군 산외면 중티리,31,한우
345,홍○○농장,충청북도 보은군 산외면 중티리,53,한우
346,양○○농장,충청북도 보은군 산외면 중티리,153,젖소
347,장○○농장,충청북도 보은군 산외면 중티리,42,한우
348,노○○농장,충청북도 보은군 산외면 탁주리,68,한우
349,이○○농장,충청북도 보은군 산외면 탁주리,52,젖소
350,안○○농장,충청북도 보은군 산외면 탁주리,56,한우
351,현○○농장,충청북도 보은군 산외면 탁주리,17,한우
352,김○○농장,충청북도 보은군 산외면 탁주리,35,한우
353,임○○농장,충청북도 보은군 산외면 탁주리,48,한우
354,㈜팜스월드,충청북도 보은군 삼승면 내망리,240,한우
355,박○○농장,충청북도 보은군 삼승면 내망리,46,한우
356,정○○농장,충청북도 보은군 삼승면 내망리,30,한우
357,김○○농장,충청북도 보은군 삼승면 내망리,21,젖소
358,김○○농장,충청북도 보은군 삼승면 내망리,241,한우
359,이○○농장,충청북도 보은군 삼승면 내망리,183,한우
360,김○○농장,충청북도 보은군 삼승면 내망리,60,한우
361,안○○농장,충청북도 보은군 삼승면 내망리,10,한우
362,김○○농장,충청북도 보은군 삼승면 내망리,23,한우
363,설○○농장,충청북도 보은군 삼승면 달산리,10,한우
364,김○○농장,충청북도 보은군 삼승면 달산리,29,한우
365,설○○농장,충청북도 보은군 삼승면 달산리,2,한우
366,류○○농장,충청북도 보은군 삼승면 달산리,178,한우
367,송○○농장,충청북도 보은군 삼승면 달산리,97,젖소
368,이○○농장,충청북도 보은군 삼승면 둔덕리,57,한우
369,이○○농장,충청북도 보은군 삼승면 둔덕리,165,한우
370,양○○농장,충청북도 보은군 삼승면 둔덕리,328,한우
371,보은옥천영동축산업협동조합,충청북도 보은군 삼승면 둔덕리,136,한우
372,이○○농장,충청북도 보은군 삼승면 둔덕리,153,한우
373,윤○○농장,충청북도 보은군 삼승면 둔덕리,51,한우
374,김○○농장,충청북도 보은군 삼승면 둔덕리,94,한우
375,임○○농장,충청북도 보은군 삼승면 둔덕리,198,한우
376,이○○농장,충청북도 보은군 삼승면 둔덕리,288,한우
377,김○○농장,충청북도 보은군 삼승면 둔덕리,78,한우
378,최○○농장,충청북도 보은군 삼승면 둔덕리,41,한우
379,이○○농장,충청북도 보은군 삼승면 둔덕리,36,한우
380,보은옥천영동축산업협동조합,충청북도 보은군 삼승면 둔덕리,120,한우
381,윤○○농장,충청북도 보은군 삼승면 둔덕리,161,한우
382,송○○농장,충청북도 보은군 삼승면 상가리,6,한우
383,장○○농장,충청북도 보은군 삼승면 상가리,14,한우
384,송○○농장,충청북도 보은군 삼승면 서원리,59,한우
385,강○○농장,충청북도 보은군 삼승면 서원리,23,한우
386,김○○농장,충청북도 보은군 삼승면 서원리,7,한우
387,송○○농장,충청북도 보은군 삼승면 서원리,4,한우
388,이○○농장,충청북도 보은군 삼승면 선곡리,98,한우
389,강○○농장,충청북도 보은군 삼승면 선곡리,118,젖소
390,이○○농장,충청북도 보은군 삼승면 선곡리,58,한우
391,전○○농장,충청북도 보은군 삼승면 선곡리,13,한우
392,이○○농장,충청북도 보은군 삼승면 선곡리,36,젖소
393,한○○농장,충청북도 보은군 삼승면 선곡리,72,한우
394,김○○농장,충청북도 보은군 삼승면 선곡리,22,한우
395,신○○농장,충청북도 보은군 삼승면 선곡리,4,한우
396,맹○○농장,충청북도 보은군 삼승면 선곡리,94,한우
397,윤○○농장,충청북도 보은군 삼승면 선곡리,28,한우
398,박○○농장,충청북도 보은군 삼승면 선곡리,81,한우
399,유○○농장,충청북도 보은군 삼승면 선곡리,8,한우
400,김○○농장,충청북도 보은군 삼승면 선곡리,1,한우
401,이○○농장,충청북도 보은군 삼승면 송죽리,157,한우
402,이○○농장,충청북도 보은군 삼승면 송죽리,135,한우
403,이○○농장,충청북도 보은군 삼승면 송죽리,144,한우
404,강○○농장,충청북도 보은군 삼승면 송죽리,13,젖소
405,이○○농장,충청북도 보은군 삼승면 송죽리,120,한우
406,최○○농장,충청북도 보은군 삼승면 송죽리,94,한우
407,김○○농장,충청북도 보은군 삼승면 송죽리,16,한우
408,신○○농장,충청북도 보은군 삼승면 송죽리,242,한우
409,박○○농장,충청북도 보은군 삼승면 송죽리,1,한우
410,이○○농장,충청북도 보은군 삼승면 우진리,81,한우
411,김○○농장,충청북도 보은군 삼승면 우진리,31,한우
412,박○○농장,충청북도 보은군 삼승면 우진리,119,한우
413,김○○농장,충청북도 보은군 삼승면 원남리,46,한우
414,권○○농장,충청북도 보은군 삼승면 원남리,17,한우
415,최○○농장,충청북도 보은군 삼승면 원남리,17,한우
416,송○○농장,충청북도 보은군 삼승면 원남리,45,한우
417,김○○농장,충청북도 보은군 삼승면 원남리,117,한우
418,윤○○농장,충청북도 보은군 삼승면 원남리,24,한우
419,황○○농장,충청북도 보은군 삼승면 원남리,11,한우
420,안○○농장,충청북도 보은군 삼승면 원남리,3,한우
421,정○○농장,충청북도 보은군 삼승면 원남리,74,한우
422,김○○농장,충청북도 보은군 삼승면 원남리,178,한우
423,이○○농장,충청북도 보은군 삼승면 천남리,6,한우
424,이○○농장,충청북도 보은군 삼승면 천남리,4,한우
425,이○○농장,충청북도 보은군 삼승면 천남리,9,한우
426,강○○농장,충청북도 보은군 삼승면 천남리,51,젖소
427,전○○농장,충청북도 보은군 삼승면 천남리,41,한우
428,송○○농장,충청북도 보은군 삼승면 천남리,11,한우
429,㈜팜스월드,충청북도 보은군 삼승면 천남리,2,한우
430,송○○농장,충청북도 보은군 삼승면 천남리,19,한우
431,강○○농장,충청북도 보은군 삼승면 천남리,119,젖소
432,이○○농장,충청북도 보은군 삼승면 천남리,75,한우
433,이○○농장,충청북도 보은군 삼승면 천남리,185,육우
434,송○○농장,충청북도 보은군 삼승면 천남리,144,한우
435,이○○농장,충청북도 보은군 삼승면 천남리,63,한우
436,정○○농장,충청북도 보은군 삼승면 천남리,71,한우
437,강○○농장,충청북도 보은군 삼승면 천남리,17,육우
438,이○○농장,충청북도 보은군 삼승면 천남리,54,한우
439,강○○농장,충청북도 보은군 삼승면 천남리,110,젖소
440,백○○농장,충청북도 보은군 삼승면 천남리,13,한우
441,조○○농장,충청북도 보은군 삼승면 천남리,11,한우
442,윤○○농장,충청북도 보은군 삼승면 천남리,33,한우
443,장○○농장,충청북도 보은군 삼승면 천남리,25,한우
444,정○○농장,충청북도 보은군 삼승면 천남리,46,한우
445,안○○농장,충청북도 보은군 삼승면 천남리,52,한우
446,송○○농장,충청북도 보은군 삼승면 천남리,54,한우
447,송○○농장,충청북도 보은군 삼승면 천남리,107,한우
448,장○○농장,충청북도 보은군 삼승면 천남리,76,한우
449,전○○농장,충청북도 보은군 삼승면 천남리,54,한우
450,송○○농장,충청북도 보은군 삼승면 천남리,36,한우
451,이○○농장,충청북도 보은군 삼승면 천남리,53,한우
452,우○○농장,충청북도 보은군 삼승면 탄금리,50,한우
453,송○○농장,충청북도 보은군 삼승면 탄금리,41,한우
454,이○○농장,충청북도 보은군 삼승면 탄금리,20,한우
455,김○○농장,충청북도 보은군 삼승면 탄금리,20,한우
456,㈜팜스월드,충청북도 보은군 삼승면 탄금리,242,한우
457,김○○농장,충청북도 보은군 삼승면 탄금리,124,한우
458,윤○○농장,충청북도 보은군 삼승면 탄금리,133,한우
459,정○○농장,충청북도 보은군 삼승면 탄금리,23,한우
460,손○○농장,충청북도 보은군 속리산면 도화리,7,한우
461,박○○농장,충청북도 보은군 속리산면 도화리,5,한우
462,나○○농장,충청북도 보은군 속리산면 백현리,46,한우
463,김○○농장,충청북도 보은군 속리산면 북암리,24,한우
464,황○○농장,충청북도 보은군 속리산면 북암리,26,한우
465,김○○농장,충청북도 보은군 속리산면 북암리,38,한우
466,황○○농장,충청북도 보은군 속리산면 북암리,2,한우
467,이○○농장,충청북도 보은군 속리산면 북암리,17,한우
468,강○○농장,충청북도 보은군 속리산면 북암리,77,한우
469,안○○농장,충청북도 보은군 속리산면 북암리,28,한우
470,이○○농장,충청북도 보은군 속리산면 사내리,10,한우
471,권○○농장,충청북도 보은군 속리산면 사내리,8,한우
472,최○○농장,충청북도 보은군 속리산면 삼가리,5,한우
473,김○○농장,충청북도 보은군 속리산면 중판리,11,한우
474,김○○농장,충청북도 보은군 속리산면 중판리,28,한우
475,김○○농장,충청북도 보은군 속리산면 하판리,160,한우
476,보은옥천영동축산업협동조합,충청북도 보은군 속리산면 하판리,138,한우
477,박○○농장,충청북도 보은군 속리산면 하판리,6,한우
478,조○○농장,충청북도 보은군 속리산면 하판리,4,한우
479,최○○농장,충청북도 보은군 속리산면 하판리,101,한우
480,김○○농장,충청북도 보은군 속리산면 하판리,50,한우
481,김○○농장,충청북도 보은군 속리산면 하판리,132,한우
482,이○○농장,충청북도 보은군 속리산면 하판리,82,한우
483,황○○농장,충청북도 보은군 수한면 거현리,73,한우
484,이○○농장,충청북도 보은군 수한면 거현리,37,한우
485,김○○농장,충청북도 보은군 수한면 거현리,27,한우
486,성○○농장,충청북도 보은군 수한면 거현리,63,한우
487,강○○농장,충청북도 보은군 수한면 거현리,13,한우
488,박○○농장,충청북도 보은군 수한면 거현리,20,한우
489,김○○농장,충청북도 보은군 수한면 거현리,19,한우
490,최○○농장,충청북도 보은군 수한면 거현리,87,한우
491,최○○농장,충청북도 보은군 수한면 광촌리,55,한우
492,최○○농장,충청북도 보은군 수한면 광촌리,35,한우
493,전○○농장,충청북도 보은군 수한면 교암리,19,한우
494,김○○농장,충청북도 보은군 수한면 교암리,25,한우
495,강○○농장,충청북도 보은군 수한면 교암리,44,한우
496,강○○농장,충청북도 보은군 수한면 교암리,68,한우
497,허○○농장,충청북도 보은군 수한면 교암리,14,한우
498,정○○농장,충청북도 보은군 수한면 교암리,47,한우
499,김○○농장,충청북도 보은군 수한면 노성리,10,한우
500,김○○농장,충청북도 보은군 수한면 노성리,26,한우
501,김○○농장,충청북도 보은군 수한면 노성리,31,한우
502,조○○농장,충청북도 보은군 수한면 동정리,39,한우
503,조○○농장,충청북도 보은군 수한면 동정리,55,한우
504,김○○농장,충청북도 보은군 수한면 동정리,13,한우
505,유○○농장,충청북도 보은군 수한면 동정리,40,한우
506,송○○농장,충청북도 보은군 수한면 동정리,46,한우
507,편○○농장,충청북도 보은군 수한면 묘서리,175,한우
508,전○○농장,충청북도 보은군 수한면 묘서리,33,한우
509,안○○농장,충청북도 보은군 수한면 묘서리,28,한우
510,이○○농장,충청북도 보은군 수한면 묘서리,97,한우
511,이○○농장,충청북도 보은군 수한면 묘서리,1,한우
512,정○○농장,충청북도 보은군 수한면 묘서리,22,한우
513,김○○농장,충청북도 보은군 수한면 발산리,36,젖소
514,보은옥천영동축산업협동조합,충청북도 보은군 수한면 발산리,199,한우
515,이○○농장,충청북도 보은군 수한면 발산리,121,한우
516,이○○농장,충청북도 보은군 수한면 발산리,4,한우
517,유○○농장,충청북도 보은군 수한면 발산리,9,한우
518,박○○농장,충청북도 보은군 수한면 발산리,16,한우
519,안○○농장,충청북도 보은군 수한면 발산리,23,한우
520,최○○농장,충청북도 보은군 수한면 발산리,59,한우
521,김○○농장,충청북도 보은군 수한면 발산리,85,한우
522,송○○농장,충청북도 보은군 수한면 발산리,26,한우
523,윤○○농장,충청북도 보은군 수한면 병원리,24,한우
524,김○○농장,충청북도 보은군 수한면 산척리,12,한우
525,이○○농장,충청북도 보은군 수한면 산척리,2,한우
526,전○○농장,충청북도 보은군 수한면 성리,42,한우
527,주○○농장,충청북도 보은군 수한면 성리,24,한우
528,김○○농장,충청북도 보은군 수한면 소계리,59,한우
529,이○○농장,충청북도 보은군 수한면 소계리,45,한우
530,임○○농장,충청북도 보은군 수한면 소계리,11,한우
531,김○○농장,충청북도 보은군 수한면 소계리,7,한우
532,양○○농장,충청북도 보은군 수한면 소계리,158,한우
533,김○○농장,충청북도 보은군 수한면 오정리,38,한우
534,장○○농장,충청북도 보은군 수한면 오정리,85,한우
535,김○○농장,충청북도 보은군 수한면 오정리,31,한우
536,박○○농장,충청북도 보은군 수한면 율산리,7,한우
537,허○○농장,충청북도 보은군 수한면 장선리,3,한우
538,김○○농장,충청북도 보은군 수한면 장선리,46,한우
539,정○○농장,충청북도 보은군 수한면 장선리,50,한우
540,권○○농장,충청북도 보은군 수한면 질신리,84,한우
541,권○○농장,충청북도 보은군 수한면 질신리,129,한우
542,송○○농장,충청북도 보은군 수한면 질신리,7,한우
543,김○○농장,충청북도 보은군 수한면 질신리,17,한우
544,최○○농장,충청북도 보은군 수한면 질신리,33,한우
545,한○○농장,충청북도 보은군 수한면 질신리,6,한우
546,최○○농장,충청북도 보은군 수한면 질신리,121,한우
547,우○○농장,충청북도 보은군 수한면 질신리,129,한우
548,서○○농장,충청북도 보은군 수한면 질신리,84,한우
549,민○○농장,충청북도 보은군 수한면 차정리,1,한우
550,오○○농장,충청북도 보은군 수한면 차정리,1,한우
551,김○○농장,충청북도 보은군 수한면 차정리,6,한우
552,이○○농장,충청북도 보은군 수한면 차정리,5,한우
553,김○○농장,충청북도 보은군 수한면 후평리,1,한우
554,지○○농장,충청북도 보은군 수한면 후평리,12,한우
555,고○○농장,충청북도 보은군 수한면 후평리,59,한우
556,김○○농장,충청북도 보은군 수한면 후평리,58,한우
557,최○○농장,충청북도 보은군 수한면 후평리,9,한우
558,최○○농장,충청북도 보은군 수한면 후평리,10,한우
559,박○○농장,충청북도 보은군 수한면 후평리,19,한우
560,김○○농장,충청북도 보은군 수한면 후평리,3,한우
561,박○○농장,충청북도 보은군 수한면 후평리,79,한우
562,농업회사법인(주) 가나안,충청북도 보은군 수한면 후평리,72,한우
563,고○○농장,충청북도 보은군 수한면 후평리,30,한우
564,김○○농장,충청북도 보은군 장안면 구인리,3,한우
565,이○○농장,충청북도 보은군 장안면 봉비리,15,한우
566,김○○농장,충청북도 보은군 장안면 봉비리,16,한우
567,김○○농장,충청북도 보은군 장안면 봉비리,2,한우
568,신○○농장,충청북도 보은군 장안면 봉비리,35,한우
569,박○○농장,충청북도 보은군 장안면 봉비리,8,한우
570,최○○농장,충청북도 보은군 장안면 봉비리,6,한우
571,이○○농장,충청북도 보은군 장안면 봉비리,73,한우
572,이○○농장,충청북도 보은군 장안면 봉비리,144,한우
573,이○○농장,충청북도 보은군 장안면 봉비리,25,한우
574,이○○농장,충청북도 보은군 장안면 봉비리,70,한우
575,이○○농장,충청북도 보은군 장안면 봉비리,70,한우
576,김○○농장,충청북도 보은군 장안면 봉비리,4,한우
577,이○○농장,충청북도 보은군 장안면 봉비리,3,한우
578,이○○농장,충청북도 보은군 장안면 불목리,38,한우
579,이○○농장,충청북도 보은군 장안면 오창리,83,한우
580,이○○농장,충청북도 보은군 장안면 오창리,6,한우
581,안○○농장,충청북도 보은군 장안면 오창리,240,한우
582,강○○농장,충청북도 보은군 장안면 오창리,7,한우
583,권○○농장,충청북도 보은군 장안면 오창리,1,한우
584,김○○농장,충청북도 보은군 장안면 오창리,13,한우
585,추○○농장,충청북도 보은군 장안면 오창리,22,한우
586,최○○농장,충청북도 보은군 장안면 오창리,77,한우
587,박○○농장,충청북도 보은군 장안면 오창리,36,한우
588,박○○농장,충청북도 보은군 장안면 장안리,1,한우
589,허○○농장,충청북도 보은군 장안면 장안리,6,한우
590,김○○농장,충청북도 보은군 장안면 장안리,2,한우
591,김○○농장,충청북도 보은군 장안면 장안리,7,한우
592,심○○농장,충청북도 보은군 장안면 장안리,9,한우
593,이○○농장,충청북도 보은군 장안면 장안리,53,한우
594,김○○농장,충청북도 보은군 장안면 장재리,40,한우
595,김○○농장,충청북도 보은군 장안면 장재리,118,한우
596,추○○농장,충청북도 보은군 장안면 장재리,162,한우
597,김○○농장,충청북도 보은군 장안면 장재리,5,한우
598,허○○농장,충청북도 보은군 장안면 황곡리,46,한우
599,윤○○농장,충청북도 보은군 장안면 황곡리,37,한우
600,김○○농장,충청북도 보은군 탄부면 고승리,49,한우
601,임○○농장,충청북도 보은군 탄부면 고승리,144,한우
602,임○○농장,충청북도 보은군 탄부면 고승리,5,한우
603,양○○농장,충청북도 보은군 탄부면 고승리,155,한우
604,정○○농장,충청북도 보은군 탄부면 고승리,1,한우
605,최○○농장,충청북도 보은군 탄부면 고승리,7,한우
606,임○○농장,충청북도 보은군 탄부면 고승리,25,한우
607,김○○농장,충청북도 보은군 탄부면 고승리,34,한우
608,김○○농장,충청북도 보은군 탄부면 고승리,42,한우
609,오○○농장,충청북도 보은군 탄부면 고승리,28,한우
610,김○○농장,충청북도 보은군 탄부면 고승리,3,한우
611,임○○농장,충청북도 보은군 탄부면 고승리,105,한우
612,김○○농장,충청북도 보은군 탄부면 구암리,9,한우
613,양○○농장,충청북도 보은군 탄부면 구암리,18,한우
614,권○○농장,충청북도 보은군 탄부면 구암리,10,한우
615,곽○○농장,충청북도 보은군 탄부면 구암리,10,한우
616,이○○농장,충청북도 보은군 탄부면 구암리,25,한우
617,이○○농장,충청북도 보은군 탄부면 구암리,12,한우
618,이○○농장,충청북도 보은군 탄부면 구암리,23,한우
619,김○○농장,충청북도 보은군 탄부면 구암리,5,한우
620,이○○농장,충청북도 보은군 탄부면 구암리,10,한우
621,엄○○농장,충청북도 보은군 탄부면 구암리,228,한우
622,이○○농장,충청북도 보은군 탄부면 구암리,157,한우
623,이○○농장,충청북도 보은군 탄부면 구암리,133,한우
624,김○○농장,충청북도 보은군 탄부면 구암리,265,한우
625,김○○농장,충청북도 보은군 탄부면 구암리,14,한우
626,정○○농장,충청북도 보은군 탄부면 대양리,9,한우
627,안○○농장,충청북도 보은군 탄부면 대양리,5,한우
628,엄○○농장,충청북도 보은군 탄부면 대양리,26,한우
629,이○○농장,충청북도 보은군 탄부면 대양리,20,한우
630,백○○농장,충청북도 보은군 탄부면 대양리,16,한우
631,백○○농장,충청북도 보은군 탄부면 대양리,29,한우
632,백○○농장,충청북도 보은군 탄부면 대양리,47,한우
633,김○○농장,충청북도 보은군 탄부면 대양리,55,한우
634,손○○농장,충청북도 보은군 탄부면 대양리,37,한우
635,구○○농장,충청북도 보은군 탄부면 대양리,50,한우
636,"백○○농장, 백○○농장",충청북도 보은군 탄부면 대양리,57,한우
637,이○○농장,충청북도 보은군 탄부면 덕동리,9,한우
638,한○○농장,충청북도 보은군 탄부면 덕동리,36,한우
639,조○○농장,충청북도 보은군 탄부면 덕동리,31,한우
640,심○○농장,충청북도 보은군 탄부면 덕동리,69,한우
641,신○○농장,충청북도 보은군 탄부면 덕동리,144,한우
642,김○○농장,충청북도 보은군 탄부면 덕동리,223,한우
643,김○○농장,충청북도 보은군 탄부면 덕동리,2,한우
644,김○○농장,충청북도 보은군 탄부면 덕동리,39,한우
645,김○○농장,충청북도 보은군 탄부면 덕동리,104,한우
646,심○○농장,충청북도 보은군 탄부면 덕동리,70,한우
647,박○○농장,충청북도 보은군 탄부면 덕동리,17,한우
648,이○○농장,충청북도 보은군 탄부면 덕동리,10,한우
649,이○○농장,충청북도 보은군 탄부면 덕동리,4,한우
650,이○○농장,충청북도 보은군 탄부면 덕동리,48,한우
651,장○○농장,충청북도 보은군 탄부면 덕동리,23,한우
652,권○○농장,충청북도 보은군 탄부면 덕동리,3,한우
653,권○○농장,충청북도 보은군 탄부면 덕동리,249,한우
654,권○○농장,충청북도 보은군 탄부면 덕동리,149,한우
655,한○○농장,충청북도 보은군 탄부면 매화리,65,한우
656,송○○농장,충청북도 보은군 탄부면 매화리,105,한우
657,강○○농장,충청북도 보은군 탄부면 매화리,64,한우
658,장○○농장,충청북도 보은군 탄부면 매화리,95,한우
659,유○○농장,충청북도 보은군 탄부면 매화리,32,한우
660,한○○농장,충청북도 보은군 탄부면 매화리,3,한우
661,정○○농장,충청북도 보은군 탄부면 매화리,75,한우
662,송○○농장,충청북도 보은군 탄부면 매화리,24,한우
663,양○○농장,충청북도 보은군 탄부면 벽지리,11,한우
664,이○○농장,충청북도 보은군 탄부면 벽지리,63,한우
665,차○○농장,충청북도 보은군 탄부면 벽지리,6,한우
666,양○○농장,충청북도 보은군 탄부면 벽지리,11,한우
667,김○○농장,충청북도 보은군 탄부면 벽지리,7,한우
668,이○○농장,충청북도 보은군 탄부면 벽지리,4,한우
669,문○○농장,충청북도 보은군 탄부면 벽지리,1,한우
670,이○○농장,충청북도 보은군 탄부면 벽지리,14,한우
671,김○○농장,충청북도 보은군 탄부면 사직리,24,한우
672,이○○농장,충청북도 보은군 탄부면 사직리,92,한우
673,신○○농장,충청북도 보은군 탄부면 사직리,69,한우
674,유○○농장,충청북도 보은군 탄부면 사직리,66,한우
675,전○○농장,충청북도 보은군 탄부면 상장리,103,한우
676,보은옥천영동축산업협동조합,충청북도 보은군 탄부면 상장리,260,한우
677,송○○농장,충청북도 보은군 탄부면 상장리,40,한우
678,강○○농장,충청북도 보은군 탄부면 상장리,105,한우
679,손○○농장,충청북도 보은군 탄부면 상장리,6,한우
680,염○○농장,충청북도 보은군 탄부면 상장리,15,한우
681,송○○농장,충청북도 보은군 탄부면 상장리,25,한우
682,최○○농장,충청북도 보은군 탄부면 상장리,64,한우
683,송○○농장,충청북도 보은군 탄부면 상장리,161,한우
684,이○○농장,충청북도 보은군 탄부면 상장리,254,한우
685,서○○농장,충청북도 보은군 탄부면 상장리,337,한우
686,이○○농장,충청북도 보은군 탄부면 상장리,131,한우
687,서○○농장,충청북도 보은군 탄부면 상장리,67,한우
688,유○○농장,충청북도 보은군 탄부면 상장리,61,한우
689,이○○농장,충청북도 보은군 탄부면 상장리,183,한우
690,이○○농장,충청북도 보은군 탄부면 성지리,11,한우
691,장○○농장,충청북도 보은군 탄부면 성지리,82,한우
692,이○○농장,충청북도 보은군 탄부면 임한리,97,젖소
693,이○○농장,충청북도 보은군 탄부면 장암리,36,한우
694,고○○농장,충청북도 보은군 탄부면 장암리,8,한우
695,황○○농장,충청북도 보은군 탄부면 장암리,4,한우
696,최○○농장,충청북도 보은군 탄부면 장암리,84,한우
697,김○○농장,충청북도 보은군 탄부면 장암리,263,한우
698,홍○○농장,충청북도 보은군 탄부면 장암리,24,한우
699,김○○농장,충청북도 보은군 탄부면 장암리,165,한우
700,최○○농장,충청북도 보은군 탄부면 장암리,144,한우
701,김○○농장,충청북도 보은군 탄부면 장암리,101,한우
702,김○○농장,충청북도 보은군 탄부면 장암리,110,한우
703,강○○농장,충청북도 보은군 탄부면 평각리,20,한우
704,이○○농장,충청북도 보은군 탄부면 평각리,32,한우
705,보은청정한우영농조합법인,충청북도 보은군 탄부면 평각리,133,한우
706,차○○농장,충청북도 보은군 탄부면 평각리,65,한우
707,송○○농장,충청북도 보은군 탄부면 평각리,36,한우
708,김○○농장,충청북도 보은군 탄부면 평각리,97,한우
709,차○○농장,충청북도 보은군 탄부면 평각리,8,한우
710,최○○농장,충청북도 보은군 탄부면 하장리,7,한우
711,이○○농장,충청북도 보은군 탄부면 하장리,11,한우
712,양○○농장,충청북도 보은군 탄부면 하장리,14,한우
713,김○○농장,충청북도 보은군 탄부면 하장리,7,한우
714,권○○농장,충청북도 보은군 탄부면 하장리,86,한우
715,양○○농장,충청북도 보은군 탄부면 하장리,101,한우
716,김○○농장,충청북도 보은군 탄부면 하장리,15,한우
717,안○○농장,충청북도 보은군 탄부면 하장리,9,한우
718,이○○농장,충청북도 보은군 탄부면 하장리,6,한우
719,이○○농장,충청북도 보은군 탄부면 하장리,17,한우
720,양○○농장,충청북도 보은군 탄부면 하장리,68,한우
721,권○○농장,충청북도 보은군 탄부면 하장리,65,한우
722,권○○농장,충청북도 보은군 탄부면 하장리,126,한우
723,이○○농장,충청북도 보은군 탄부면 하장리,12,한우
724,이○○농장,충청북도 보은군 회남면 광포리,20,한우
725,양○○농장,충청북도 보은군 회남면 금곡리,14,한우
726,최○○농장,충청북도 보은군 회남면 금곡리,16,한우
727,설○○농장,충청북도 보은군 회인면 갈티리,94,한우
728,김○○농장,충청북도 보은군 회인면 건천리,6,한우
729,민○○농장,충청북도 보은군 회인면 건천리,16,한우
730,박○○농장,충청북도 보은군 회인면 건천리,35,한우
731,박○○농장,충청북도 보은군 회인면 건천리,13,한우
732,김○○농장,충청북도 보은군 회인면 건천리,6,한우
733,송○○농장,충청북도 보은군 회인면 고석리,11,한우
734,이○○농장,충청북도 보은군 회인면 고석리,26,한우
735,김○○농장,충청북도 보은군 회인면 고석리,12,한우
736,유○○농장,충청북도 보은군 회인면 고석리,12,한우
737,박○○농장,충청북도 보은군 회인면 눌곡리,32,한우
738,오○○농장,충청북도 보은군 회인면 눌곡리,52,한우
739,이○○농장,충청북도 보은군 회인면 부수리,12,한우
740,박○○농장,충청북도 보은군 회인면 부수리,12,한우
741,한○○농장,충청북도 보은군 회인면 신대리,34,한우
742,김○○농장,충청북도 보은군 회인면 쌍암리,48,한우
743,양○○농장,충청북도 보은군 회인면 쌍암리,36,한우
744,김○○농장,충청북도 보은군 회인면 쌍암리,30,한우
745,조○○농장,충청북도 보은군 회인면 쌍암리,38,한우
746,이○○농장,충청북도 보은군 회인면 애곡리,10,한우
747,이○○농장,충청북도 보은군 회인면 애곡리,27,한우
748,이○○농장,충청북도 보은군 회인면 애곡리,31,한우
749,조○○농장,충청북도 보은군 회인면 애곡리,43,한우
750,윤○○농장,충청북도 보은군 회인면 오동리,21,한우
751,이○○농장,충청북도 보은군 회인면 오동리,57,한우
752,우○○농장,충청북도 보은군 회인면 오동리,21,한우
753,이○○농장,충청북도 보은군 회인면 용곡리,7,한우
754,윤○○농장,충청북도 보은군 회인면 용촌리,37,한우
755,박○○농장,충청북도 보은군 회인면 용촌리,52,한우
756,이○○농장,충청북도 보은군 회인면 용촌리,7,한우
757,김○○농장,충청북도 보은군 회인면 죽암리,10,한우
758,윤○○농장,충청북도 보은군 회인면 중앙리,42,한우
759,조○○농장,충청북도 보은군 회인면 중앙리,7,한우
760,주○○농장,충청북도 보은군 수한면 성리,1760,양돈
761,김○○농장,충청북도 보은군 장안면 봉비리,320,양돈
762,김○○농장,충청북도 보은군 보은읍 강신리,80,양돈
763,최○○농장,충청북도 보은군 마로면 수문리,965,양돈
764,김○○농장,충청북도 보은군 보은읍 대야리,581,양돈
765,박○○농장,충청북도 보은군 삼승면 탄금리,618,양돈
766,배○○농장,충청북도 보은군 탄부면 덕동리,0,양돈
767,방○○농장,충청북도 보은군 보은읍 신함리,3966,양돈
768,김○○농장,충청북도 보은군 보은읍 성족리,551,양돈
769,우○○농장,충청북도 보은군 내북면 화전리,971,양돈
770,김○○농장,충청북도 보은군 보은읍 중동리,1,양돈
771,노○○농장,충청북도 보은군 보은읍 신함리,0,양돈
772,신○○농장,충청북도 보은군 장안면 봉비리,742,양돈
773,우○○농장,충청북도 보은군 회인면 애곡리,690,양돈
774,최○○농장,충청북도 보은군 삼승면 천남리,305,양돈
775,김○○농장,충청북도 보은군 수한면 성리,400,양돈
776,이○○농장,충청북도 보은군 보은읍 어암리,1730,양돈
777,정○○농장,충청북도 보은군 보은읍 지산리,1263,양돈
778,김○○농장,충청북도 보은군 탄부면 고승리,276,양돈
779,농업회사법인주식회사큐,충청북도 보은군 삼승면 서원리,3494,양돈
780,농업회사법인(주) 서원,충청북도 보은군 장안면 불목리,4142,양돈
781,김○○농장,충청북도 보은군 산외면 구티리,1000,양돈
782,최○○농장,충청북도 보은군 보은읍 강산리,1650,양계
783,김○○농장,충청북도 보은군 보은읍 강신리,0,양계
784,정○○농장,충청북도 보은군 수한면 소계리,0,양계
785,농업회사법인 글로비다(주),충청북도 보은군 장안면 서원리,0,양계
786,장○○농장,충청북도 보은군 보은읍 지산리,64000,양계
787,조○○농장,충청북도 보은군 산외면 가고리,30300,양계
788,남도영농조합,충청북도 보은군 산외면 가고리,93000,양계
789,유○○농장,충청북도 보은군 삼승면 내망리,0,양계
790,정○○농장,충청북도 보은군 보은읍 용암리,133500,양계
791,정○○농장,충청북도 보은군 보은읍 용암리,136000,양계
792,농업회사법인㈜한국원종,충청북도 보은군 내북면 적음리,57425,양계
793,안○○농장,충청북도 보은군 산외면 탁주리,0,양계
794,농업회사법인등고개농장㈜,충청북도 보은군 내북면 성티리,4000,양계
795,김○○농장,충청북도 보은군 보은읍 누청리,39000,양계
796,보나팜영농조합법인,충청북도 보은군 산외면 대원리,1679,양계
797,황○○농장,충청북도 보은군 속리산면 북암리,21000,양계
798,황○○농장,충청북도 보은군 속리산면 북암리,40450,양계
799,김○○농장,충청북도 보은군 산외면 탁주리,0,양계
800,현○○농장,충청북도 보은군 보은읍 금굴리,30,양계
801,김○○농장,충청북도 보은군 내북면 상궁리,26000,양계
802,이○○농장,충청북도 보은군 탄부면 대양리,45600,양계
803,농업회사법인 글로비다주식회사,충청북도 보은군 수한면 질신리,45000,양계
804,김○○농장,충청북도 보은군 수한면 소계리,0,양계
805,조○○농장,충청북도 보은군 장안면 구인리,25,양계
806,이○○농장,충청북도 보은군 보은읍 장속리,15000,양계
807,이○○농장,충청북도 보은군 보은읍 장속리,15000,양계
808,영농조합법인대통농산,충청북도 보은군 탄부면 대양리,45500,양계
809,이○○농장,충청북도 보은군 수한면 거현리,70,양계
810,박○○농장,충청북도 보은군 회인면 눌곡리,0,양계
811,황○○농장,충청북도 보은군 보은읍 용암리,0,양계
812,임○○농장,충청북도 보은군 보은읍 용암리,1755,양계
813,최○○농장,충청북도 보은군 보은읍 강산리,1650,양계
814,김○○농장,충청북도 보은군 보은읍 강신리,33000,양계
815,정○○농장,충청북도 보은군 수한면 소계리,0,양계
816,농업회사법인 글로비다(주),충청북도 보은군 장안면 서원리,14000,양계
817,장○○농장,충청북도 보은군 보은읍 지산리,0,양계
818,조○○농장,충청북도 보은군 산외면 가고리,32000,양계
819,남도영농조합,충청북도 보은군 산외면 가고리,91600,양계
820,유○○농장,충청북도 보은군 삼승면 내망리,39360,양계
821,정○○농장,충청북도 보은군 보은읍 용암리,80500,양계
822,정○○농장,충청북도 보은군 보은읍 용암리,134800,양계
823,농업회사법인㈜한국원종,충청북도 보은군 내북면 적음리,93955,양계
824,안○○농장,충청북도 보은군 산외면 탁주리,42000,양계
825,농업회사법인등고개농장㈜,충청북도 보은군 내북면 성티리,3900,양계
826,김○○농장,충청북도 보은군 보은읍 누청리,36925,양계
827,보나팜영농조합법인,충청북도 보은군 산외면 대원리,1480,양계
828,황○○농장,충청북도 보은군 속리산면 북암리,21000,양계
829,황○○농장,충청북도 보은군 속리산면 북암리,39600,양계
830,김○○농장,충청북도 보은군 산외면 탁주리,56000,양계
831,현○○농장,충청북도 보은군 보은읍 금굴리,30,양계
832,김○○농장,충청북도 보은군 내북면 상궁리,26000,양계
833,이○○농장,충청북도 보은군 탄부면 대양리,46160,양계
834,농업회사법인 글로비다주식회사,충청북도 보은군 수한면 질신리,27000,양계
835,김○○농장,충청북도 보은군 수한면 소계리,0,양계
836,조○○농장,충청북도 보은군 장안면 구인리,25,양계
837,이○○농장,충청북도 보은군 보은읍 장속리,15000,양계
838,이○○농장,충청북도 보은군 보은읍 장속리,15000,양계
839,영농조합법인대통농산,충청북도 보은군 탄부면 대양리,66000,양계
840,이○○농장,충청북도 보은군 수한면 거현리,70,양계
841,박○○농장,충청북도 보은군 회인면 눌곡리,0,양계
842,황○○농장,충청북도 보은군 보은읍 용암리,0,양계
843,임○○농장,충청북도 보은군 보은읍 용암리,1744,양계
844,최○○농장,충청북도 보은군 보은읍 강산리,1650,양계
845,김○○농장,충청북도 보은군 보은읍 강신리,0,양계
846,정○○농장,충청북도 보은군 수한면 소계리,0,양계
847,농업회사법인 글로비다(주),충청북도 보은군 장안면 서원리,14000,양계
848,장○○농장,충청북도 보은군 보은읍 지산리,0,양계
849,조○○농장,충청북도 보은군 산외면 가고리,32000,양계
850,남도영농조합,충청북도 보은군 산외면 가고리,91600,양계
851,유○○농장,충청북도 보은군 삼승면 내망리,0,양계
852,정○○농장,충청북도 보은군 보은읍 용암리,133000,양계
853,정○○농장,충청북도 보은군 보은읍 용암리,78500,양계
854,농업회사법인㈜한국원종,충청북도 보은군 내북면 적음리,93955,양계
855,안○○농장,충청북도 보은군 산외면 탁주리,0,양계
856,농업회사법인등고개농장㈜,충청북도 보은군 내북면 성티리,3800,양계
857,김○○농장,충청북도 보은군 보은읍 누청리,36925,양계
858,보나팜영농조합법인,충청북도 보은군 산외면 대원리,1300,양계
859,황○○농장,충청북도 보은군 속리산면 북암리,21000,양계
860,황○○농장,충청북도 보은군 속리산면 북암리,39600,양계
861,김○○농장,충청북도 보은군 산외면 탁주리,0,양계
862,현○○농장,충청북도 보은군 보은읍 금굴리,0,양계
863,김○○농장,충청북도 보은군 내북면 상궁리,26000,양계
864,이○○농장,충청북도 보은군 탄부면 대양리,46160,양계
865,농업회사법인 글로비다주식회사,충청북도 보은군 수한면 질신리,27000,양계
866,김○○농장,충청북도 보은군 수한면 소계리,0,양계
867,조○○농장,충청북도 보은군 장안면 구인리,10,양계
868,이○○농장,충청북도 보은군 보은읍 장속리,15000,양계
869,이○○농장,충청북도 보은군 보은읍 장속리,15000,양계
870,영농조합법인대통농산,충청북도 보은군 탄부면 대양리,62000,양계
871,이○○농장,충청북도 보은군 수한면 거현리,70,양계
872,박○○농장,충청북도 보은군 회인면 눌곡리,0,양계
873,황○○농장,충청북도 보은군 보은읍 용암리,0,양계
874,임○○농장,충청북도 보은군 보은읍 용암리,1741,양계
875,박○○농장,충청북도 보은군 내북면 동산리,,메추리
876,송○○농장,충청북도 보은군 회남면 남대문리,,염소
877,강○○농장,충청북도 보은군 회인면 용곡리,,사슴
878,박○○농장,충청북도 보은군 산외면 장갑리,,사슴
879,박○○농장,충청북도 보은군 내북면 창리,,산양
880,박○○농장,충청북도 보은군 장안면 오창리,,산양
881,황○○농장,충청북도 보은군 수한면 후평리,,사슴
882,김○○농장,충청북도 보은군 내북면 상궁리,,산양
883,곽○○농장,충청북도 보은군 속리산면 북암리,,산양
884,정○○농장,충청북도 보은군 장안면 개안리,,산양
885,이○○농장,충청북도 보은군 회인면 용곡리,,산양
886,엄○○농장,충청북도 보은군 장안면 봉비리,,산양
887,강○○농장,충청북도 보은군 수한면 오정리,,산양
888,김○○농장,충청북도 보은군 수한면 교암리,,산양
889,김○○농장,충청북도 보은군 내북면 화전리,,산양
890,우○○농장,충청북도 보은군 회인면 애곡리,,염소
891,은○○농장,충청북도 보은군 회인면 용촌리,,산양
892,홍○○농장,충청북도 보은군 회인면 오동리,,염소
893,최○○농장,충청북도 보은군 회인면 애곡리,,염소
894,김○○농장,충청북도 보은군 산외면 백석리,,염소
895,이○○농장,충청북도 보은군 탄부면 하장리,,염소
896,최○○농장,충청북도 보은군 내북면 법주리,,염소
897,김○○농장,충청북도 보은군 장안면 구인리,,염소
898,최○○농장,충청북도 보은군 수한면 질신리,,염소
899,이○○농장,충청북도 보은군 수한면 질신리,,염소
900,문○○농장,충청북도 보은군 수한면 오정리,,염소
901,최○○농장,충청북도 보은군 보은읍 용암리,,염소
902,김○○농장,충청북도 보은군 수한면 오정리,,면양
903,박○○농장,충청북도 보은군 내북면 동산리,,메추리
904,이○○농장,충청북도 보은군 산외면 원평리,,염소
905,권○○농장,충청북도 보은군 수한면 발산리,,염소
906,김○○농장,충청북도 보은군 보은읍 중초리,,염소
907,전○○농장,충청북도 보은군 마로면 갈전리,,산양
908,문○○농장,충청북도 보은군 삼승면 원남리,,산양
909,정○○농장,충청북도 보은군 산외면 길탕리,,염소
