연번,농장구분,소재지,한우,젖소,육우,데이터기준일
1,개인,충청남도 청양군 목면 화양리 1051-1,123,0,0,2026-05-18
2,개인,충청남도 청양군 장평면 구룡리 74-1,96,0,0,2026-05-18
3,개인,충청남도 청양군 청양읍 청수리 377-1,26,0,0,2026-05-18
4,개인,충청남도 청양군 비봉면 사점리 144,4,0,0,2026-05-18
5,개인,충청남도 청양군 장평면 은곡리 667-5,14,0,0,2026-05-18
6,개인,충청남도 청양군 대치면 탄정리 202,4,0,0,2026-05-18
7,개인,충청남도 청양군 남양면 온암리 361,3,0,0,2026-05-18
8,개인,충청남도 청양군 목면 화양리 188,10,0,0,2026-05-18
9,개인,충청남도 청양군 비봉면 신원리 399,35,0,0,2026-05-18
10,개인,충청남도 청양군 정산면 신덕리 198,0,0,0,2026-05-18
11,개인,충청남도 청양군 정산면 용두리 448-4,24,0,0,2026-05-18
12,개인,충청남도 청양군 정산면 대박리 208-1,4,0,0,2026-05-18
13,개인,충청남도 청양군 정산면 신덕리 173-12,9,0,0,2026-05-18
14,개인,충청남도 청양군 정산면 해남리 424-1,0,0,0,2026-05-18
15,개인,충청남도 청양군 화성면 구재리 209-2,23,0,0,2026-05-18
16,개인,충청남도 청양군 청남면 대흥리 224,63,0,0,2026-05-18
17,개인,충청남도 청양군 운곡면 후덕리 114-5,3,0,0,2026-05-18
18,개인,충청남도 청양군 운곡면 신대리 37-2,6,0,0,2026-05-18
19,개인,충청남도 청양군 청양읍 청수리 534,89,0,0,2026-05-18
20,개인,충청남도 청양군 장평면 화산리 366,46,0,0,2026-05-18
21,개인,충청남도 청양군 장평면 은곡리 385,0,0,0,2026-05-18
22,개인,충청남도 청양군 청남면 청소리 430,33,0,0,2026-05-18
23,개인,충청남도 청양군 남양면 구룡리 497,2,0,0,2026-05-18
24,개인,충청남도 청양군 청남면 대흥리 616,108,0,0,2026-05-18
25,개인,충청남도 청양군 장평면 은곡리 585,0,0,0,2026-05-18
26,개인,충청남도 청양군 대치면 수석리 15-2,27,0,0,2026-05-18
27,개인,충청남도 청양군 장평면 구룡리 73-18,148,0,0,2026-05-18
28,개인,충청남도 청양군 운곡면 영양리 1269-3,83,0,0,2026-05-18
29,개인,충청남도 청양군 운곡면 후덕리 401-2,14,0,0,2026-05-18
30,개인,충청남도 청양군 청남면 상장리 3,70,0,0,2026-05-18
31,개인,충청남도 청양군 장평면 구룡리 71-15,111,0,0,2026-05-18
32,개인,충청남도 청양군 목면 화양리 1041-4,103,0,0,2026-05-18
33,개인,충청남도 청양군 비봉면 용천리 538-7,64,0,0,2026-05-18
34,개인,충청남도 청양군 목면 본의리 280-2,2,0,0,2026-05-18
35,개인,충청남도 청양군 장평면 적곡리 661,13,0,0,2026-05-18
36,개인,충청남도 청양군 목면 송암리 284,5,0,0,2026-05-18
37,개인,충청남도 청양군 장평면 화산리 123-3,13,0,0,2026-05-18
38,개인,충청남도 청양군 정산면 남천리 359-2,11,0,0,2026-05-18
39,개인,충청남도 청양군 비봉면 신원리 746-1,41,0,0,2026-05-18
40,개인,충청남도 청양군 비봉면 양사리 215,57,0,0,2026-05-18
41,개인,충청남도 청양군 남양면 백금리 19,45,0,0,2026-05-18
42,개인,충청남도 청양군 청양읍 청수리 334,8,0,0,2026-05-18
43,개인,충청남도 청양군 화성면 기덕리 275-1,0,0,0,2026-05-18
44,개인,충청남도 청양군 화성면 신정리 37-2,7,0,0,2026-05-18
45,개인,충청남도 청양군 청남면 상장리 125-1,19,0,0,2026-05-18
46,개인,충청남도 청양군 청남면 내직리 440-4,9,0,0,2026-05-18
47,개인,충청남도 청양군 청남면 청소리 594-2,19,0,0,2026-05-18
48,개인,충청남도 청양군 청남면 왕진리 112-1,48,0,0,2026-05-18
49,개인,충청남도 청양군 청양읍 백천리 308,10,0,0,2026-05-18
50,개인,충청남도 청양군 운곡면 모곡리 308-1,10,0,0,2026-05-18
51,개인,충청남도 청양군 장평면 중추리 269-4,0,0,0,2026-05-18
52,개인,충청남도 청양군 목면 대평리 521,2,0,0,2026-05-18
53,개인,충청남도 청양군 비봉면 양사리 953-3,13,0,0,2026-05-18
54,개인,충청남도 청양군 청양읍 학당리 48-2,28,0,0,2026-05-18
55,개인,충청남도 청양군 정산면 와촌리 86-3,195,0,0,2026-05-18
56,개인,충청남도 청양군 운곡면 미량리 547,13,0,0,2026-05-18
57,개인,충청남도 청양군 정산면 송학리 140-4,7,0,0,2026-05-18
58,개인,충청남도 청양군 장평면 은곡리 309,0,0,0,2026-05-18
59,개인,충청남도 청양군 화성면 농암리 87,19,0,0,2026-05-18
60,개인,충청남도 청양군 비봉면 강정리 113-3,0,0,0,2026-05-18
61,개인,충청남도 청양군 청남면 상장리 8,82,0,0,2026-05-18
62,개인,충청남도 청양군 비봉면 방한리 1043-5,14,0,0,2026-05-18
63,개인,충청남도 청양군 운곡면 영양리 11,16,0,0,2026-05-18
64,개인,충청남도 청양군 화성면 구재리 105-4,19,0,0,2026-05-18
65,개인,충청남도 청양군 목면 신흥리 94,4,0,0,2026-05-18
66,개인,충청남도 청양군 정산면 백곡리 415,14,0,0,2026-05-18
67,개인,충청남도 청양군 남양면 신왕리 383-3,1,0,0,2026-05-18
68,개인,충청남도 청양군 비봉면 사점리 ,7,0,0,2026-05-18
69,개인,충청남도 청양군 목면 송암리 65-1,7,0,0,2026-05-18
70,개인,충청남도 청양군 정산면 서정리 256,15,0,0,2026-05-18
71,개인,충청남도 청양군 정산면 마치리 520-3,12,0,0,2026-05-18
72,개인,충청남도 청양군 화성면 광평리 103-1,3,0,0,2026-05-18
73,개인,충청남도 청양군 청양읍 장승리 449-1,20,0,0,2026-05-18
74,개인,충청남도 청양군 비봉면 사점리 141-4,119,0,0,2026-05-18
75,개인,충청남도 청양군 정산면 송학리 177-1,6,0,0,2026-05-18
76,개인,충청남도 청양군 목면 송암리 101,0,0,0,2026-05-18
77,개인,충청남도 청양군 운곡면 광암리 505-2,4,0,0,2026-05-18
78,개인,충청남도 청양군 정산면 광생리 388-12,60,0,0,2026-05-18
79,개인,충청남도 청양군 장평면 관현리 367-1,21,0,0,2026-05-18
80,개인,충청남도 청양군 목면 화양리 1044-12,145,0,0,2026-05-18
81,개인,충청남도 청양군 정산면 와촌리 31-4,164,0,0,2026-05-18
82,개인,충청남도 청양군 남양면 흥산리 153-2,19,0,0,2026-05-18
83,개인,충청남도 청양군 화성면 매산리 59,14,0,0,2026-05-18
84,개인,충청남도 청양군 청양읍 장승리 119-10,5,0,0,2026-05-18
85,개인,충청남도 청양군 목면 대평리 7-1,5,0,0,2026-05-18
86,개인,충청남도 청양군 청남면 상장리 2,79,0,0,2026-05-18
87,개인,충청남도 청양군 청남면 청소리 658-1,15,0,0,2026-05-18
88,개인,충청남도 청양군 청남면 인양리 763-12,181,0,0,2026-05-18
89,개인,충청남도 청양군 비봉면 강정리 산16-2,3,0,0,2026-05-18
90,개인,충청남도 청양군 정산면 광생리 389-10,0,0,0,2026-05-18
91,개인,충청남도 청양군 청양읍 정좌리 843-4,,0,14,2026-05-18
92,개인,충청남도 청양군 운곡면 영양리 1264-3,73,0,0,2026-05-18
93,개인,충청남도 청양군 청양읍 학당리 123-2,0,0,0,2026-05-18
94,개인,충청남도 청양군 대치면 주정리 432,1,0,0,2026-05-18
95,개인,충청남도 청양군 비봉면 중묵리 660-2,31,0,0,2026-05-18
96,개인,충청남도 청양군 장평면 화산리 74-3,13,0,0,2026-05-18
97,개인,충청남도 청양군 장평면 죽림리 333,47,0,0,2026-05-18
98,개인,충청남도 청양군 정산면 해남리 265,41,0,0,2026-05-18
99,개인,충청남도 청양군 정산면 해남리 182-5,11,0,0,2026-05-18
100,개인,충청남도 청양군 대치면 농소리 산121,0,0,0,2026-05-18
101,개인,충청남도 청양군 장평면 구룡리 49-4,46,0,0,2026-05-18
102,개인,충청남도 청양군 목면 송암리 308,0,0,0,2026-05-18
103,개인,충청남도 청양군 목면 화양리 1045-5,106,0,0,2026-05-18
104,개인,충청남도 청양군 정산면 와촌리 37,4,0,0,2026-05-18
105,개인,충청남도 청양군 장평면 구룡리 74-18,27,0,0,2026-05-18
106,개인,충청남도 청양군 장평면 구룡리 59-11,0,0,0,2026-05-18
107,개인,충청남도 청양군 비봉면 관산리 230-5,17,0,0,2026-05-18
108,개인,충청남도 청양군 비봉면 강정리 53-3,3,0,0,2026-05-18
109,개인,충청남도 청양군 장평면 락지리 236-1,3,0,0,2026-05-18
110,개인,충청남도 청양군 운곡면 위라리 151,0,0,0,2026-05-18
111,개인,충청남도 청양군 장평면 화산리 272,23,0,0,2026-05-18
112,개인,충청남도 청양군 장평면 구룡리 57-11,2,0,0,2026-05-18
113,개인,충청남도 청양군 정산면 신덕리 51-29,134,0,0,2026-05-18
114,개인,충청남도 청양군 청남면 지곡리 294-7,20,0,0,2026-05-18
115,개인,충청남도 청양군 목면 화양리 963,32,0,0,2026-05-18
116,개인,충청남도 청양군 장평면 화산리 287-1,3,0,0,2026-05-18
117,개인,충청남도 청양군 장평면 화산리 484-71,18,0,0,2026-05-18
118,개인,충청남도 청양군 정산면 해남리 190-2,20,0,0,2026-05-18
119,개인,충청남도 청양군 목면 안심리 169-1,0,0,0,2026-05-18
120,개인,충청남도 청양군 장평면 은곡리 689-13,59,0,0,2026-05-18
121,개인,충청남도 청양군 대치면 이화리 133,0,0,0,2026-05-18
122,개인,충청남도 청양군 정산면 광생리 383-12,206,0,0,2026-05-18
123,개인,충청남도 청양군 비봉면 중묵리 357,17,0,0,2026-05-18
124,개인,충청남도 청양군 정산면 서정리 217-2,1,0,0,2026-05-18
125,개인,충청남도 청양군 청남면 중산리 산486-1,0,0,0,2026-05-18
126,개인,충청남도 청양군 운곡면 신대리 76-1,18,0,0,2026-05-18
127,개인,충청남도 청양군 목면 화양리 1053-3,132,0,0,2026-05-18
128,개인,충청남도 청양군 대치면 이화리 404,10,0,0,2026-05-18
129,개인,충청남도 청양군 정산면 신덕리 107,0,0,0,2026-05-18
130,개인,충청남도 청양군 목면 화양리 1045-1,36,0,0,2026-05-18
131,개인,충청남도 청양군 남양면 용두리 99-1,2,0,0,2026-05-18
132,개인,충청남도 청양군 정산면 와촌리 118-2,57,0,0,2026-05-18
133,개인,충청남도 청양군 비봉면 양사리 500-4,25,0,0,2026-05-18
134,개인,충청남도 청양군 정산면 광생리 388-7,92,0,0,2026-05-18
135,개인,충청남도 청양군 화성면 용당리 574,0,0,0,2026-05-18
136,개인,충청남도 청양군 화성면 장계리 802-17,37,0,0,2026-05-18
137,개인,충청남도 청양군 목면 송암리 258-1,5,0,0,2026-05-18
138,개인,충청남도 청양군 정산면 광생리 385-5,243,0,0,2026-05-18
139,개인,충청남도 청양군 정산면 덕성리 285,2,0,0,2026-05-18
140,개인,충청남도 청양군 비봉면 방한리 409,2,0,0,2026-05-18
141,개인,충청남도 청양군 장평면 화산리 333,20,0,0,2026-05-18
142,개인,충청남도 청양군 장평면 화산리 477,18,0,0,2026-05-18
143,개인,충청남도 청양군 장평면 죽림리 263,2,0,0,2026-05-18
144,개인,충청남도 청양군 정산면 대박리 100,0,0,0,2026-05-18
145,개인,충청남도 청양군 운곡면 미량리 277,0,0,0,2026-05-18
146,개인,충청남도 청양군 운곡면 미량리 296,13,0,0,2026-05-18
147,개인,충청남도 청양군 운곡면 추광리 229,6,0,0,2026-05-18
148,개인,충청남도 청양군 장평면 죽림리 254,41,0,0,2026-05-18
149,개인,충청남도 청양군 정산면 광생리 338,17,0,0,2026-05-18
150,개인,충청남도 청양군 운곡면 위라리 697,6,0,0,2026-05-18
151,개인,충청남도 청양군 목면 대평리 7-1,2,0,0,2026-05-18
152,개인,충청남도 청양군 장평면 구룡리 232-1,0,0,0,2026-05-18
153,개인,충청남도 청양군 목면 안심리 193,32,0,0,2026-05-18
154,개인,충청남도 청양군 비봉면 사점리 107,14,0,0,2026-05-18
155,개인,충청남도 청양군 목면 대평리 55,52,0,0,2026-05-18
156,개인,충청남도 청양군 남양면 대봉리 668-7,68,0,0,2026-05-18
157,개인,충청남도 청양군 비봉면 록평리 586,211,0,0,2026-05-18
158,개인,충청남도 청양군 청남면 상장리 90,12,0,0,2026-05-18
159,개인,충청남도 청양군 화성면 신정리 231-3,37,0,0,2026-05-18
160,개인,충청남도 청양군 화성면 농암리 352-3,0,0,0,2026-05-18
161,개인,충청남도 청양군 화성면 광평리 119-3,16,0,0,2026-05-18
162,개인,충청남도 청양군 운곡면 추광리 366,0,0,0,2026-05-18
163,개인,충청남도 청양군 청양읍 정좌리 514-2,264,0,0,2026-05-18
164,개인,충청남도 청양군 청양읍 학당리 501-1,8,0,0,2026-05-18
165,개인,충청남도 청양군 장평면 화산리 537-1,11,0,0,2026-05-18
166,개인,충청남도 청양군 비봉면 록평리 82,0,0,0,2026-05-18
167,개인,충청남도 청양군 청남면 지곡리 288-9,91,0,0,2026-05-18
168,개인,충청남도 청양군 목면 안심리 172-1,2,0,0,2026-05-18
169,개인,충청남도 청양군 목면 본의리 134-1,9,0,0,2026-05-18
170,개인,충청남도 청양군 운곡면 광암리 732-17,0,0,0,2026-05-18
171,개인,충청남도 청양군 목면 본의리 180-3,17,0,0,2026-05-18
172,개인,충청남도 청양군 청양읍 학당리 625-7,8,0,0,2026-05-18
173,개인,충청남도 청양군 목면 대평리 213,1,0,0,2026-05-18
174,개인,충청남도 청양군 장평면 화산리 360,2,0,0,2026-05-18
175,개인,충청남도 청양군 청양읍 학당리 542,2,0,0,2026-05-18
176,개인,충청남도 청양군 청남면 천내리 595,0,0,0,2026-05-18
177,개인,충청남도 청양군 정산면 신덕리 441-11,32,0,0,2026-05-18
178,개인,충청남도 청양군 운곡면 모곡리 71-9,13,0,0,2026-05-18
179,개인,충청남도 청양군 운곡면 효제리 221,4,0,0,2026-05-18
180,개인,충청남도 청양군 청남면 지곡리 292-8,49,0,0,2026-05-18
181,개인,충청남도 청양군 정산면 정산면 ,0,0,0,2026-05-18
182,개인,충청남도 청양군 청남면 상장리 413-5,6,0,0,2026-05-18
183,개인,충청남도 청양군 장평면 장평면 ,2,0,0,2026-05-18
184,개인,충청남도 청양군 정산면 와촌리 227,8,0,0,2026-05-18
185,개인,충청남도 청양군 비봉면 장재리 189-2,5,0,0,2026-05-18
186,개인,충청남도 청양군 정산면 용두리 210,21,0,0,2026-05-18
187,개인,충청남도 청양군 비봉면 용천리 541-2,42,0,0,2026-05-18
188,개인,충청남도 청양군 목면 화양리 1046-8,84,0,0,2026-05-18
189,개인,충청남도 청양군 비봉면 록평리 327-1,0,0,0,2026-05-18
190,개인,충청남도 청양군 목면 화양리 1051-5,66,0,0,2026-05-18
191,개인,충청남도 청양군 장평면 중추리 522-23,5,0,0,2026-05-18
192,개인,충청남도 청양군 장평면 미당리 119-7,19,0,0,2026-05-18
193,개인,충청남도 청양군 대치면 형산리 155-11,0,0,0,2026-05-18
194,개인,충청남도 청양군 비봉면 방한리 1026-2,26,0,0,2026-05-18
195,개인,충청남도 청양군 청남면 지곡리 700-4,37,0,0,2026-05-18
196,개인,충청남도 청양군 장평면 구룡리 75-5,136,0,0,2026-05-18
197,개인,충청남도 청양군 청남면 동강리 676-5,66,0,0,2026-05-18
198,개인,충청남도 청양군 정산면 광생리 390-11,20,0,0,2026-05-18
199,개인,충청남도 청양군 목면 대평리 215,9,0,0,2026-05-18
200,개인,충청남도 청양군 장평면 구룡리 60-7,112,0,0,2026-05-18
201,개인,충청남도 청양군 청남면 지곡리 292-11,9,0,0,2026-05-18
202,개인,충청남도 청양군 정산면 덕성리 686-7,18,0,0,2026-05-18
203,개인,충청남도 청양군 정산면 덕성리 492-1,7,0,0,2026-05-18
204,개인,충청남도 청양군 비봉면 중묵리 616-6,11,0,0,2026-05-18
205,개인,충청남도 청양군 남양면 대봉리 202-2,4,0,0,2026-05-18
206,개인,충청남도 청양군 대치면 탄정리 205-1,6,0,0,2026-05-18
207,개인,충청남도 청양군 정산면 백곡리 593,0,0,0,2026-05-18
208,개인,충청남도 청양군 청양읍 학당리 12,6,0,0,2026-05-18
209,개인,충청남도 청양군 대치면 탄정리 389,0,0,0,2026-05-18
210,개인,충청남도 청양군 장평면 중추리 645-8,130,0,0,2026-05-18
211,개인,충청남도 청양군 목면 화양리 1049-4,114,0,0,2026-05-18
212,개인,충청남도 청양군 정산면 광생리 388-6,120,0,0,2026-05-18
213,개인,충청남도 청양군 비봉면 장재리 572-1,88,0,0,2026-05-18
214,개인,충청남도 청양군 장평면 구룡리 57-10,12,0,0,2026-05-18
215,개인,충청남도 청양군 대치면 시전리 701,17,0,0,2026-05-18
216,개인,충청남도 청양군 목면 화양리 1047-6,40,0,0,2026-05-18
217,개인,충청남도 청양군 청양읍 백천리 380,2,0,0,2026-05-18
218,개인,충청남도 청양군 목면 대평리 256-4,38,0,0,2026-05-18
219,개인,충청남도 청양군 비봉면 강정리 180-2,14,0,0,2026-05-18
220,개인,충청남도 청양군 화성면 용당리 165,8,0,0,2026-05-18
221,개인,충청남도 청양군 운곡면 후덕리 719,0,0,0,2026-05-18
222,개인,충청남도 청양군 대치면 광대리 90,2,0,0,2026-05-18
223,개인,충청남도 청양군 남양면 백금리 660-7,22,0,0,2026-05-18
224,개인,충청남도 청양군 대치면 수석리 342,13,0,0,2026-05-18
225,개인,충청남도 청양군 대치면 수석리 462,15,0,0,2026-05-18
226,개인,충청남도 청양군 비봉면 비봉면 ,3,0,0,2026-05-18
227,개인,충청남도 청양군 운곡면 추광리 70-1,6,0,0,2026-05-18
228,개인,충청남도 청양군 화성면 광평리 153-3,95,0,0,2026-05-18
229,개인,충청남도 청양군 청남면 지곡리 512-7,22,0,0,2026-05-18
230,개인,충청남도 청양군 화성면 농암리 27,0,0,0,2026-05-18
231,개인,충청남도 청양군 남양면 봉암리 202-3,7,0,0,2026-05-18
232,개인,충청남도 청양군 비봉면 사점리 78,0,0,0,2026-05-18
233,개인,충청남도 청양군 청양읍 군량리 546-4,0,0,0,2026-05-18
234,개인,충청남도 청양군 정산면 남천리 258-2,12,0,0,2026-05-18
235,개인,충청남도 청양군 정산면 대박리 650,1,0,0,2026-05-18
236,개인,충청남도 청양군 정산면 송학리 124,90,0,0,2026-05-18
237,개인,충청남도 청양군 정산면 역촌리 산111,0,0,0,2026-05-18
238,개인,충청남도 청양군 운곡면 후덕리 261,25,0,0,2026-05-18
239,개인,충청남도 청양군 화성면 구재리 208-1,19,0,0,2026-05-18
240,개인,충청남도 청양군 정산면 해남리 639-1,93,0,0,2026-05-18
241,개인,충청남도 청양군 목면 화양리 1053-12,81,0,0,2026-05-18
242,개인,충청남도 청양군 청양읍 장승리 586-2,15,0,0,2026-05-18
243,개인,충청남도 청양군 청양읍 청수리 271,1,0,0,2026-05-18
244,개인,충청남도 청양군 운곡면 효제리 179,0,0,0,2026-05-18
245,개인,충청남도 청양군 비봉면 사점리 92-2,13,0,0,2026-05-18
246,개인,충청남도 청양군 비봉면 장재리 374-5,43,0,0,2026-05-18
247,개인,충청남도 청양군 남양면 대봉리 201,1,0,0,2026-05-18
248,개인,충청남도 청양군 운곡면 효제리 722,16,0,0,2026-05-18
249,개인,충청남도 청양군 운곡면 위라리 189-2,0,0,0,2026-05-18
250,개인,충청남도 청양군 운곡면 위라리 169,27,0,0,2026-05-18
251,개인,충청남도 청양군 장평면 미당리 89-25,6,0,0,2026-05-18
252,개인,충청남도 청양군 장평면 화산리 64,20,0,0,2026-05-18
253,개인,충청남도 청양군 장평면 은곡리 565-6,14,0,0,2026-05-18
254,개인,충청남도 청양군 운곡면 미량리 501-2,1,0,0,2026-05-18
255,개인,충청남도 청양군 장평면 분향리 373-5,2,0,0,2026-05-18
256,개인,충청남도 청양군 정산면 대박리 507,1,0,0,2026-05-18
257,개인,충청남도 청양군 남양면 용마리 ,8,0,0,2026-05-18
258,개인,충청남도 청양군 장평면 미당리 448-9,3,0,0,2026-05-18
259,개인,충청남도 청양군 운곡면 광암리 436-1,0,0,0,2026-05-18
260,개인,충청남도 청양군 비봉면 용천리 157-3,201,0,0,2026-05-18
261,개인,충청남도 청양군 대치면 수석리 94,25,0,0,2026-05-18
262,개인,충청남도 청양군 장평면 죽림리 204,10,0,0,2026-05-18
263,개인,충청남도 청양군 장평면 죽림리 228-1,47,0,0,2026-05-18
264,개인,충청남도 청양군 청남면 인양리 819-1,74,0,0,2026-05-18
265,개인,충청남도 청양군 정산면 광생리 388-3,68,0,0,2026-05-18
266,개인,충청남도 청양군 정산면 역촌리 471-1,1,0,0,2026-05-18
267,개인,충청남도 청양군 청남면 상장리 667-4,98,0,0,2026-05-18
268,개인,충청남도 청양군 비봉면 신원리 400,0,0,0,2026-05-18
269,개인,충청남도 청양군 운곡면 미량리 1057-2,28,0,0,2026-05-18
270,개인,충청남도 청양군 남양면 온암리 581,10,0,0,2026-05-18
271,개인,충청남도 청양군 청남면 청소리 429-1,333,0,0,2026-05-18
272,개인,충청남도 청양군 정산면 학암리 443-4,2,0,0,2026-05-18
273,개인,충청남도 청양군 비봉면 장재리 568-1,113,0,0,2026-05-18
274,개인,충청남도 청양군 목면 안심리 827-1,35,0,0,2026-05-18
275,개인,충청남도 청양군 대치면 시전리 641-1,61,0,0,2026-05-18
276,개인,충청남도 청양군 정산면 신덕리 201-2,43,0,0,2026-05-18
277,개인,충청남도 청양군 목면 화양리 1045-3,83,0,0,2026-05-18
278,개인,충청남도 청양군 청양읍 백천리 588,11,0,0,2026-05-18
279,개인,충청남도 청양군 운곡면 추광리 559-1,11,0,0,2026-05-18
280,개인,충청남도 청양군 청양읍 적누리 141,1,0,0,2026-05-18
281,개인,충청남도 청양군 장평면 분향리 798-6,68,0,0,2026-05-18
282,개인,충청남도 청양군 청남면 상장리 3,70,0,0,2026-05-18
283,개인,충청남도 청양군 장평면 구룡리 71-13,280,0,0,2026-05-18
284,개인,충청남도 청양군 비봉면 장재리 573-5,187,0,0,2026-05-18
285,개인,충청남도 청양군 장평면 구룡리 58-14,92,0,0,2026-05-18
286,개인,충청남도 청양군 목면 화양리 1248,264,0,0,2026-05-18
287,개인,충청남도 청양군 비봉면 신원리 751,44,0,0,2026-05-18
288,개인,충청남도 청양군 비봉면 양사리 629-1,6,0,0,2026-05-18
289,개인,충청남도 청양군 화성면 신정리 624-8,1,0,0,2026-05-18
290,개인,충청남도 청양군 장평면 구룡리 72-1,112,0,0,2026-05-18
291,개인,충청남도 청양군 정산면 광생리 387-5,81,0,0,2026-05-18
292,개인,충청남도 청양군 장평면 죽림리 253,9,0,0,2026-05-18
293,개인,충청남도 청양군 목면 신흥리 927,40,0,0,2026-05-18
294,개인,충청남도 청양군 청양읍 장승리 131-3,3,0,0,2026-05-18
295,개인,충청남도 청양군 비봉면 중묵리 450,0,0,0,2026-05-18
296,개인,충청남도 청양군 정산면 남천리 1,61,0,0,2026-05-18
297,개인,충청남도 청양군 화성면 화암리 451,9,0,0,2026-05-18
298,개인,충청남도 청양군 정산면 역촌리 792,5,0,0,2026-05-18
299,개인,충청남도 청양군 정산면 해남리 283,0,0,0,2026-05-18
300,개인,충청남도 청양군 비봉면 장재리 194,0,0,0,2026-05-18
301,개인,충청남도 청양군 정산면 학암리 195-7,28,0,0,2026-05-18
302,개인,충청남도 청양군 남양면 대봉리 517,0,0,0,2026-05-18
303,개인,충청남도 청양군 남양면 대봉리 442-1,3,0,0,2026-05-18
304,개인,충청남도 청양군 정산면 남천리 57,0,0,0,2026-05-18
305,개인,충청남도 청양군 정산면 광생리 388-1,28,0,0,2026-05-18
306,개인,충청남도 청양군 비봉면 양사리 181,87,0,0,2026-05-18
307,개인,충청남도 청양군 청남면 지곡리 704-3,3,0,0,2026-05-18
308,개인,충청남도 청양군 정산면 신덕리 210-3,103,0,0,2026-05-18
309,개인,충청남도 청양군 정산면 백곡리 141-6,0,0,0,2026-05-18
310,개인,충청남도 청양군 목면 화양리 1051-3,103,0,0,2026-05-18
311,개인,충청남도 청양군 운곡면 후덕리 189-3,0,0,0,2026-05-18
312,개인,충청남도 청양군 청남면 상장리 2,47,0,0,2026-05-18
313,개인,충청남도 청양군 목면 화양리 76,0,0,0,2026-05-18
314,개인,충청남도 청양군 목면 화양리 1056-7,149,0,0,2026-05-18
315,개인,충청남도 청양군 목면 대평리 256-4,38,0,0,2026-05-18
316,개인,충청남도 청양군 정산면 백곡리 656-10,108,0,0,2026-05-18
317,개인,충청남도 청양군 비봉면 방한리 1032-1,114,0,0,2026-05-18
318,개인,충청남도 청양군 목면 대평리 424,341,0,0,2026-05-18
319,개인,충청남도 청양군 목면 화양리 1042-8,23,0,0,2026-05-18
320,개인,충청남도 청양군 청남면 지곡리 704-1,21,0,0,2026-05-18
321,개인,충청남도 청양군 남양면 흥산리 288,9,0,0,2026-05-18
322,개인,충청남도 청양군 장평면 화산리 440,4,0,0,2026-05-18
323,개인,충청남도 청양군 운곡면 추광리 407,2,0,0,2026-05-18
324,개인,충청남도 청양군 운곡면 미량리 ,51,0,0,2026-05-18
325,개인,충청남도 청양군 장평면 죽림리 23,0,0,0,2026-05-18
326,개인,충청남도 청양군 정산면 와촌리 197,11,0,0,2026-05-18
327,개인,충청남도 청양군 목면 대평리 30,20,0,0,2026-05-18
328,개인,충청남도 청양군 목면 본의리 524-3,25,0,0,2026-05-18
329,개인,충청남도 청양군 비봉면 신원리 141,0,0,0,2026-05-18
330,개인,충청남도 청양군 목면 대평리 8-3,13,0,0,2026-05-18
331,개인,충청남도 청양군 남양면 매곡리 107-3,14,0,0,2026-05-18
332,개인,충청남도 청양군 목면 안심리 683,14,0,0,2026-05-18
333,개인,충청남도 청양군 정산면 송학리 183-2,0,0,0,2026-05-18
334,개인,충청남도 청양군 운곡면 위라리 599,7,0,0,2026-05-18
335,개인,충청남도 청양군 청양읍 백천리 300-1,5,0,0,2026-05-18
336,개인,충청남도 청양군 청남면 천내리 653,1,0,0,2026-05-18
337,개인,충청남도 청양군 정산면 와촌리 71,4,0,0,2026-05-18
338,개인,충청남도 청양군 운곡면 위라리 774-1,18,0,0,2026-05-18
339,개인,충청남도 청양군 목면 안심리 526-2,13,0,0,2026-05-18
340,개인,충청남도 청양군 청양읍 벽천리 121-9,7,0,0,2026-05-18
341,개인,충청남도 청양군 장평면 락지리 268-1,7,0,0,2026-05-18
342,개인,충청남도 청양군 화성면 신정리 323,0,0,0,2026-05-18
343,개인,충청남도 청양군 청양읍 학당리 123,5,0,0,2026-05-18
344,개인,충청남도 청양군 청남면 지곡리 292-5,45,0,0,2026-05-18
345,개인,충청남도 청양군 남양면 백금리 740-6,19,0,0,2026-05-18
346,개인,충청남도 청양군 운곡면 광암리 590-1,0,0,0,2026-05-18
347,개인,충청남도 청양군 목면 송암리 65-1,8,0,0,2026-05-18
348,개인,충청남도 청양군 비봉면 장재리 13,0,0,0,2026-05-18
349,개인,충청남도 청양군 남양면 봉암리 585,33,0,0,2026-05-18
350,개인,충청남도 청양군 장평면 은곡리 213,2,0,0,2026-05-18
351,개인,충청남도 청양군 비봉면 중묵리 616-4,11,0,0,2026-05-18
352,개인,충청남도 청양군 청양읍 정좌리 295-1,1,0,0,2026-05-18
353,개인,충청남도 청양군 대치면 수석리 314,19,0,0,2026-05-18
354,개인,충청남도 청양군 남양면 용두리 250,0,0,0,2026-05-18
355,개인,충청남도 청양군 비봉면 록평리 240-7,22,0,0,2026-05-18
356,개인,충청남도 청양군 청남면 청소리 658-5,51,0,0,2026-05-18
357,개인,충청남도 청양군 대치면 수석리 116,0,0,0,2026-05-18
358,개인,충청남도 청양군 남양면 백금리 390,2,0,0,2026-05-18
359,개인,충청남도 청양군 청남면 지곡리 699-4,37,0,0,2026-05-18
360,개인,충청남도 청양군 청남면 지곡리 52,33,0,0,2026-05-18
361,개인,충청남도 청양군 비봉면 양사리 166-1,29,0,0,2026-05-18
362,개인,충청남도 청양군 장평면 죽림리 180,88,0,0,2026-05-18
363,개인,충청남도 청양군 남양면 대봉리 79,5,0,0,2026-05-18
364,개인,충청남도 청양군 남양면 신왕리 350,7,0,0,2026-05-18
365,개인,충청남도 청양군 비봉면 중묵리 519-10,4,0,0,2026-05-18
366,개인,충청남도 청양군 남양면 봉암리 202-1,4,0,0,2026-05-18
367,개인,충청남도 청양군 청남면 동강리 677-13,88,0,0,2026-05-18
368,개인,충청남도 청양군 비봉면 장재리 572-4,142,0,0,2026-05-18
369,개인,충청남도 청양군 청양읍 청수리 269-3,2,0,0,2026-05-18
370,개인,충청남도 청양군 청양읍 장승리 555-2,44,0,0,2026-05-18
371,개인,충청남도 청양군 운곡면 미량리 1069-5,87,0,0,2026-05-18
372,개인,충청남도 청양군 청양읍 학당리 359-5,212,0,0,2026-05-18
373,개인,충청남도 청양군 장평면 관현리 643-1,2,0,0,2026-05-18
374,개인,충청남도 청양군 정산면 역촌리 28,0,0,0,2026-05-18
375,개인,충청남도 청양군 화성면 매산리 47,0,0,0,2026-05-18
376,개인,충청남도 청양군 청남면 대흥리 166,9,0,0,2026-05-18
377,개인,충청남도 청양군 비봉면 양사리 620-3,93,0,0,2026-05-18
378,개인,충청남도 청양군 비봉면 방한리 351-2,12,0,0,2026-05-18
379,개인,충청남도 청양군 화성면 수정리 300-2,0,0,0,2026-05-18
380,개인,충청남도 청양군 비봉면 방한리 44-4,0,0,0,2026-05-18
381,개인,충청남도 청양군 남양면 매곡리 95,11,0,0,2026-05-18
382,개인,충청남도 청양군 장평면 구룡리 59-8,0,0,0,2026-05-18
383,개인,충청남도 청양군 청양읍 적누리 103,6,0,0,2026-05-18
384,개인,충청남도 청양군 장평면 화산리 94-2,19,0,0,2026-05-18
385,개인,충청남도 청양군 목면 대평리 27,14,0,0,2026-05-18
386,개인,충청남도 청양군 목면 본의리 374,17,0,0,2026-05-18
387,개인,충청남도 청양군 정산면 백곡리 164,3,0,0,2026-05-18
388,개인,충청남도 청양군 목면 화양리 1053-5,54,0,0,2026-05-18
389,개인,충청남도 청양군 장평면 구룡리 60-10,141,0,0,2026-05-18
390,개인,충청남도 청양군 정산면 덕성리 26-2,8,0,0,2026-05-18
391,개인,충청남도 청양군 목면 송암리 377,3,0,0,2026-05-18
392,개인,충청남도 청양군 장평면 락지리 32-1,0,0,0,2026-05-18
393,개인,충청남도 청양군 정산면 백곡리 656-8,201,0,0,2026-05-18
394,개인,충청남도 청양군 장평면 구룡리 60-12,120,0,0,2026-05-18
395,개인,충청남도 청양군 대치면 시전리 491,7,0,0,2026-05-18
396,개인,충청남도 청양군 장평면 분향리 325,7,0,0,2026-05-18
397,개인,충청남도 청양군 청양읍 정좌리 648,8,0,0,2026-05-18
398,개인,충청남도 청양군 정산면 역촌리 782-2,39,0,0,2026-05-18
399,개인,충청남도 청양군 남양면 신왕리 294,52,0,0,2026-05-18
400,개인,충청남도 청양군 장평면 은곡리 614,184,0,0,2026-05-18
401,개인,충청남도 청양군 청남면 지곡리 292-3,228,0,0,2026-05-18
402,개인,충청남도 청양군 청남면 천내리 826-1,118,0,0,2026-05-18
403,개인,충청남도 청양군 장평면 적곡리 1002-7,73,0,0,2026-05-18
404,개인,충청남도 청양군 비봉면 장재리 572-2,85,0,0,2026-05-18
405,개인,충청남도 청양군 남양면 백금리 747-1,45,0,0,2026-05-18
406,개인,충청남도 청양군 목면 화양리 1049-2,175,0,0,2026-05-18
407,개인,충청남도 청양군 목면 화양리 1049-1,178,0,0,2026-05-18
408,개인,충청남도 청양군 대치면 주정리 68,0,0,0,2026-05-18
409,개인,충청남도 청양군 대치면 광금리 421-1,12,0,0,2026-05-18
410,개인,충청남도 청양군 남양면 흥산리 451,0,0,0,2026-05-18
411,개인,충청남도 청양군 운곡면 미량리 575,0,0,0,2026-05-18
412,개인,충청남도 청양군 장평면 화산리 472-1,17,0,0,2026-05-18
413,개인,충청남도 청양군 운곡면 추광리 215-1,0,0,0,2026-05-18
414,개인,충청남도 청양군 운곡면 추광리 563-7,2,0,0,2026-05-18
415,개인,충청남도 청양군 대치면 형산리 234,0,0,0,2026-05-18
416,개인,충청남도 청양군 청양읍 장승리 409-2,8,0,0,2026-05-18
417,개인,충청남도 청양군 목면 화양리 188,10,0,0,2026-05-18
418,개인,충청남도 청양군 목면 대평리 506,3,0,0,2026-05-18
419,개인,충청남도 청양군 비봉면 장재리 215,0,0,0,2026-05-18
420,개인,충청남도 청양군 정산면 해남리 121-6,46,0,0,2026-05-18
421,개인,충청남도 청양군 청양읍 장승리 81-2,8,0,0,2026-05-18
422,개인,충청남도 청양군 비봉면 강정리 506-2,7,0,0,2026-05-18
423,개인,충청남도 청양군 정산면 와촌리 178,30,0,0,2026-05-18
424,개인,충청남도 청양군 비봉면 록평리 257-8,6,0,0,2026-05-18
425,개인,충청남도 청양군 청남면 대흥리 170,1,0,0,2026-05-18
426,개인,충청남도 청양군 정산면 남천리 209-2,24,0,0,2026-05-18
427,개인,충청남도 청양군 청양읍 학당리 24,2,0,0,2026-05-18
428,개인,충청남도 청양군 장평면 죽림리 188-4,23,0,0,2026-05-18
429,개인,충청남도 청양군 화성면 구재리 227-5,2,0,0,2026-05-18
430,개인,충청남도 청양군 청남면 지곡리 467-8,1,0,0,2026-05-18
431,개인,충청남도 청양군 장평면 화산리 328,0,0,0,2026-05-18
432,개인,충청남도 청양군 비봉면 장재리 243,0,0,0,2026-05-18
433,개인,충청남도 청양군 청양읍 학당리 499,3,0,0,2026-05-18
434,개인,충청남도 청양군 장평면 락지리 326-1,0,0,0,2026-05-18
435,개인,충청남도 청양군 화성면 신정리 386,14,0,0,2026-05-18
436,개인,충청남도 청양군 청양읍 장승리 122,45,0,0,2026-05-18
437,개인,충청남도 청양군 청양읍 학당리 131,4,0,0,2026-05-18
438,개인,충청남도 청양군 비봉면 강정리 277-16,37,0,0,2026-05-18
439,개인,충청남도 청양군 운곡면 영양리 7-2,22,0,0,2026-05-18
440,개인,충청남도 청양군 운곡면 위라리 683,4,0,0,2026-05-18
441,개인,충청남도 청양군 장평면 분향리 853-1,87,0,0,2026-05-18
442,개인,충청남도 청양군 청양읍 학당리 109-2,109,8,17,2026-05-18
443,개인,충청남도 청양군 청양읍 장승리 224,22,0,0,2026-05-18
444,개인,충청남도 청양군 장평면 구룡리 276-5,26,0,0,2026-05-18
445,개인,충청남도 청양군 정산면 내초리 4,14,0,0,2026-05-18
446,개인,충청남도 청양군 장평면 적곡리 290,8,0,0,2026-05-18
447,개인,충청남도 청양군 운곡면 영양리 243,26,0,0,2026-05-18
448,개인,충청남도 청양군 청양읍 송방리 7,27,0,0,2026-05-18
449,개인,충청남도 청양군 화성면 화암리 391,3,0,0,2026-05-18
450,개인,충청남도 청양군 화성면 장계리 403-3,6,0,0,2026-05-18
451,개인,충청남도 청양군 목면 송암리 185-1,0,0,0,2026-05-18
452,개인,충청남도 청양군 비봉면 양사리 615,103,0,0,2026-05-18
453,개인,충청남도 청양군 남양면 온암리 508-2,15,0,0,2026-05-18
454,개인,충청남도 청양군 목면 대평리 689-1,9,0,0,2026-05-18
455,개인,충청남도 청양군 정산면 와촌리 94-3,26,0,0,2026-05-18
456,개인,충청남도 청양군 목면 대평리 378-3,17,0,0,2026-05-18
457,개인,충청남도 청양군 청남면 아산리 598-12,124,0,0,2026-05-18
458,개인,충청남도 청양군 청남면 지곡리 700-1,25,0,0,2026-05-18
459,개인,충청남도 청양군 운곡면 미량리 1058,56,0,0,2026-05-18
460,개인,충청남도 청양군 대치면 대치면 ,1,0,0,2026-05-18
461,개인,충청남도 청양군 정산면 남천리 321,20,0,0,2026-05-18
462,개인,충청남도 청양군 운곡면 영양리 1264-4,72,0,0,2026-05-18
463,개인,충청남도 청양군 대치면 주정리 350,15,0,0,2026-05-18
464,개인,충청남도 청양군 비봉면 장재리 569-1,0,0,0,2026-05-18
465,개인,충청남도 청양군 운곡면 미량리 320,7,0,0,2026-05-18
466,개인,충청남도 청양군 목면 본의리 97-2,11,0,0,2026-05-18
467,개인,충청남도 청양군 남양면 신왕리 666-21,13,0,0,2026-05-18
468,개인,충청남도 청양군 목면 화양리 1173,127,0,0,2026-05-18
469,개인,충청남도 청양군 장평면 죽림리 143,56,0,0,2026-05-18
470,개인,충청남도 청양군 운곡면 미량리 1068-6,45,0,0,2026-05-18
471,개인,충청남도 청양군 청남면 지곡리 288-5,0,0,0,2026-05-18
472,개인,충청남도 청양군 목면 대평리 526-9,47,0,0,2026-05-18
473,개인,충청남도 청양군 화성면 광평리 50,12,0,0,2026-05-18
474,개인,충청남도 청양군 청남면 상장리 675-3,39,0,0,2026-05-18
475,개인,충청남도 청양군 정산면 용두리 354-4,0,0,0,2026-05-18
476,개인,충청남도 청양군 청남면 지곡리 689-10,38,0,0,2026-05-18
477,개인,충청남도 청양군 운곡면 영양리 893,8,0,0,2026-05-18
478,개인,충청남도 청양군 비봉면 양사리 665,5,0,0,2026-05-18
479,개인,충청남도 청양군 정산면 마치리 450-3,6,0,0,2026-05-18
480,개인,충청남도 청양군 운곡면 미량리 1060-2,144,0,0,2026-05-18
481,개인,충청남도 청양군 비봉면 양사리 657,6,0,0,2026-05-18
482,개인,충청남도 청양군 청남면 중산리 788-8,81,0,0,2026-05-18
483,개인,충청남도 청양군 화성면 화암리 479,23,0,0,2026-05-18
484,개인,충청남도 청양군 목면 화양리 1045-7,285,0,0,2026-05-18
485,개인,충청남도 청양군 청양읍 학당리 123-2,7,0,0,2026-05-18
486,개인,충청남도 청양군 청남면 지곡리 292-6,8,0,0,2026-05-18
487,개인,충청남도 청양군 운곡면 추광리 397,0,0,0,2026-05-18
488,개인,충청남도 청양군 청양읍 학당리 623-6,9,0,0,2026-05-18
489,개인,충청남도 청양군 장평면 중추리 645-9,133,0,0,2026-05-18
490,개인,충청남도 청양군 비봉면 장재리 산24-13,38,0,0,2026-05-18
491,개인,충청남도 청양군 목면 화양리 1067-1,263,0,0,2026-05-18
492,개인,충청남도 청양군 청남면 청소리 657-2,96,0,0,2026-05-18
493,개인,충청남도 청양군 목면 화양리 1048-2,243,0,0,2026-05-18
494,개인,충청남도 청양군 화성면 용당리 487,9,0,0,2026-05-18
495,개인,충청남도 청양군 남양면 대봉리 629-1,8,0,0,2026-05-18
496,개인,충청남도 청양군 비봉면 중묵리 522-1,0,0,0,2026-05-18
497,개인,충청남도 청양군 청남면 왕진리 898-1,1,0,0,2026-05-18
498,개인,충청남도 청양군 청남면 상장리 648-1,42,0,0,2026-05-18
499,개인,충청남도 청양군 청남면 지곡리 467-8,0,0,0,2026-05-18
500,개인,충청남도 청양군 정산면 마치리 499-1,39,0,0,2026-05-18
501,개인,충청남도 청양군 정산면 광생리 389-6,213,0,0,2026-05-18
502,개인,충청남도 청양군 대치면 이화리 488,5,0,0,2026-05-18
503,개인,충청남도 청양군 정산면 역촌리 118,28,0,0,2026-05-18
504,개인,충청남도 청양군 화성면 신정리 622-10,111,0,0,2026-05-18
505,개인,충청남도 청양군 대치면 시전리 491-4,8,0,0,2026-05-18
506,개인,충청남도 청양군 운곡면 광암리 374-1,71,0,0,2026-05-18
507,개인,충청남도 청양군 목면 대평리 123-4,6,0,0,2026-05-18
508,개인,충청남도 청양군 비봉면 중묵리 608-4,10,0,0,2026-05-18
509,개인,충청남도 청양군 운곡면 영양리 1238-8,10,0,0,2026-05-18
510,개인,충청남도 청양군 장평면 관현리 215-1,5,0,0,2026-05-18
511,개인,충청남도 청양군 화성면 신정리 525,6,0,0,2026-05-18
512,개인,충청남도 청양군 장평면 미당리 17,9,0,0,2026-05-18
513,개인,충청남도 청양군 비봉면 양사리 255-2,6,0,0,2026-05-18
514,개인,충청남도 청양군 남양면 온암리 323,2,0,0,2026-05-18
515,개인,충청남도 청양군 청양읍 학당리 64-2,25,0,0,2026-05-18
516,개인,충청남도 청양군 비봉면 방한리 1026-9,28,0,0,2026-05-18
517,개인,충청남도 청양군 대치면 주정리 147-2,12,0,0,2026-05-18
518,개인,충청남도 청양군 화성면 농암리 453,0,0,0,2026-05-18
519,개인,충청남도 청양군 비봉면 양사리 580-1,0,0,0,2026-05-18
520,개인,충청남도 청양군 비봉면 중묵리 114-1,69,0,0,2026-05-18
521,개인,충청남도 청양군 장평면 화산리 ,1,0,0,2026-05-18
522,개인,충청남도 청양군 청남면 중산리 766-11,34,0,0,2026-05-18
523,개인,충청남도 청양군 목면 대평리 26-1,0,0,0,2026-05-18
524,개인,충청남도 청양군 비봉면 장재리 568-13,49,0,0,2026-05-18
525,개인,충청남도 청양군 정산면 남천리 343-1,35,0,0,2026-05-18
526,개인,충청남도 청양군 장평면 적곡리 271-1,78,0,0,2026-05-18
527,개인,충청남도 청양군 비봉면 중묵리 15-1,12,0,0,2026-05-18
528,개인,충청남도 청양군 목면 본의리 378-1,18,0,0,2026-05-18
529,개인,충청남도 청양군 장평면 죽림리 268,23,0,0,2026-05-18
530,개인,충청남도 청양군 남양면 온암리 424,95,0,0,2026-05-18
531,개인,충청남도 청양군 정산면 역촌리 791,7,0,0,2026-05-18
532,개인,충청남도 청양군 청양읍 적누리 137-6,10,0,0,2026-05-18
533,개인,충청남도 청양군 목면 안심리 436,0,0,0,2026-05-18
534,개인,충청남도 청양군 장평면 은곡리 419,1,0,0,2026-05-18
535,개인,충청남도 청양군 장평면 지천리 32,2,0,0,2026-05-18
536,개인,충청남도 청양군 운곡면 광암리 45,10,0,0,2026-05-18
537,개인,충청남도 청양군 정산면 남천리 189-1,18,0,0,2026-05-18
538,개인,충청남도 청양군 목면 송암리 315,7,0,0,2026-05-18
539,개인,충청남도 청양군 청양읍 학당리 169-4,0,0,0,2026-05-18
540,개인,충청남도 청양군 운곡면 광암리 480,6,0,0,2026-05-18
541,개인,충청남도 청양군 화성면 구재리 20,0,0,0,2026-05-18
542,개인,충청남도 청양군 장평면 구룡리 137,0,0,0,2026-05-18
543,개인,충청남도 청양군 정산면 백곡리 576-1,0,0,0,2026-05-18
544,개인,충청남도 청양군 비봉면 중묵리 18,0,0,0,2026-05-18
545,개인,충청남도 청양군 화성면 매산리 365,8,0,0,2026-05-18
546,개인,충청남도 청양군 운곡면 영양리 575-1,4,0,0,2026-05-18
547,개인,충청남도 청양군 운곡면 광암리 682-1,7,0,0,2026-05-18
548,개인,충청남도 청양군 목면 안심리 561-2,0,0,0,2026-05-18
549,개인,충청남도 청양군 운곡면 영양리 508-9,0,0,0,2026-05-18
550,개인,충청남도 청양군 정산면 광생리 377-15,0,0,0,2026-05-18
551,개인,충청남도 청양군 비봉면 양사리 171-2,16,0,0,2026-05-18
552,개인,충청남도 청양군 화성면 장계리 216,14,0,0,2026-05-18
553,개인,충청남도 청양군 운곡면 광암리 281-4,15,0,0,2026-05-18
554,개인,충청남도 청양군 비봉면 방한리 1026-5,76,0,0,2026-05-18
555,개인,충청남도 청양군 청양읍 적누리 71,5,0,0,2026-05-18
556,개인,충청남도 청양군 남양면 신왕리 35-19,26,0,0,2026-05-18
557,개인,충청남도 청양군 남양면 봉암리 580-2,16,0,0,2026-05-18
558,개인,충청남도 청양군 장평면 중추리 645-10,119,0,0,2026-05-18
559,개인,충청남도 청양군 장평면 적곡리 345,11,0,0,2026-05-18
560,개인,충청남도 청양군 비봉면 양사리 163-7,12,0,0,2026-05-18
561,개인,충청남도 청양군 운곡면 미량리 1070-4,96,0,0,2026-05-18
562,개인,충청남도 청양군 화성면 용당리 146,7,0,0,2026-05-18
563,개인,충청남도 청양군 비봉면 사점리 83-1,8,0,0,2026-05-18
564,개인,충청남도 청양군 장평면 장평면 ,47,0,0,2026-05-18
565,개인,충청남도 청양군 비봉면 용천리 53,14,0,0,2026-05-18
566,개인,충청남도 청양군 남양면 온직리 598,2,0,0,2026-05-18
567,개인,충청남도 청양군 정산면 학암리 159,231,0,0,2026-05-18
568,개인,충청남도 청양군 비봉면 비봉면 ,2,0,0,2026-05-18
569,개인,충청남도 청양군 목면 목면 ,0,0,0,2026-05-18
570,개인,충청남도 청양군 남양면 봉암리 345-1,0,0,0,2026-05-18
571,개인,충청남도 청양군 운곡면 미량리 222-1,55,0,0,2026-05-18
572,개인,충청남도 청양군 목면 본의리 122-3,21,0,0,2026-05-18
573,개인,충청남도 청양군 남양면 대봉리 673-2,80,0,0,2026-05-18
574,개인,충청남도 청양군 장평면 구룡리 505-2,5,0,0,2026-05-18
575,개인,충청남도 청양군 대치면 탄정리 225-1,79,0,0,2026-05-18
576,개인,충청남도 청양군 목면 대평리 712-7,2,0,0,2026-05-18
577,개인,충청남도 청양군 운곡면 위라리 680-2,10,0,0,2026-05-18
578,개인,충청남도 청양군 목면 화양리 1056-7,76,0,0,2026-05-18
579,개인,충청남도 청양군 장평면 지천리 249-1,4,0,0,2026-05-18
580,개인,충청남도 청양군 비봉면 강정리 45,0,0,0,2026-05-18
581,개인,충청남도 청양군 화성면 신정리 403,0,0,0,2026-05-18
582,개인,충청남도 청양군 남양면 구룡리 53-3,30,0,0,2026-05-18
583,개인,충청남도 청양군 화성면 신정리 534,0,0,0,2026-05-18
584,개인,충청남도 청양군 목면 안심리 793-4,122,0,0,2026-05-18
585,개인,충청남도 청양군 화성면 기덕리 378-21,38,0,0,2026-05-18
586,개인,충청남도 청양군 장평면 죽림리 산13,4,0,0,2026-05-18
587,개인,충청남도 청양군 남양면 흥산리 602-1,41,0,0,2026-05-18
588,개인,충청남도 청양군 운곡면 영양리 844,54,0,0,2026-05-18
589,개인,충청남도 청양군 운곡면 영양리 193-3,9,0,0,2026-05-18
590,개인,충청남도 청양군 청남면 내직리 364-2,1,0,0,2026-05-18
591,개인,충청남도 청양군 남양면 흥산리 496,18,0,0,2026-05-18
592,개인,충청남도 청양군 청남면 대흥리 617-3,90,0,0,2026-05-18
593,개인,충청남도 청양군 목면 화양리 1047-5,114,0,0,2026-05-18
594,개인,충청남도 청양군 목면 화양리 1053-4,111,0,0,2026-05-18
595,개인,충청남도 청양군 운곡면 위라리 963-8,124,0,0,2026-05-18
596,개인,충청남도 청양군 남양면 온암리 490-1,20,0,0,2026-05-18
597,개인,충청남도 청양군 목면 송암리 342-5,9,0,0,2026-05-18
598,개인,충청남도 청양군 장평면 분향리 910,4,0,0,2026-05-18
599,개인,충청남도 청양군 청남면 청소리 656-1,34,0,0,2026-05-18
600,개인,충청남도 청양군 운곡면 미량리 726-2,3,0,0,2026-05-18
601,개인,충청남도 청양군 장평면 지천리 37,3,0,0,2026-05-18
602,개인,충청남도 청양군 대치면 탄정리 449-1,34,0,0,2026-05-18
603,개인,충청남도 청양군 장평면 분향리 832-9,80,0,0,2026-05-18
604,개인,충청남도 청양군 남양면 백금리 26-12,71,0,0,2026-05-18
605,개인,충청남도 청양군 정산면 와촌리 38,12,0,0,2026-05-18
606,개인,충청남도 청양군 목면 대평리 15-1,0,0,0,2026-05-18
607,개인,충청남도 청양군 정산면 남천리 55-1,1,0,0,2026-05-18
608,개인,충청남도 청양군 장평면 화산리 247,28,0,0,2026-05-18
609,개인,충청남도 청양군 청남면 상장리 182,44,0,0,2026-05-18
610,개인,충청남도 청양군 정산면 학암리 392,2,0,0,2026-05-18
611,개인,충청남도 청양군 운곡면 영양리 839,15,0,0,2026-05-18
612,개인,충청남도 청양군 장평면 화산리 49-1,1,0,0,2026-05-18
613,개인,충청남도 청양군 청양읍 벽천리 192-14,4,0,0,2026-05-18
614,개인,충청남도 청양군 정산면 백곡리 558-1,3,0,0,2026-05-18
615,개인,충청남도 청양군 장평면 중추리 206,10,0,0,2026-05-18
616,개인,충청남도 청양군 청양읍 장승리 ,9,0,0,2026-05-18
617,개인,충청남도 청양군 장평면 분향리 163-3,5,0,0,2026-05-18
618,개인,충청남도 청양군 장평면 분향리 373,5,0,0,2026-05-18
619,개인,충청남도 청양군 목면 대평리 713-4,104,0,0,2026-05-18
620,개인,충청남도 청양군 남양면 용두리 190,98,0,0,2026-05-18
621,개인,충청남도 청양군 대치면 형산리 166,106,0,0,2026-05-18
622,개인,충청남도 청양군 청양읍 장승리 119-15,26,0,0,2026-05-18
623,개인,충청남도 청양군 대치면 시전리 715,118,0,0,2026-05-18
624,개인,충청남도 청양군 장평면 적곡리 355-1,21,0,0,2026-05-18
625,개인,충청남도 청양군 비봉면 사점리 152-1,20,0,0,2026-05-18
626,개인,충청남도 청양군 비봉면 장재리 215,0,0,0,2026-05-18
627,개인,충청남도 청양군 비봉면 록평리 96-1,18,0,0,2026-05-18
628,개인,충청남도 청양군 장평면 관현리 537,7,0,0,2026-05-18
629,개인,충청남도 청양군 정산면 와촌리 196-2,34,0,0,2026-05-18
630,개인,충청남도 청양군 청양읍 정좌리 355-5,13,0,0,2026-05-18
631,개인,충청남도 청양군 정산면 송학리 295-6,18,0,0,2026-05-18
632,개인,충청남도 청양군 남양면 용마리 534,26,0,0,2026-05-18
633,개인,충청남도 청양군 비봉면 신원리 287-2,0,0,0,2026-05-18
634,개인,충청남도 청양군 장평면 관현리 83-7,143,0,0,2026-05-18
635,개인,충청남도 청양군 정산면 정산면 ,1,0,0,2026-05-18
636,개인,충청남도 청양군 장평면 락지리 337,2,0,0,2026-05-18
637,개인,충청남도 청양군 화성면 수정리 170,0,0,0,2026-05-18
638,개인,충청남도 청양군 화성면 산정리 411-1,0,0,0,2026-05-18
639,개인,충청남도 청양군 목면 본의리 341,3,0,0,2026-05-18
640,개인,충청남도 청양군 청남면 중산리 502-1,0,0,0,2026-05-18
641,개인,충청남도 청양군 청양읍 장승리 281-1,29,0,0,2026-05-18
642,개인,충청남도 청양군 장평면 화산리 160,41,0,0,2026-05-18
643,개인,충청남도 청양군 운곡면 위라리 778,0,0,0,2026-05-18
644,개인,충청남도 청양군 청양읍 적누리 337-4,8,0,0,2026-05-18
645,개인,충청남도 청양군 목면 대평리 310-4,0,0,0,2026-05-18
646,개인,충청남도 청양군 운곡면 광암리 517-5,16,0,0,2026-05-18
647,개인,충청남도 청양군 비봉면 강정리 612-1,6,0,0,2026-05-18
648,개인,충청남도 청양군 남양면 신왕리 379,0,0,0,2026-05-18
649,개인,충청남도 청양군 장평면 미당리 86-13,0,0,0,2026-05-18
650,개인,충청남도 청양군 비봉면 관산리 204,8,0,0,2026-05-18
651,개인,충청남도 청양군 운곡면 광암리 589-1,8,0,0,2026-05-18
652,개인,충청남도 청양군 장평면 은곡리 378-1,18,0,0,2026-05-18
653,개인,충청남도 청양군 청양읍 청수리 228-5,5,0,0,2026-05-18
654,개인,충청남도 청양군 정산면 해남리 341-2,5,0,0,2026-05-18
655,개인,충청남도 청양군 운곡면 미량리 581,0,0,0,2026-05-18
656,개인,충청남도 청양군 화성면 화암리 445,3,0,0,2026-05-18
657,개인,충청남도 청양군 청남면 청소리 196-2,0,0,0,2026-05-18
658,개인,충청남도 청양군 비봉면 비봉면 ,0,0,0,2026-05-18
659,개인,충청남도 청양군 장평면 은곡리 ,7,0,0,2026-05-18
660,개인,충청남도 청양군 남양면 용두리 250,29,0,0,2026-05-18
661,개인,충청남도 청양군 대치면 수석리 357-1,7,0,0,2026-05-18
662,개인,충청남도 청양군 장평면 은곡리 36,24,0,0,2026-05-18
663,개인,충청남도 청양군 정산면 백곡리 492-1,45,0,0,2026-05-18
664,개인,충청남도 청양군 비봉면 신원리 122-2,27,0,0,2026-05-18
665,개인,충청남도 청양군 청양읍 청수리 8,177,0,0,2026-05-18
666,개인,충청남도 청양군 운곡면 위라리 산39,126,0,0,2026-05-18
667,개인,충청남도 청양군 청남면 아산리 274-1,36,0,0,2026-05-18
668,개인,충청남도 청양군 비봉면 양사리 247-1,34,0,0,2026-05-18
669,개인,충청남도 청양군 청남면 아산리 9-1,36,0,0,2026-05-18
670,개인,충청남도 청양군 정산면 용두리 16,46,0,0,2026-05-18
671,개인,충청남도 청양군 비봉면 용천리 1,0,0,0,2026-05-18
672,개인,충청남도 청양군 목면 화양리 1046-12,58,0,0,2026-05-18
673,개인,충청남도 청양군 운곡면 광암리 728,8,0,0,2026-05-18
674,개인,충청남도 청양군 청남면 상장리 676-5,44,0,0,2026-05-18
675,개인,충청남도 청양군 비봉면 양사리 643,0,0,0,2026-05-18
676,개인,충청남도 청양군 장평면 화산리 336,2,0,0,2026-05-18
677,개인,충청남도 청양군 운곡면 신대리 191-2,6,0,0,2026-05-18
678,개인,충청남도 청양군 운곡면 광암리 277-6,0,0,0,2026-05-18
679,개인,충청남도 청양군 비봉면 사점리 495-2,146,0,0,2026-05-18
680,개인,충청남도 청양군 장평면 관현리 529,1,0,0,2026-05-18
681,개인,충청남도 청양군 장평면 락지리 258-6,10,0,0,2026-05-18
682,개인,충청남도 청양군 목면 화양리 1051-4,80,0,0,2026-05-18
683,개인,충청남도 청양군 목면 대평리 714-5,60,0,0,2026-05-18
684,개인,충청남도 청양군 남양면 흥산리 422,5,0,0,2026-05-18
685,개인,충청남도 청양군 운곡면 미량리 535-2,0,0,0,2026-05-18
686,개인,충청남도 청양군 비봉면 중묵리 527-1,9,0,0,2026-05-18
687,개인,충청남도 청양군 장평면 화산리 92,3,0,0,2026-05-18
688,개인,충청남도 청양군 청양읍 적누리 99-3,17,0,0,2026-05-18
689,개인,충청남도 청양군 목면 대평리 689-2,162,0,0,2026-05-18
690,개인,충청남도 청양군 운곡면 미량리 1060-1,111,0,0,2026-05-18
691,개인,충청남도 청양군 운곡면 미량리 1068-4,60,0,0,2026-05-18
692,개인,충청남도 청양군 정산면 덕성리 318,6,0,0,2026-05-18
693,개인,충청남도 청양군 청양읍 학당리 52-1,8,0,0,2026-05-18
694,개인,충청남도 청양군 청남면 왕진리 898-13,19,0,0,2026-05-18
695,개인,충청남도 청양군 장평면 구룡리 73-6,126,0,0,2026-05-18
696,개인,충청남도 청양군 정산면 광생리 385-9,54,0,0,2026-05-18
697,개인,충청남도 청양군 장평면 구룡리 50-12,26,0,0,2026-05-18
698,개인,충청남도 청양군 청양읍 벽천리 629-1,162,0,0,2026-05-18
699,개인,충청남도 청양군 화성면 화암리 374-1,3,0,0,2026-05-18
700,개인,충청남도 청양군 목면 화양리 1044-13,143,0,0,2026-05-18
701,개인,충청남도 청양군 정산면 해남리 419,0,0,0,2026-05-18
702,개인,충청남도 청양군 정산면 마치리 83-2,5,0,0,2026-05-18
703,개인,충청남도 청양군 장평면 중추리 425-1,0,0,0,2026-05-18
704,개인,충청남도 청양군 정산면 백곡리 492-1,75,0,0,2026-05-18
705,개인,충청남도 청양군 장평면 화산리 93,0,0,0,2026-05-18
706,개인,충청남도 청양군 청남면 동강리 13,0,0,0,2026-05-18
707,개인,충청남도 청양군 청남면 상장리 8-1,18,0,0,2026-05-18
708,개인,충청남도 청양군 청남면 중산리 788-11,139,0,0,2026-05-18
709,개인,충청남도 청양군 청양읍 학당리 132,0,0,0,2026-05-18
710,개인,충청남도 청양군 청양읍 벽천리 625-2,194,0,0,2026-05-18
711,개인,충청남도 청양군 비봉면 용천리 419-1,0,0,0,2026-05-18
712,개인,충청남도 청양군 목면 화양리 1046-9,61,0,0,2026-05-18
713,개인,충청남도 청양군 목면 화양리 1045-2,192,0,0,2026-05-18
714,개인,충청남도 청양군 목면 화양리 5,93,0,0,2026-05-18
715,개인,충청남도 청양군 청남면 지곡리 702-5,33,0,0,2026-05-18
716,개인,충청남도 청양군 남양면 대봉리 220-17,25,0,0,2026-05-18
717,개인,충청남도 청양군 청양읍 백천리 310-2,4,0,0,2026-05-18
718,개인,충청남도 청양군 운곡면 위라리 295-1,9,0,0,2026-05-18
719,개인,충청남도 청양군 장평면 관현리 476-1,21,0,0,2026-05-18
720,개인,충청남도 청양군 운곡면 신대리 138,8,0,0,2026-05-18
721,개인,충청남도 청양군 대치면 시전리 379,0,0,0,2026-05-18
722,개인,충청남도 청양군 운곡면 효제리 706,9,0,0,2026-05-18
723,개인,충청남도 청양군 장평면 분향리 163-8,10,0,0,2026-05-18
724,개인,충청남도 청양군 운곡면 미량리 230,0,0,0,2026-05-18
725,개인,충청남도 청양군 청양읍 군량리 19-1,4,0,0,2026-05-18
726,개인,충청남도 청양군 장평면 은곡리 146-2,6,0,0,2026-05-18
727,개인,충청남도 청양군 청남면 지곡리 475-1,27,0,0,2026-05-18
728,개인,충청남도 청양군 화성면 매산리 110,34,0,0,2026-05-18
729,개인,충청남도 청양군 비봉면 신원리 122-2,2,0,0,2026-05-18
730,개인,충청남도 청양군 화성면 신정리 555,3,0,0,2026-05-18
731,개인,충청남도 청양군 목면 대평리 521,2,0,0,2026-05-18
732,개인,충청남도 청양군 비봉면 비봉면 ,0,0,0,2026-05-18
733,개인,충청남도 청양군 장평면 화산리 73-3,1,0,0,2026-05-18
734,개인,충청남도 청양군 정산면 대박리 446-4,31,0,0,2026-05-18
735,개인,충청남도 청양군 장평면 죽림리 219,1,0,0,2026-05-18
736,개인,충청남도 청양군 남양면 신왕리 68-9,25,0,0,2026-05-18
737,개인,충청남도 청양군 비봉면 강정리 223-5,1,0,0,2026-05-18
738,개인,충청남도 청양군 운곡면 미량리 767,36,0,0,2026-05-18
739,개인,충청남도 청양군 운곡면 추광리 600-1,6,0,0,2026-05-18
740,개인,충청남도 청양군 비봉면 장재리 120,16,0,0,2026-05-18
741,개인,충청남도 청양군 운곡면 위라리 751,89,0,0,2026-05-18
742,개인,충청남도 청양군 정산면 송학리 171-1,11,0,0,2026-05-18
743,개인,충청남도 청양군 정산면 송학리 293,30,0,0,2026-05-18
744,개인,충청남도 청양군 비봉면 양사리 908,11,0,0,2026-05-18
745,개인,충청남도 청양군 남양면 구룡리 85-1,31,0,0,2026-05-18
746,개인,충청남도 청양군 장평면 화산리 430,0,0,0,2026-05-18
747,개인,충청남도 청양군 운곡면 미량리 297,15,0,0,2026-05-18
748,개인,충청남도 청양군 청양읍 교월리 20,2,0,0,2026-05-18
749,개인,충청남도 청양군 장평면 은곡리 117,6,0,0,2026-05-18
750,개인,충청남도 청양군 목면 대평리 99,11,0,0,2026-05-18
751,개인,충청남도 청양군 청양읍 청수리 255-4,7,0,0,2026-05-18
752,개인,충청남도 청양군 남양면 용마리 463,22,0,0,2026-05-18
753,개인,충청남도 청양군 청양읍 군량리 549-2,17,0,0,2026-05-18
754,개인,충청남도 청양군 장평면 중추리 247,37,0,0,2026-05-18
755,개인,충청남도 청양군 정산면 광생리 281-2,0,0,0,2026-05-18
756,개인,충청남도 청양군 비봉면 강정리 412-3,0,0,0,2026-05-18
757,개인,충청남도 청양군 운곡면 위라리 731,0,0,0,2026-05-18
758,개인,충청남도 청양군 운곡면 미량리 689-1,0,0,0,2026-05-18
759,개인,충청남도 청양군 운곡면 추광리 248,3,0,0,2026-05-18
760,개인,충청남도 청양군 운곡면 효제리 340,0,0,0,2026-05-18
761,개인,충청남도 청양군 대치면 광금리 165,13,0,0,2026-05-18
762,개인,충청남도 청양군 정산면 내초리 270-2,5,0,0,2026-05-18
763,개인,충청남도 청양군 대치면 상갑리 526,76,0,0,2026-05-18
764,개인,충청남도 청양군 청양읍 장승리 500-2,3,0,0,2026-05-18
765,개인,충청남도 청양군 비봉면 신원리 759-1,30,0,0,2026-05-18
766,개인,충청남도 청양군 비봉면 용천리 254-8,20,0,0,2026-05-18
767,개인,충청남도 청양군 비봉면 장재리 210,113,0,0,2026-05-18
768,개인,충청남도 청양군 비봉면 장재리 213-3,11,0,0,2026-05-18
769,개인,충청남도 청양군 화성면 신정리 318-1,16,0,0,2026-05-18
770,개인,충청남도 청양군 운곡면 광암리 542-5,0,0,0,2026-05-18
771,개인,충청남도 청양군 장평면 은곡리 397,2,0,0,2026-05-18
772,개인,충청남도 청양군 운곡면 효제리 100,49,0,0,2026-05-18
773,개인,충청남도 청양군 정산면 신덕리 372-4,383,0,0,2026-05-18
774,개인,충청남도 청양군 청남면 지곡리 702-13,7,0,0,2026-05-18
775,개인,충청남도 청양군 장평면 분향리 992-6,47,0,0,2026-05-18
776,개인,충청남도 청양군 비봉면 중묵리 71,8,0,0,2026-05-18
777,개인,충청남도 청양군 남양면 용두리 482-4,75,0,0,2026-05-18
778,개인,충청남도 청양군 남양면 신왕리 721-3,46,0,0,2026-05-18
779,개인,충청남도 청양군 남양면 신왕리 39-1,0,0,0,2026-05-18
780,개인,충청남도 청양군 청남면 지곡리 291-7,71,0,0,2026-05-18
781,개인,충청남도 청양군 정산면 와촌리 89,22,0,0,2026-05-18
782,개인,충청남도 청양군 청양읍 적누리 446-1,82,0,1,2026-05-18
783,개인,충청남도 청양군 장평면 장평면 163-5,0,0,0,2026-05-18
784,개인,충청남도 청양군 정산면 신덕리 391-9,2,0,0,2026-05-18
785,개인,충청남도 청양군 운곡면 운곡면 ,4,0,0,2026-05-18
786,개인,충청남도 청양군 장평면 중추리 645-5,204,0,0,2026-05-18
787,개인,충청남도 청양군 청남면 천내리 840-1,25,0,0,2026-05-18
788,개인,충청남도 청양군 청양읍 장승리 130,18,0,0,2026-05-18
789,개인,충청남도 청양군 목면 화양리 1067-3,154,0,0,2026-05-18
790,개인,충청남도 청양군 청남면 상장리 676-7,15,0,0,2026-05-18
791,개인,충청남도 청양군 운곡면 추광리 385,31,0,0,2026-05-18
792,개인,충청남도 청양군 장평면 죽림리 8,0,0,0,2026-05-18
793,개인,충청남도 청양군 비봉면 강정리 680-62,31,0,0,2026-05-18
794,개인,충청남도 청양군 남양면 봉암리 산113-1,248,0,0,2026-05-18
795,개인,충청남도 청양군 운곡면 미량리 32,20,0,0,2026-05-18
796,개인,충청남도 청양군 정산면 해남리 267,168,0,0,2026-05-18
797,개인,충청남도 청양군 청양읍 정좌리 ,16,0,0,2026-05-18
798,개인,충청남도 청양군 남양면 온암리 278-1,2,0,0,2026-05-18
799,개인,충청남도 청양군 장평면 구룡리 58-12,47,0,0,2026-05-18
800,개인,충청남도 청양군 대치면 수석리 211,0,0,0,2026-05-18
801,개인,충청남도 청양군 장평면 락지리 64-1,0,0,0,2026-05-18
802,개인,충청남도 청양군 목면 화양리 1042-1,122,0,0,2026-05-18
803,개인,충청남도 청양군 대치면 오룡리 251,2,0,0,2026-05-18
804,개인,충청남도 청양군 정산면 남천리 332,9,0,0,2026-05-18
805,개인,충청남도 청양군 목면 화양리 1048-7,0,118,26,2026-05-18
806,개인,충청남도 청양군 남양면 대봉리 400-1,27,12,52,2026-05-18
807,개인,충청남도 청양군 청남면 왕진리 68-1,1,157,17,2026-05-18
808,개인,충청남도 청양군 운곡면 위라리 373-2,0,70,7,2026-05-18
809,개인,충청남도 청양군 청남면 왕진리 707,0,111,47,2026-05-18
810,개인,충청남도 청양군 남양면 온암리 492,1,70,14,2026-05-18
811,개인,충청남도 청양군 청양읍 학당리 189,5,0,0,2026-05-18
812,개인,충청남도 청양군 목면 화양리 1051-6,0,1,171,2026-05-18
813,개인,충청남도 청양군 운곡면 미량리 228,99,0,0,2026-05-18
814,개인,충청남도 청양군 목면 화양리 1177,0,0,223,2026-05-18
815,개인,충청남도 청양군 장평면 구룡리 69-17,5,0,33,2026-05-18
816,개인,충청남도 청양군 남양면 대봉리 573,0,0,0,2026-05-18
817,개인,충청남도 청양군 청남면 왕진리 890-9,0,111,1,2026-05-18
818,개인,충청남도 청양군 청남면 청소리 655-1,62,0,0,2026-05-18
819,개인,충청남도 청양군 청남면 청소리 658-3,58,0,0,2026-05-18
